sku,canonical_sku,legacy_sku_aliases,parent_sku,product_group_id,group_key,grouping_confidence,canonical_variant,variant_role,status,record_state,active,review_required,brand,catalog_line,category_primary,series,series_code,volume,work_title,product_kind,product_type,instrument,voice,transposition,register,clef,ensemble,scoring,voice_count,arrangement_variant,format,title_full,title_short,code_short,description,content_status,content_source,bullet_point_1,bullet_point_2,bullet_point_3,bullet_point_4,bullet_point_5,tags,price_net,vat_percent,price_gross,currency,price_source,stock_on_hand,stock_enabled,weight_grams,isbn13,isbn10,ean,asin,asin_source,asin_verified,fnsku,fnsku_status,amazon_seller_sku,amazon_status,amazon_product_type,amazon_product_id_type,amazon_product_id,amazon_fulfillment,amazon_quantity,amazon_title,amazon_item_name,amazon_description_html,sync_wix,wix_publish_eligible,wix_handle_id,wix_handle_ids_all,wix_visible,wix_collections,wix_media_urls,wix_description_html,sync_sevdesk,erp_category,sync_amazon,source_title_xlsx,source_title_wix,source_title_erp,title_source,source_of_truth,sot_row,sot_status,derived_from_sku,channel_cleanup_required,channel_cleanup_notes,conflict_flags,conflict_notes
XW-001,XW-001,,,dcc7123f-41f0-5c68-bbf1-4bb8b993a2cc,DIENSTLEISTUNG|versand ö,LOW,true,CANONICAL,live,EXTERNAL_ONLY,true,false,,Sonstige,Dienstleistung,,,,Versand Ö,SERVICE,physical,,,,,,,,,,PHYSICAL,Versand Ö,Versand Ö,VERSAND_OE,Versand Ö ist ein interner Dienstleistungs- bzw. Abrechnungsartikel im XW Product Hub.,AUTO_DRAFT,GENERATED,Format: PHYSICAL,Kategorie: Dienstleistung,,,,,3.55,10.00,3.91,EUR,ERP_NET,0.00,false,,,,,,,,,,,,,,,,,,,,false,false,,,,,,,true,Versandoption,false,,,Versand Ö,ERP_FALLBACK,,,EXTERNAL,,false,,,Operational/sevdesk-only item; intentionally not required in the sale catalog.
XW-002,XW-002,,,653a421b-cca8-5a44-a834-74d8b5c398d4,DIENSTLEISTUNG|gutschrift,LOW,true,CANONICAL,live,EXTERNAL_ONLY,true,false,,Sonstige,Dienstleistung,,,,Gutschrift,SCORE,physical,,,,,,,,,,PHYSICAL,Gutschrift,Gutschrift,GUTSCHRIFT,Gutschrift ist ein interner Dienstleistungs- bzw. Abrechnungsartikel im XW Product Hub.,AUTO_DRAFT,GENERATED,Format: PHYSICAL,Kategorie: Dienstleistung,,,,,0.00,10.00,0.00,EUR,ERP_NET,0.00,false,,,,,,,,,,,,,,,,,,,,false,false,,,,,,,true,Standard,false,,,Gutschrift,ERP_FALLBACK,,,EXTERNAL,,false,,,Operational/sevdesk-only item; intentionally not required in the sale catalog.
XW-003,XW-003,,,1297e37e-5b36-5b00-88d4-71a2f6156b00,DIENSTLEISTUNG|händler-versand ermäßigt ö,LOW,true,CANONICAL,live,EXTERNAL_ONLY,true,false,,Sonstige,Dienstleistung,,,,Händler-Versand ermäßigt Ö,SERVICE,physical,,,,,,,,,,PHYSICAL,Händler-Versand ermäßigt Ö,Händler-Versand ermäßigt Ö,HAENDLER_VERSAND_ERMAESSIGT,Händler-Versand ermäßigt Ö ist ein interner Dienstleistungs- bzw. Abrechnungsartikel im XW Product Hub.,AUTO_DRAFT,GENERATED,Format: PHYSICAL,Kategorie: Dienstleistung,,,,,3.00,10.00,3.30,EUR,ERP_NET,-3.00,true,,,,,,,,,,,,,,,,,,,,false,false,,,,,,,true,Versandoption,false,,,Händler-Versand ermäßigt Ö,ERP_FALLBACK,,,EXTERNAL,,false,,,Operational/sevdesk-only item; intentionally not required in the sale catalog.
XW-004,XW-004,,,7e49722f-b700-56ba-89b7-4b99ecce07c8,DIENSTLEISTUNG|ton- und bildaufnahme,LOW,true,CANONICAL,live,EXTERNAL_ONLY,true,false,,Sonstige,Dienstleistung,,,,Ton- und Bildaufnahme,SERVICE,physical,,,,,,,,,,PHYSICAL,Ton- und Bildaufnahme,Ton- und Bildaufnahme,TON_UND_BILDAUFNAHME,Ton- und Bildaufnahme ist ein interner Dienstleistungs- bzw. Abrechnungsartikel im XW Product Hub.,AUTO_DRAFT,GENERATED,Format: PHYSICAL,Kategorie: Dienstleistung,,,,,0.00,10.00,0.00,EUR,ERP_NET,0.00,true,,,,,,,,,,,,,,,,,,,,false,false,,,,,,,true,Künstlerischer Auftritt,false,,,Ton- und Bildaufnahme,ERP_FALLBACK,,,EXTERNAL,,false,,,Operational/sevdesk-only item; intentionally not required in the sale catalog.
XW-005,XW-005,,,d4816dfb-5e71-5fa2-931a-8ed419932af1,DIENSTLEISTUNG|express-versand,LOW,true,CANONICAL,live,EXTERNAL_ONLY,true,false,,Sonstige,Dienstleistung,,,,Express-Versand,SERVICE,physical,,,,,,,,,,PHYSICAL,Express-Versand,Express-Versand,EXPRESS_VERSAND,Express-Versand ist ein interner Dienstleistungs- bzw. Abrechnungsartikel im XW Product Hub.,AUTO_DRAFT,GENERATED,Format: PHYSICAL,Kategorie: Dienstleistung,,,,,5.36,10.00,5.90,EUR,ERP_NET,0.00,true,,,,,,,,,,,,,,,,,,,,false,false,,,,,,,true,Versandoption,false,,,Express-Versand,ERP_FALLBACK,,,EXTERNAL,,false,,,Operational/sevdesk-only item; intentionally not required in the sale catalog.
XW-006,XW-006,,,66f4e82b-fdaf-5934-b16d-f0ce3b5aa36d,DIENSTLEISTUNG|versand eu,LOW,true,CANONICAL,live,EXTERNAL_ONLY,true,false,,Sonstige,Dienstleistung,,,,Versand EU,SERVICE,physical,,,,,,,,,,PHYSICAL,Versand EU,Versand EU,VERSAND_EU,Versand EU ist ein interner Dienstleistungs- bzw. Abrechnungsartikel im XW Product Hub.,AUTO_DRAFT,GENERATED,Format: PHYSICAL,Kategorie: Dienstleistung,,,,,5.36,10.00,5.90,EUR,ERP_NET,-1.00,true,,,,,,,,,,,,,,,,,,,,false,false,,,,,,,true,Versandoption,false,,,Versand EU,ERP_FALLBACK,,,EXTERNAL,,false,,,Operational/sevdesk-only item; intentionally not required in the sale catalog.
XW-007,XW-007,,XW-1200,aaf07e00-f50e-5eeb-8d65-17da3f1be3f4,NOTEN|einzelstücke,LOW,false,FORMAT_VARIANT|LEGACY_VARIANT,live,ACTIVE,true,false,,Sonstige,Noten,,,,Einzelstücke,SCORE,digital,,,,,,,,,,PRINT_AT_HOME,Einzelstücke,Einzelstücke,EINZELSTUECKE_P,Einzelstücke ist eine Notenausgabe im XeisWorks-Produktkatalog.,AUTO_DRAFT,GENERATED,Format: PRINT_AT_HOME,Kategorie: Noten,,,,,13.55,10.00,14.91,EUR,ERP_NET,0.00,true,,,,,,,,,,,,,,,,,,,,false,true,,,,,,,true,XeisWorks_Print@Home,false,,,Einzelstücke,CHANNEL_TITLE_MATCH_TO_XLSX_SOT,Produktpalette(2).xlsx:XeisWorks,46,DERIVED_TITLE_MATCH,XW-1200,false,,,
XW-008,XW-008,,XW-200,22304ff1-bffd-5a04-81cf-618fd02de952,NOTEN|ersatzheft,LOW,false,LEGACY_VARIANT,live,ACTIVE,true,false,,Sonstige,Noten,,,,Ersatzheft,REPLACEMENT_BOOK,physical,,,,,,,,,,PHYSICAL,Ersatzheft,Ersatzheft,ERSATZHEFT,Ersatzheft ist eine Notenausgabe im XeisWorks-Produktkatalog.,AUTO_DRAFT,GENERATED,Format: PHYSICAL,Kategorie: Noten,,,,,12.00,10.00,13.20,EUR,ERP_NET,0.00,true,,,,,,,,,,,,,,,,,,,,false,true,,,,,,,true,XeisWorks_Hefte,false,,,Ersatzheft,CHANNEL_TITLE_MATCH_TO_XLSX_SOT,Produktpalette(2).xlsx:XeisWorks,6,DERIVED_TITLE_MATCH,XW-200,false,,,
XW-009,XW-009,,,4bc8f471-6a24-5663-91c5-c738fcecf28c,DIENSTLEISTUNG|transposition,LOW,true,CANONICAL,live,EXTERNAL_ONLY,true,false,,Sonstige,Dienstleistung,,,,Transposition,SERVICE,physical,,,,,,,,,,PHYSICAL,Transposition,Transposition,TRANSPOSITION,Transposition ist ein interner Dienstleistungs- bzw. Abrechnungsartikel im XW Product Hub.,AUTO_DRAFT,GENERATED,Format: PHYSICAL,Kategorie: Dienstleistung,,,,,50.00,10.00,55.00,EUR,ERP_NET,0.00,true,,,,,,,,,,,,,,,,,,,,false,false,,,,,,,true,Dienstleistung,false,,,Transposition,ERP_FALLBACK,,,EXTERNAL,,false,,,Operational/sevdesk-only item; intentionally not required in the sale catalog.
XW-010,XW-010,,,e2a7ddcc-e717-5012-87e0-72458fa61c2d,NOTEN|div. noten unveröffentlicht,MEDIUM,true,CANONICAL,live,EXTERNAL_ONLY,true,false,,Sonstige,Noten,,,,Div. Noten unveröffentlicht,SCORE,physical,,,,,,,,,,PHYSICAL,Div. Noten unveröffentlicht,Div. Noten unveröffentlicht,DIV_NOTEN_UNVEROEFFENTLICHT,Diverse Noten unveröffentlicht,SOURCE,WIX,Diverse Noten unveröffentlicht,,,,,B2B,45.00,10.00,49.50,EUR,ERP_NET,0.00,false,175.0,,,,,,,,,,,,,,,,,,,true,false,product_3f1065f7-27be-d9a6-dbf4-9a6e27cbfaa9,product_3f1065f7-27be-d9a6-dbf4-9a6e27cbfaa9,true,Unveröffentlicht|B2B,4f718e_1c736f0082fe401e8687d62563fdfdba~mv2.jpg,<p>Diverse Noten unveröffentlicht</p>,true,Unveröffentlichte Noten,false,,Diverse Noten unveröffentlicht,Div. Noten unveröffentlicht,ERP_FALLBACK,,,EXTERNAL,,false,,,Operational/sevdesk-only item; intentionally not required in the sale catalog.
XW-011,XW-011,,,e24d3612-8b3d-5a24-9da9-e7004028a329,NOTEN|div. noten nicht mehr erhältlich,MEDIUM,true,CANONICAL,live,EXTERNAL_ONLY,true,false,,Sonstige,Noten,,,,Div. Noten nicht mehr erhältlich,SCORE,physical,,,,,,,,,,PHYSICAL,Div. Noten nicht mehr erhältlich,Div. Noten nicht mehr erhältlich,DIV_NOTEN_NICHT_MEHR_ERHAELT,Diverse Noten eingestellt,SOURCE,WIX,Diverse Noten eingestellt,,,,,B2B,36.27,10.00,39.90,EUR,ERP_NET,0.00,true,175.0,,,,,,,,,,,,,,,,,,,true,false,product_62b061fc-f2b1-06e3-70f9-975fce024e38,product_62b061fc-f2b1-06e3-70f9-975fce024e38,true,Unveröffentlicht|B2B,4f718e_1c736f0082fe401e8687d62563fdfdba~mv2.jpg,<p>Diverse Noten eingestellt</p>,true,Unveröffentlichte Noten,false,,Diverse Noten eingestellt,Div. Noten nicht mehr erhältlich,ERP_FALLBACK,,,EXTERNAL,,false,,,Operational/sevdesk-only item; intentionally not required in the sale catalog.
XW-012,XW-012,,,1e1a2dfb-28a6-5ea8-8da2-c6e5bb368705,DIENSTLEISTUNG|transkription,LOW,true,CANONICAL,live,EXTERNAL_ONLY,true,false,,Sonstige,Dienstleistung,,,,Transkription,SERVICE,physical,,,,,,,,,,PHYSICAL,Transkription,Transkription,TRANSKRIPTION,Transkription ist ein interner Dienstleistungs- bzw. Abrechnungsartikel im XW Product Hub.,AUTO_DRAFT,GENERATED,Format: PHYSICAL,Kategorie: Dienstleistung,,,,,50.00,10.00,55.00,EUR,ERP_NET,0.00,true,,,,,,,,,,,,,,,,,,,,false,false,,,,,,,true,Dienstleistung,false,,,Transkription,ERP_FALLBACK,,,EXTERNAL,,false,,,Operational/sevdesk-only item; intentionally not required in the sale catalog.
XW-013,XW-013,,,b9000e6d-cd37-5595-a392-28a1f9c121ab,DIENSTLEISTUNG|händler-versand ermäßigt d,LOW,true,CANONICAL,live,EXTERNAL_ONLY,true,false,,Sonstige,Dienstleistung,,,,Händler-Versand ermäßigt D,SERVICE,physical,,,,,,,,,,PHYSICAL,Händler-Versand ermäßigt D,Händler-Versand ermäßigt D,HAENDLER_VERSAND_ERMAESSIGT,Händler-Versand ermäßigt D ist ein interner Dienstleistungs- bzw. Abrechnungsartikel im XW Product Hub.,AUTO_DRAFT,GENERATED,Format: PHYSICAL,Kategorie: Dienstleistung,,,,,5.00,10.00,5.50,EUR,ERP_NET,0.00,true,,,,,,,,,,,,,,,,,,,,false,false,,,,,,,true,Versandoption,false,,,Händler-Versand ermäßigt D,ERP_FALLBACK,,,EXTERNAL,,false,,,Operational/sevdesk-only item; intentionally not required in the sale catalog.
XW-014,XW-014,,,3d7861aa-3423-5f5d-a2ec-c2519a9441f2,DIENSTLEISTUNG|händlerversand ermäßigt eu,LOW,true,CANONICAL,live,EXTERNAL_ONLY,true,false,,Sonstige,Dienstleistung,,,,Händlerversand ermäßigt EU,SERVICE,physical,,,,,,,,,,PHYSICAL,Händlerversand ermäßigt EU,Händlerversand ermäßigt EU,HAENDLERVERSAND_ERMAESSIGT_E,Händlerversand ermäßigt EU ist ein interner Dienstleistungs- bzw. Abrechnungsartikel im XW Product Hub.,AUTO_DRAFT,GENERATED,Format: PHYSICAL,Kategorie: Dienstleistung,,,,,5.00,10.00,5.50,EUR,ERP_NET,-1.00,true,,,,,,,,,,,,,,,,,,,,false,false,,,,,,,true,Versandoption,false,,,Händlerversand ermäßigt EU,ERP_FALLBACK,,,EXTERNAL,,false,,,Operational/sevdesk-only item; intentionally not required in the sale catalog.
XW-015,XW-015,,,a4675125-7518-5754-9f0c-809494f2c634,DIENSTLEISTUNG|diverse noten bläser4tett,LOW,true,CANONICAL,live,EXTERNAL_ONLY,true,false,,Sonstige,Dienstleistung,,,,Diverse Noten Bläser4tett,SERVICE,physical,,,,,,,,,,PHYSICAL,Diverse Noten Bläser4tett,Diverse Noten Bläser4tett,DIVERSE_NOTEN_BLAESER4TETT,Diverse Noten Bläser4tett ist ein interner Dienstleistungs- bzw. Abrechnungsartikel im XW Product Hub.,AUTO_DRAFT,GENERATED,Format: PHYSICAL,Kategorie: Dienstleistung,,,,,150.00,10.00,165.00,EUR,ERP_NET,0.00,false,,,,,,,,,,,,,,,,,,,,false,false,,,,,,,true,Dienstleistung,false,,,Diverse Noten Bläser4tett,ERP_FALLBACK,,,EXTERNAL,,false,,,Operational/sevdesk-only item; intentionally not required in the sale catalog.
XW-016,XW-016,,,bc6f4bad-4dce-58ee-b524-5b2ab861c5a8,NOTEN|diverse noten kleine besetzung,LOW,true,CANONICAL,live,EXTERNAL_ONLY,true,false,,Sonstige,Noten,,,,Diverse Noten Kleine Besetzung,SCORE,digital,,,,,,Kleine Besetzung,,,,PRINT_AT_HOME,Diverse Noten Kleine Besetzung [Kleine Besetzung],Diverse Noten Kleine Besetzung [Kl.Bes.],DIVERSE_NOTEN_KLEINE_BESETZU_KB_P,Diverse Noten Kleine Besetzung [Kleine Besetzung] ist eine Notenausgabe im XeisWorks-Produktkatalog.,AUTO_DRAFT,GENERATED,Besetzung: Kleine Besetzung,Format: PRINT_AT_HOME,Kategorie: Noten,,,,175.00,10.00,192.50,EUR,ERP_NET,0.00,true,,,,,,,,,,,,,,,,,,,,false,false,,,,,,,true,XeisWorks_Print@Home,false,,,Diverse Noten Kleine Besetzung,ERP_FALLBACK,,,EXTERNAL,,false,,,Operational/sevdesk-only item; intentionally not required in the sale catalog.
XW-017,XW-017,,,1ce46127-52d7-58d9-9102-8d4a6d28c50f,NOTEN|stimme individuell,LOW,true,CANONICAL,review,REVIEW,true,true,,Sonstige,Noten,,,,Zusatzstimme individuell,SCORE,digital,,,,,,,,,,PRINT_AT_HOME,Stimme individuell,Stimme individuell,ZUSATZSTIMME_INDIVIDUELL_P,Stimme individuell ist eine Notenausgabe im XeisWorks-Produktkatalog.,AUTO_DRAFT,GENERATED,Format: PRINT_AT_HOME,Kategorie: Noten,,,,,4.55,10.00,5.01,EUR,ERP_NET,0.00,true,,,,,,,,,,,,,,,,,,,,false,true,,,,,,,true,XeisWorks_Print@Home,false,,,Zusatzstimme individuell,ERP_FALLBACK,,,EXTERNAL,,false,,SOT_GAP,Product-like channel item has no exact or safe title/category match in the XLSX SOT.
XW-018,XW-018,,,ea2af214-7aba-55be-8f01-711a95eee375,NOTEN|div. noten bläser5tett,LOW,true,CANONICAL,review,REVIEW,true,true,,Sonstige,Noten,,,,Div. Noten Bläser5tett,SCORE,digital,,,,,,,,,,PRINT_AT_HOME,Div. Noten Bläser5tett,Div. Noten Bläser5tett,DIV_NOTEN_BLAESER5TETT_P,Div. Noten Bläser5tett ist eine Notenausgabe im XeisWorks-Produktkatalog.,AUTO_DRAFT,GENERATED,Format: PRINT_AT_HOME,Kategorie: Noten,,,,,0.00,10.00,0.00,EUR,ERP_NET,0.00,true,,,,,,,,,,,,,,,,,,,,false,true,,,,,,,true,XeisWorks_Print@Home,false,,,Div. Noten Bläser5tett,ERP_FALLBACK,,,EXTERNAL,,false,,SOT_GAP,Product-like channel item has no exact or safe title/category match in the XLSX SOT.
XW-019,XW-019,,,63ccafba-e7e4-5318-bf37-5df092f8c989,DIENSTLEISTUNG|ct-azv-spesen (schweiz),LOW,true,CANONICAL,live,EXTERNAL_ONLY,true,false,,Sonstige,Dienstleistung,,,,CT-AZV-Spesen (Schweiz),SCORE,physical,,,,,,,,,,PHYSICAL,CT-AZV-Spesen (Schweiz),CT-AZV-Spesen (Schweiz),CT_AZV_SPESEN_SCHWEIZ,CT-AZV-Spesen (Schweiz) ist ein interner Dienstleistungs- bzw. Abrechnungsartikel im XW Product Hub.,AUTO_DRAFT,GENERATED,Format: PHYSICAL,Kategorie: Dienstleistung,,,,,3.18,10.00,3.50,EUR,ERP_NET,0.00,true,,,,,,,,,,,,,,,,,,,,false,false,,,,,,,true,Standard,false,,,CT-AZV-Spesen (Schweiz),ERP_FALLBACK,,,EXTERNAL,,false,,,Operational/sevdesk-only item; intentionally not required in the sale catalog.
XW-020,XW-020,,,5a42242a-9110-5c02-9dfe-53050dc98a50,DIENSTLEISTUNG|diverse noten tanzlmusi,LOW,true,CANONICAL,live,EXTERNAL_ONLY,true,false,,Sonstige,Dienstleistung,,,,Diverse Noten Tanzlmusi,SERVICE,physical,,,,,,,,,,PHYSICAL,Diverse Noten Tanzlmusi,Diverse Noten Tanzlmusi,DIVERSE_NOTEN_TANZLMUSI,Diverse Noten Tanzlmusi ist ein interner Dienstleistungs- bzw. Abrechnungsartikel im XW Product Hub.,AUTO_DRAFT,GENERATED,Format: PHYSICAL,Kategorie: Dienstleistung,,,,,218.18,10.00,240.00,EUR,ERP_NET,0.00,false,,,,,,,,,,,,,,,,,,,,false,false,,,,,,,true,Dienstleistung,false,,,Diverse Noten Tanzlmusi,ERP_FALLBACK,,,EXTERNAL,,false,,,Operational/sevdesk-only item; intentionally not required in the sale catalog.
XW-021,XW-021,,,c95c6577-1bc8-5751-a7a8-cc9b1b876a6d,NOTEN|diverse noten oberkrainer,LOW,true,CANONICAL,live,EXTERNAL_ONLY,true,false,,Sonstige,Noten,,,,Diverse Noten Oberkrainer,SCORE,digital,,,,,,,,,,PRINT_AT_HOME,Diverse Noten Oberkrainer,Diverse Noten Oberkrainer,DIVERSE_NOTEN_OBERKRAINER_P,Diverse Noten Oberkrainer ist eine Notenausgabe im XeisWorks-Produktkatalog.,AUTO_DRAFT,GENERATED,Format: PRINT_AT_HOME,Kategorie: Noten,,,,,200.00,10.00,220.00,EUR,ERP_NET,0.00,true,,,,,,,,,,,,,,,,,,,,false,false,,,,,,,true,XeisWorks_Print@Home,false,,,Diverse Noten Oberkrainer,ERP_FALLBACK,,,EXTERNAL,,false,,,Operational/sevdesk-only item; intentionally not required in the sale catalog.
XW-022,XW-022,,,857cdb03-9fa1-5932-8462-31502af6ce17,DIENSTLEISTUNG|versand deu,LOW,true,CANONICAL,live,EXTERNAL_ONLY,true,false,,Sonstige,Dienstleistung,,,,Versand DEU,SERVICE,physical,,,,,,,,,,PHYSICAL,Versand DEU,Versand DEU,VERSAND_DEU,Versand DEU ist ein interner Dienstleistungs- bzw. Abrechnungsartikel im XW Product Hub.,AUTO_DRAFT,GENERATED,Format: PHYSICAL,Kategorie: Dienstleistung,,,,,5.36,10.00,5.90,EUR,ERP_NET,0.00,true,,,,,,,,,,,,,,,,,,,,false,false,,,,,,,true,Versandoption,false,,,Versand DEU,ERP_FALLBACK,,,EXTERNAL,,false,,,Operational/sevdesk-only item; intentionally not required in the sale catalog.
XW-023,XW-023,,,fafd41be-c6df-5432-98cd-6e7e76f030b9,NOTEN|diverse noten xeisworks,LOW,true,CANONICAL,live,EXTERNAL_ONLY,true,false,,Sonstige,Noten,,,,Diverse Noten XeisWorks,SCORE,digital,,,,,,,,,,PRINT_AT_HOME,Diverse Noten XeisWorks,Diverse Noten XeisWorks,DIVERSE_NOTEN_XEISWORKS_P,Diverse Noten XeisWorks ist eine Notenausgabe im XeisWorks-Produktkatalog.,AUTO_DRAFT,GENERATED,Format: PRINT_AT_HOME,Kategorie: Noten,,,,,0.00,10.00,0.00,EUR,ERP_NET,0.00,true,,,,,,,,,,,,,,,,,,,,false,false,,,,,,,true,XeisWorks_Print@Home,false,,,Diverse Noten XeisWorks,ERP_FALLBACK,,,EXTERNAL,,false,,,Operational/sevdesk-only item; intentionally not required in the sale catalog.
XW-024,XW-024,,,8ce1f275-7b87-531f-adbd-d5684dce4a6d,UNTERRICHTSHEFT|diverse noten musikheroes,LOW,true,CANONICAL,live,EXTERNAL_ONLY,true,false,MusikHeroes,MusikHeroes,Unterrichtsheft,,,,Diverse Noten MusikHeroes,EDITION,physical,,,,,,,,,,PHYSICAL,Diverse Noten MusikHeroes,Diverse Noten MusikHeroes,DiverseNotenMusikHeroes,Diverse Noten MusikHeroes ist eine Heftausgabe im MusikHeroes-Produktkatalog.,AUTO_DRAFT,GENERATED,Format: PHYSICAL,Kategorie: Unterrichtsheft,,,,,0.00,10.00,0.00,EUR,ERP_NET,0.00,true,,,,,,,,,,,,,,,,,,,,false,false,,,,,,,true,MusikHeroes,false,,,Diverse Noten MusikHeroes,ERP_FALLBACK,,,EXTERNAL,,false,,,Operational/sevdesk-only item; intentionally not required in the sale catalog.
XW-025,XW-025,,,ea99a262-a5ce-5396-ab04-bbb29f643d18,DIENSTLEISTUNG|diverse noten mittlere besetzung,LOW,true,CANONICAL,live,EXTERNAL_ONLY,true,false,,Sonstige,Dienstleistung,,,,Diverse Noten Mittlere Besetzung,SERVICE,physical,,,,,,,,,,PHYSICAL,Diverse Noten Mittlere Besetzung,Diverse Noten Mittlere Besetzung,DIVERSE_NOTEN_MITTLERE_BESET,Diverse Noten Mittlere Besetzung ist ein interner Dienstleistungs- bzw. Abrechnungsartikel im XW Product Hub.,AUTO_DRAFT,GENERATED,Format: PHYSICAL,Kategorie: Dienstleistung,,,,,250.00,10.00,275.00,EUR,ERP_NET,0.00,false,,,,,,,,,,,,,,,,,,,,false,false,,,,,,,true,Dienstleistung,false,,,Diverse Noten Mittlere Besetzung,ERP_FALLBACK,,,EXTERNAL,,false,,,Operational/sevdesk-only item; intentionally not required in the sale catalog.
XW-026,XW-026,,,af2fa448-babb-56f6-9171-d4119ab40d5e,NOTEN|gutschein,LOW,true,CANONICAL,review,REVIEW,true,true,,Sonstige,Noten,,,,Gutschein,SCORE,physical,,,,,,,,,,PHYSICAL,Gutschein,Gutschein,GUTSCHEIN,Gutschein ist eine Notenausgabe im XeisWorks-Produktkatalog.,AUTO_DRAFT,GENERATED,Format: PHYSICAL,Kategorie: Noten,,,,,0.00,10.00,0.00,EUR,ERP_NET,0.00,true,,,,,,,,,,,,,,,,,,,,false,true,,,,,,,true,XeisWorks_Hefte,false,,,Gutschein,ERP_FALLBACK,,,EXTERNAL,,false,,SOT_GAP,Product-like channel item has no exact or safe title/category match in the XLSX SOT.
XW-027,XW-027,,,f0eb3fd5-7fd9-5839-bc71-2b713f883bb2,DIENSTLEISTUNG|versand eu express,LOW,true,CANONICAL,live,EXTERNAL_ONLY,true,false,,Sonstige,Dienstleistung,,,,Versand EU express,SERVICE,physical,,,,,,,,,,PHYSICAL,Versand EU express,Versand EU express,VERSAND_EU_EXPRESS,Versand EU express ist ein interner Dienstleistungs- bzw. Abrechnungsartikel im XW Product Hub.,AUTO_DRAFT,GENERATED,Format: PHYSICAL,Kategorie: Dienstleistung,,,,,6.82,10.00,7.50,EUR,ERP_NET,0.00,true,,,,,,,,,,,,,,,,,,,,false,false,,,,,,,true,Versandoption,false,,,Versand EU express,ERP_FALLBACK,,,EXTERNAL,,false,,,Operational/sevdesk-only item; intentionally not required in the sale catalog.
XW-028,XW-028,,,66517c9f-995d-5b8b-8f06-f0ea8df165a8,DIENSTLEISTUNG|rückerstattung zugfahrt,LOW,true,CANONICAL,live,EXTERNAL_ONLY,true,false,,Sonstige,Dienstleistung,,,,Rückerstattung Zugfahrt,SCORE,physical,,,,,,,,,,PHYSICAL,Rückerstattung Zugfahrt,Rückerstattung Zugfahrt,RUECKERSTATTUNG_ZUGFAHRT,Rückerstattung Zugfahrt ist ein interner Dienstleistungs- bzw. Abrechnungsartikel im XW Product Hub.,AUTO_DRAFT,GENERATED,Format: PHYSICAL,Kategorie: Dienstleistung,,,,,0.00,10.00,0.00,EUR,ERP_NET,0.00,true,,,,,,,,,,,,,,,,,,,,false,false,,,,,,,true,Standard,false,,,Rückerstattung Zugfahrt,ERP_FALLBACK,,,EXTERNAL,,false,,,Operational/sevdesk-only item; intentionally not required in the sale catalog.
XW-029,XW-029,,,0a24fe2d-5bd7-5fcd-beee-714673ae590d,DIENSTLEISTUNG|rückerstattung parkgarage,LOW,true,CANONICAL,live,EXTERNAL_ONLY,true,false,,Sonstige,Dienstleistung,,,,Rückerstattung Parkgarage,SCORE,physical,,,,,,,,,,PHYSICAL,Rückerstattung Parkgarage,Rückerstattung Parkgarage,RUECKERSTATTUNG_PARKGARAGE,Rückerstattung Parkgarage ist ein interner Dienstleistungs- bzw. Abrechnungsartikel im XW Product Hub.,AUTO_DRAFT,GENERATED,Format: PHYSICAL,Kategorie: Dienstleistung,,,,,0.00,10.00,0.00,EUR,ERP_NET,0.00,true,,,,,,,,,,,,,,,,,,,,false,false,,,,,,,true,Standard,false,,,Rückerstattung Parkgarage,ERP_FALLBACK,,,EXTERNAL,,false,,,Operational/sevdesk-only item; intentionally not required in the sale catalog.
XW-030,XW-030,,,a3da3153-99aa-5836-8cc3-14e81ac47b99,DIENSTLEISTUNG|diverse noten große besetzung,LOW,true,CANONICAL,live,EXTERNAL_ONLY,true,false,,Sonstige,Dienstleistung,,,,Diverse Noten Große Besetzung,SERVICE,physical,,,,,,,,,,PHYSICAL,Diverse Noten Große Besetzung,Diverse Noten Große Besetzung,DIVERSE_NOTEN_GROSSE_BESETZU,Diverse Noten Große Besetzung ist ein interner Dienstleistungs- bzw. Abrechnungsartikel im XW Product Hub.,AUTO_DRAFT,GENERATED,Format: PHYSICAL,Kategorie: Dienstleistung,,,,,300.00,10.00,330.00,EUR,ERP_NET,0.00,false,,,,,,,,,,,,,,,,,,,,false,false,,,,,,,true,Dienstleistung,false,,,Diverse Noten Große Besetzung,ERP_FALLBACK,,,EXTERNAL,,false,,,Operational/sevdesk-only item; intentionally not required in the sale catalog.
XW-031,XW-031,,,7dd89ceb-2c62-574d-bf8a-cd22ebf76094,DIENSTLEISTUNG|nachsendung,LOW,true,CANONICAL,live,EXTERNAL_ONLY,true,false,,Sonstige,Dienstleistung,,,,Nachsendung,SERVICE,physical,,,,,,,,,,PHYSICAL,Nachsendung,Nachsendung,NACHSENDUNG,Nachsendung ist ein interner Dienstleistungs- bzw. Abrechnungsartikel im XW Product Hub.,AUTO_DRAFT,GENERATED,Format: PHYSICAL,Kategorie: Dienstleistung,,,,,0.00,10.00,0.00,EUR,ERP_NET,0.00,true,,,,,,,,,,,,,,,,,,,,false,false,,,,,,,true,Dienstleistung,false,,,Nachsendung,ERP_FALLBACK,,,EXTERNAL,,false,,,Operational/sevdesk-only item; intentionally not required in the sale catalog.
XW-032,XW-032,,,a02a5e4c-b775-528b-bef3-bf645203e8aa,DIENSTLEISTUNG|versand japan < 2kg,LOW,true,CANONICAL,live,EXTERNAL_ONLY,true,false,,Sonstige,Dienstleistung,,,,Versand Japan < 2kg,SERVICE,physical,,,,,,,,,,PHYSICAL,Versand Japan < 2kg,Versand Japan < 2kg,VERSAND_JAPAN_2KG,Versand Japan < 2kg ist ein interner Dienstleistungs- bzw. Abrechnungsartikel im XW Product Hub.,AUTO_DRAFT,GENERATED,Format: PHYSICAL,Kategorie: Dienstleistung,,,,,22.73,10.00,25.00,EUR,ERP_NET,0.00,true,,,,,,,,,,,,,,,,,,,,false,false,,,,,,,true,Versandoption,false,,,Versand Japan < 2kg,ERP_FALLBACK,,,EXTERNAL,,false,,,Operational/sevdesk-only item; intentionally not required in the sale catalog.
XW-033,XW-033,,,c86f07d8-601a-53d7-9850-817e7bc36c93,DIENSTLEISTUNG|digital delivery handling,MEDIUM,true,CANONICAL,live,EXTERNAL_ONLY,true,false,,Sonstige,Dienstleistung,,,,Digital Delivery Handling,SERVICE,physical,,,,,,,,,,PHYSICAL,Digital Delivery Handling,Digital Delivery Handling,DIGITAL_DELIVERY_HANDLING,Digital Delivery Handling ist ein interner Dienstleistungs- bzw. Abrechnungsartikel im XW Product Hub.,AUTO_DRAFT,GENERATED,Format: PHYSICAL,Kategorie: Dienstleistung,,,,B2B,6.36,10.00,7.00,EUR,ERP_NET,0.00,true,,,,,,,,,,,,,,,,,,,,true,false,product_b7717ac2-653c-5bff-80c1-4cb88eaf145e,product_b7717ac2-653c-5bff-80c1-4cb88eaf145e,true,B2B,4f718e_a12c14d1e05a4da58299c94647556886~mv2.webp,,true,Dienstleistung,false,,Digital Delivery Handling,Digital Delivery Handling,ERP_FALLBACK,,,EXTERNAL,,false,,,Operational/sevdesk-only item; intentionally not required in the sale catalog.
XW-034,XW-034,,,167c2358-157b-5a3f-8fe8-2aba4779bb3d,DIENSTLEISTUNG|rückerstattung hotel,LOW,true,CANONICAL,live,EXTERNAL_ONLY,true,false,,Sonstige,Dienstleistung,,,,Rückerstattung Hotel,SCORE,physical,,,,,,,,,,PHYSICAL,Rückerstattung Hotel,Rückerstattung Hotel,RUECKERSTATTUNG_HOTEL,Rückerstattung Hotel ist ein interner Dienstleistungs- bzw. Abrechnungsartikel im XW Product Hub.,AUTO_DRAFT,GENERATED,Format: PHYSICAL,Kategorie: Dienstleistung,,,,,0.00,10.00,0.00,EUR,ERP_NET,0.00,true,,,,,,,,,,,,,,,,,,,,false,false,,,,,,,true,Standard,false,,,Rückerstattung Hotel,ERP_FALLBACK,,,EXTERNAL,,false,,,Operational/sevdesk-only item; intentionally not required in the sale catalog.
XW-035,XW-035,,,72b0cc20-dd0e-58fd-9339-b18d41e6100a,DIENSTLEISTUNG|händlerversand ermäßigt ch,LOW,true,CANONICAL,live,EXTERNAL_ONLY,true,false,,Sonstige,Dienstleistung,,,,Händlerversand ermäßigt CH,SERVICE,physical,,,,,,,,,,PHYSICAL,Händlerversand ermäßigt CH,Händlerversand ermäßigt CH,HAENDLERVERSAND_ERMAESSIGT_C,Händlerversand ermäßigt CH ist ein interner Dienstleistungs- bzw. Abrechnungsartikel im XW Product Hub.,AUTO_DRAFT,GENERATED,Format: PHYSICAL,Kategorie: Dienstleistung,,,,,7.90,10.00,8.69,EUR,ERP_NET,0.00,true,,,,,,,,,,,,,,,,,,,,false,false,,,,,,,true,Versandoption,false,,,Händlerversand ermäßigt CH,ERP_FALLBACK,,,EXTERNAL,,false,,,Operational/sevdesk-only item; intentionally not required in the sale catalog.
XW-036,XW-036,,,28fb10c4-71a8-5809-a55e-417ab7aabfa9,NOTEN|b2b downloads,LOW,true,CANONICAL,live,EXTERNAL_ONLY,true,false,,Sonstige,Noten,,,,B2B Downloads,SCORE,digital,,,,,,,,,,DIGITAL,B2B Downloads,B2B Downloads,B2B_DOWNLOADS,B2B Downloads ist eine Notenausgabe im XeisWorks-Produktkatalog.,AUTO_DRAFT,GENERATED,Format: DIGITAL,Kategorie: Noten,,,,,0.00,10.00,0.00,EUR,ERP_NET,0.00,true,,,,,,,,,,,,,,,,,,,,false,false,,,,,,,true,XeisWorks digital,false,,,B2B Downloads,ERP_FALLBACK,,,EXTERNAL,,false,,,Operational/sevdesk-only item; intentionally not required in the sale catalog.
XW-037,XW-037,,,c686b8c5-71fc-5574-96cd-a1e6d69b0a10,NOTEN|b2b print-versionen,LOW,true,CANONICAL,live,EXTERNAL_ONLY,true,false,,Sonstige,Noten,,,,B2B Print-Versionen,SCORE,physical,,,,,,,,,,PHYSICAL,B2B Print-Versionen,B2B Print-Versionen,B2B_PRINT_VERSIONEN,B2B Print-Versionen ist eine Notenausgabe im XeisWorks-Produktkatalog.,AUTO_DRAFT,GENERATED,Format: PHYSICAL,Kategorie: Noten,,,,,0.00,10.00,0.00,EUR,ERP_NET,0.00,true,,,,,,,,,,,,,,,,,,,,false,false,,,,,,,true,XeisWorks_Hefte,false,,,B2B Print-Versionen,ERP_FALLBACK,,,EXTERNAL,,false,,,Operational/sevdesk-only item; intentionally not required in the sale catalog.
XW-050,XW-050,,,65bf207e-e7da-5e96-8bce-67d389a8b349,DIENSTLEISTUNG|komposition folk/pop,LOW,true,CANONICAL,live,EXTERNAL_ONLY,true,false,,Sonstige,Dienstleistung,,,,Komposition Folk/Pop,SERVICE,physical,,,,,,,,,,PHYSICAL,Komposition Folk/Pop,Komposition Folk/Pop,KOMPOSITION_FOLK_POP,Komposition Folk/Pop ist ein interner Dienstleistungs- bzw. Abrechnungsartikel im XW Product Hub.,AUTO_DRAFT,GENERATED,Format: PHYSICAL,Kategorie: Dienstleistung,,,,,1000.00,10.00,1100.00,EUR,ERP_NET,0.00,true,,,,,,,,,,,,,,,,,,,,false,false,,,,,,,true,Dienstleistung,false,,,Komposition Folk/Pop,ERP_FALLBACK,,,EXTERNAL,,false,,,Operational/sevdesk-only item; intentionally not required in the sale catalog.
XW-55*,XW-55*,,,0a4ca16f-1e1e-5b32-9da9-56284a5a66ae,UNTERRICHTSHEFT|junior-4tett,LOW,true,CANONICAL,review,REVIEW,true,true,MusikHeroes,MusikHeroes,Unterrichtsheft,,,,Junior-4tett,EDITION,digital,,,,,,,,,,DIGITAL,Junior-4tett,Junior-4tett,Junior-4tett,Junior-4tett ist eine Heftausgabe im MusikHeroes-Produktkatalog.,AUTO_DRAFT,GENERATED,Format: DIGITAL,Kategorie: Unterrichtsheft,,,,,5.00,10.00,5.50,EUR,ERP_NET,0.00,true,,,,,,,,,,,,,,,,,,,,false,true,,,,,,,true,MusikHeroes_Noten digital,false,,,Junior-4tett,ERP_FALLBACK,,,EXTERNAL,,false,,SOT_GAP,Product-like channel item has no exact or safe title/category match in the XLSX SOT.
XW-060,XW-060,,,3923c69e-9636-529d-9262-b0346c15b17a,DIENSTLEISTUNG|recording,LOW,true,CANONICAL,live,EXTERNAL_ONLY,true,false,,Sonstige,Dienstleistung,,,,Recording,SERVICE,physical,,,,,,,,,,PHYSICAL,Recording,Recording,RECORDING,Recording ist ein interner Dienstleistungs- bzw. Abrechnungsartikel im XW Product Hub.,AUTO_DRAFT,GENERATED,Format: PHYSICAL,Kategorie: Dienstleistung,,,,,0.00,10.00,0.00,EUR,ERP_NET,0.00,false,,,,,,,,,,,,,,,,,,,,false,false,,,,,,,true,Dienstleistung,false,,,Recording,ERP_FALLBACK,,,EXTERNAL,,false,,,Operational/sevdesk-only item; intentionally not required in the sale catalog.
XW-070,XW-070,,,904c14f3-a9c3-5281-bce5-b514eefa50a4,DIENSTLEISTUNG|künstlerischer auftritt,LOW,true,CANONICAL,live,EXTERNAL_ONLY,true,false,,Sonstige,Dienstleistung,,,,Künstlerischer Auftritt,SERVICE,physical,,,,,,,,,,PHYSICAL,Künstlerischer Auftritt,Künstlerischer Auftritt,KUENSTLERISCHER_AUFTRITT,Künstlerischer Auftritt ist ein interner Dienstleistungs- bzw. Abrechnungsartikel im XW Product Hub.,AUTO_DRAFT,GENERATED,Format: PHYSICAL,Kategorie: Dienstleistung,,,,,0.00,10.00,0.00,EUR,ERP_NET,0.00,true,,,,,,,,,,,,,,,,,,,,false,false,,,,,,,true,Künstlerischer Auftritt,false,,,Künstlerischer Auftritt,ERP_FALLBACK,,,EXTERNAL,,false,,,Operational/sevdesk-only item; intentionally not required in the sale catalog.
XW-071,XW-071,,,df880ed1-b430-5f12-b37a-54a751f4f56f,DIENSTLEISTUNG|probenpauschale,LOW,true,CANONICAL,live,EXTERNAL_ONLY,true,false,,Sonstige,Dienstleistung,,,,Probenpauschale,SERVICE,physical,,,,,,,,,,PHYSICAL,Probenpauschale,Probenpauschale,PROBENPAUSCHALE,Probenpauschale ist ein interner Dienstleistungs- bzw. Abrechnungsartikel im XW Product Hub.,AUTO_DRAFT,GENERATED,Format: PHYSICAL,Kategorie: Dienstleistung,,,,,0.00,10.00,0.00,EUR,ERP_NET,0.00,true,,,,,,,,,,,,,,,,,,,,false,false,,,,,,,true,Künstlerischer Auftritt,false,,,Probenpauschale,ERP_FALLBACK,,,EXTERNAL,,false,,,Operational/sevdesk-only item; intentionally not required in the sale catalog.
XW-072,XW-072,,,baf2317f-37cf-5bca-9030-208c221e26d1,DIENSTLEISTUNG|fahrtkosten,LOW,true,CANONICAL,live,EXTERNAL_ONLY,true,false,,Sonstige,Dienstleistung,,,,Fahrtkosten,SERVICE,physical,,,,,,,,,,PHYSICAL,Fahrtkosten,Fahrtkosten,FAHRTKOSTEN,Fahrtkosten ist ein interner Dienstleistungs- bzw. Abrechnungsartikel im XW Product Hub.,AUTO_DRAFT,GENERATED,Format: PHYSICAL,Kategorie: Dienstleistung,,,,,0.00,10.00,0.00,EUR,ERP_NET,0.00,true,,,,,,,,,,,,,,,,,,,,false,false,,,,,,,true,Künstlerischer Auftritt,false,,,Fahrtkosten,ERP_FALLBACK,,,EXTERNAL,,false,,,Operational/sevdesk-only item; intentionally not required in the sale catalog.
XW-077,XW-077,,,1367a53a-ae10-5c73-bbd6-0ba0f4073493,UNTERRICHTSHEFT|digital-upgrade,LOW,true,CANONICAL,review,REVIEW,true,true,MusikHeroes,MusikHeroes,Unterrichtsheft,,,,Digital-Upgrade,EDITION,digital,,,,,,,,,,DIGITAL,Digital-Upgrade,Digital-Upgrade,Digital-Upgrade,Digital-Upgrade ist eine Heftausgabe im MusikHeroes-Produktkatalog.,AUTO_DRAFT,GENERATED,Format: DIGITAL,Kategorie: Unterrichtsheft,,,,,9.09,10.00,10.00,EUR,ERP_NET,0.00,true,,,,,,,,,,,,,,,,,,,,false,true,,,,,,,true,MusikHeroes digital_REST,false,,,Digital-Upgrade,ERP_FALLBACK,,,EXTERNAL,,false,,SOT_GAP,Product-like channel item has no exact or safe title/category match in the XLSX SOT.
XW-080,XW-080,,,5aa809a9-dfc0-589e-af76-a8356bff0d33,DIENSTLEISTUNG|arrangement,LOW,true,CANONICAL,live,EXTERNAL_ONLY,true,false,,Sonstige,Dienstleistung,,,,Arrangement,SERVICE,physical,,,,,,,,,,PHYSICAL,Arrangement,Arrangement,ARRANGEMENT,Arrangement ist ein interner Dienstleistungs- bzw. Abrechnungsartikel im XW Product Hub.,AUTO_DRAFT,GENERATED,Format: PHYSICAL,Kategorie: Dienstleistung,,,,,50.00,10.00,55.00,EUR,ERP_NET,0.00,true,,,,,,,,,,,,,,,,,,,,false,false,,,,,,,true,Dienstleistung,false,,,Arrangement,ERP_FALLBACK,,,EXTERNAL,,false,,,Operational/sevdesk-only item; intentionally not required in the sale catalog.
XW-090,XW-090,,,c1a19bb9-e04b-5ee6-8a02-671f4be334ac,DIENSTLEISTUNG|workshop musiknotation,LOW,true,CANONICAL,live,EXTERNAL_ONLY,true,false,,Sonstige,Dienstleistung,,,,Workshop Musiknotation,SERVICE,physical,,,,,,,,,,PHYSICAL,Workshop Musiknotation,Workshop Musiknotation,WORKSHOP_MUSIKNOTATION,Workshop Musiknotation ist ein interner Dienstleistungs- bzw. Abrechnungsartikel im XW Product Hub.,AUTO_DRAFT,GENERATED,Format: PHYSICAL,Kategorie: Dienstleistung,,,,,700.00,10.00,770.00,EUR,ERP_NET,0.00,true,,,,,,,,,,,,,,,,,,,,false,false,,,,,,,true,Dienstleistung,false,,,Workshop Musiknotation,ERP_FALLBACK,,,EXTERNAL,,false,,,Operational/sevdesk-only item; intentionally not required in the sale catalog.
XW-098,XW-098,,,04f9a0f7-5f2f-5ff2-a846-996ced9b3913,NOTEN|licensing & watermarking,LOW,true,CANONICAL,live,EXTERNAL_ONLY,true,false,,Sonstige,Noten,,,,Licensing & Watermarking,SCORE,digital,,,,,,,,,,DIGITAL,Licensing & Watermarking,Licensing & Watermarking,LICENSING_UND_WATERMARKING,Licensing & Watermarking ist eine Notenausgabe im XeisWorks-Produktkatalog.,AUTO_DRAFT,GENERATED,Format: DIGITAL,Kategorie: Noten,,,,,9.09,10.00,10.00,EUR,ERP_NET,0.00,true,,,,,,,,,,,,,,,,,,,,false,false,,,,,,,true,XeisWorks digital,false,,,Licensing & Watermarking,ERP_FALLBACK,,,EXTERNAL,,false,,,Operational/sevdesk-only item; intentionally not required in the sale catalog.
XW-099,XW-099,,,0fa2a266-ef03-50d7-b4ae-592fcc3f3842,NOTEN|einzelstimme,LOW,true,CANONICAL,review,REVIEW,true,true,,Sonstige,Noten,,,,Einzelstimme,SCORE,digital,,,,,,,,,,DIGITAL,Einzelstimme,Einzelstimme,EINZELSTIMME,Einzelstimme ist eine Notenausgabe im XeisWorks-Produktkatalog.,AUTO_DRAFT,GENERATED,Format: DIGITAL,Kategorie: Noten,,,,,8.00,10.00,8.80,EUR,ERP_NET,0.00,true,,,,,,,,,,,,,,,,,,,,false,true,,,,,,,true,XeisWorks digital,false,,,Einzelstimme,ERP_FALLBACK,,,EXTERNAL,,false,,SOT_GAP,Product-like channel item has no exact or safe title/category match in the XLSX SOT.
XW-100.1,XW-100.1,,,0acbd950-ca8a-5700-9b45-2476575a62ef,ZUSATZSTIMME|stimme volksmusik,LOW,true,CANONICAL,review,REVIEW,true,true,XeisWorks,Sonstige,Zusatzstimme,,,,Zusatzstimme Volksmusik,additional_voice,digital,,,,,,,,,,DIGITAL,Stimme Volksmusik,VM#0 -Volksmusik,VM#0_Stimme-Volksmusik,Stimme Volksmusik ist eine Zusatzstimmen-Ausgabe im XeisWorks-Produktkatalog.,AUTO_DRAFT,GENERATED,Format: DIGITAL,Kategorie: Zusatzstimme,,,,,7.00,10.00,7.70,EUR,ERP_NET,0.00,true,,,,,,,,,,,,,,,,,,,,false,true,,,,,,,true,XeisWorks digital,false,,,Zusatzstimme Volksmusik,ERP_FALLBACK,,,EXTERNAL,,false,,SOT_GAP,Product-like channel item has no exact or safe title/category match in the XLSX SOT.
XW-100.2,XW-100.2,,,107f68e1-c72d-5a56-b8a4-b9b5837ac019,ZUSATZSTIMME|stimme blech4er,LOW,true,CANONICAL,review,REVIEW,true,true,XeisWorks,Sonstige,Zusatzstimme,,,,Zusatzstimme Blech4er,additional_voice,digital,,,,,,,,,,DIGITAL,Stimme Blech4er,VM#0 -Blech4er,VM#0_Stimme-Blech4er,Stimme Blech4er ist eine Zusatzstimmen-Ausgabe im XeisWorks-Produktkatalog.,AUTO_DRAFT,GENERATED,Format: DIGITAL,Kategorie: Zusatzstimme,,,,,5.00,10.00,5.50,EUR,ERP_NET,0.00,true,,,,,,,,,,,,,,,,,,,,false,true,,,,,,,true,XeisWorks digital,false,,,Zusatzstimme Blech4er,ERP_FALLBACK,,,EXTERNAL,,false,,SOT_GAP,Product-like channel item has no exact or safe title/category match in the XLSX SOT.
XW-101,XW-101,,,9c8f4ed2-e91e-550d-8297-277b397f865f,HEFT|volksmusik #1,HIGH,true,CANONICAL,live,ACTIVE,true,false,XeisWorks,TanzlMusi-Edition,Heft,Volksmusik,VM,1,Volksmusik - Band 1,EDITION,physical,,,,,,,,,,PHYSICAL,Volksmusik #1,VM#1,VM#1,"Volksmusik aus dem Alpenraum
für variable Tanzlmusi-Besetzung",SOURCE,WIX,für variable Tanzlmusi-Besetzung,,,,,B2B,39.00,10.00,42.90,EUR,ERP_NET,0.00,false,300.0,,,,,,,,,,,,,,,,,,,true,true,product_a83ee590-1417-f4ac-e6c9-e3da42855e4f,product_a83ee590-1417-f4ac-e6c9-e3da42855e4f,true,TanzlMusi GESAMT|TanzlMusi HEFTE|B2B,4f718e_304d8c0721fa4249b52bbd1a3caaa88f~mv2.jpg|4f718e_54920176b01a47738e44dc6263c8f311|4f718e_418ceead84204933b499675f2494a3a1~mv2.jpg|4f718e_963205a86319496e891fd0fb5831829f~mv2.jpg|4f718e_c43ec9ce49be452ba41a8194464c1df2~mv2.jpg|4f718e_a380f6f00f944908ba398048faadd4d6~mv2.jpg|4f718e_9a8905e08f4b4c528057cf2cff8ad213~mv2.jpg|4f718e_0da2801d3c6f455a9d1ac8ad7ab9d6f9~mv2.jpg|4f718e_ab67cbad2d154c1eab5ae3b98c70d218~mv2.jpg,<p><strong>Volksmusik aus dem Alpenraum</strong></p><p>für variable Tanzlmusi-Besetzung</p>,true,XeisWorks_Hefte,false,Volksmusik - Band 1,Volksmusik frisch gewaschen #1,#1 Volksmusik,XLSX_SOT_NORMALIZED,Produktpalette(2).xlsx:XeisWorks,6,EXACT,,false,,,
XW-101.1,XW-101.1,,,c8691666-0ba9-512e-8017-256d56928335,ZUSATZSTIMME|volksmusik #1 - flügelhorn 1 in c,HIGH,true,CANONICAL,live,ACTIVE,true,false,XeisWorks,TanzlMusi-Edition,Zusatzstimme,,,,Volksmusik - Band 1 - Zusatzstimme Flügelhorn 1 in C,additional_voice,physical,Flügelhorn,1,C,,,,,,,PHYSICAL,Volksmusik #1 - Flügelhorn 1 in C,VM#1 Flgh1-C,VM#1_Flgh1-C,Volksmusik #1 - Flügelhorn 1 in C ist eine Zusatzstimmen-Ausgabe im XeisWorks-Produktkatalog.,AUTO_DRAFT,GENERATED,Instrument: Flügelhorn,Format: PHYSICAL,Kategorie: Zusatzstimme,,,,,10.00,,EUR,,,,,,,,,,,,,,,,,,,,,,,false,true,,,,,,,false,,false,ZS - Flügelhorn 1 in C,,,XLSX_SOT_NORMALIZED,Produktpalette(2).xlsx:XeisWorks,7,EXACT,,false,,,
XW-101.2,XW-101.2,,,2ce5a6da-8e5a-5085-9142-b42def44e71f,ZUSATZSTIMME|volksmusik #1 - flügelhorn 2 in c,HIGH,true,CANONICAL,live,ACTIVE,true,false,XeisWorks,TanzlMusi-Edition,Zusatzstimme,,,,Volksmusik - Band 1 - Zusatzstimme Flügelhorn 2 in C,additional_voice,physical,Flügelhorn,2,C,,,,,,,PHYSICAL,Volksmusik #1 - Flügelhorn 2 in C,VM#1 Flgh2-C,VM#1_Flgh2-C,Volksmusik #1 - Flügelhorn 2 in C ist eine Zusatzstimmen-Ausgabe im XeisWorks-Produktkatalog.,AUTO_DRAFT,GENERATED,Instrument: Flügelhorn,Format: PHYSICAL,Kategorie: Zusatzstimme,,,,,10.00,,EUR,,,,,,,,,,,,,,,,,,,,,,,false,true,,,,,,,false,,false,ZS - Flügelhorn 2 in C,,,XLSX_SOT_NORMALIZED,Produktpalette(2).xlsx:XeisWorks,8,EXACT,,false,,,
XW-101.3,XW-101.3,,,b67aefa3-5e65-5502-9c1d-455431564982,ZUSATZSTIMME|volksmusik #1 - horn 1 in f,HIGH,true,CANONICAL,live,ACTIVE,true,false,XeisWorks,TanzlMusi-Edition,Zusatzstimme,,,,Volksmusik - Band 1 - Zusatzstimme Horn 1 in F,additional_voice,physical,Horn,1,F,,,,,,,PHYSICAL,Volksmusik #1 - Horn 1 in F,VM#1 Hrn1-F,VM#1_Hrn1-F,"Zustatzstimmen für die Edition TanzlMusi
Weitere Zusatzstimmen auf Anfrage!",SOURCE,WIX,Weitere Zusatzstimmen auf Anfrage!,,,,,B2B,7.00,10.00,7.70,EUR,ERP_NET,0.00,false,75.0,,,,,,,,,,,,,,,,,,,true,true,product_40ea7b33-b5ed-fbb0-d2f0-a4f33fd9aac3,product_40ea7b33-b5ed-fbb0-d2f0-a4f33fd9aac3,true,ZST Tanzlmusi GEDRUCKT|B2B,4f718e_519bf6074635402586a95ea8546eed97~mv2.jpg,<p>Zustatzstimmen für die Edition TanzlMusi</p><p>Weitere Zusatzstimmen auf Anfrage!</p>,true,XeisWorks_Hefte,false,ZS - Horn 1 in F,Zusatzstimmen TanzlMusi GEDRUCKT [#1 Volksmusik frisch gewaschen],ZST #1 Volksmusik: Hrn.1,XLSX_SOT_NORMALIZED,Produktpalette(2).xlsx:XeisWorks,9,EXACT,,false,,,
XW-101.3-D,XW-101.3-D,,XW-101.3,b67aefa3-5e65-5502-9c1d-455431564982,ZUSATZSTIMME|volksmusik #1 - horn 1 in f,HIGH,false,FORMAT_VARIANT,live,ACTIVE,true,false,XeisWorks,TanzlMusi-Edition,Zusatzstimme,,,,Volksmusik - Band 1 - Zusatzstimme Horn 1 in F,additional_voice,digital,Horn,1,F,,,,,,,DIGITAL,Volksmusik #1 - Horn 1 in F,VM#1 Hrn1-F,VM#1_Hrn1-F,Volksmusik #1 - Horn 1 in F ist eine Zusatzstimmen-Ausgabe im XeisWorks-Produktkatalog.,AUTO_DRAFT,GENERATED,Format: DIGITAL,Kategorie: Zusatzstimme,,,,,7.00,10.00,7.70,EUR,ERP_NET,0.00,true,,,,,,,,,,,,,,,,,,,,false,true,,,,,,,true,XeisWorks digital,false,ZS - Horn 1 in F,,ZST VM#1: Hrn. 1 in F,XLSX_SOT_NORMALIZED,Produktpalette(2).xlsx:XeisWorks,9,DERIVED,,false,,,
XW-101.4,XW-101.4,,,952ada65-b6b4-5305-92f1-a2edd616abb9,ZUSATZSTIMME|volksmusik #1 - horn 2 in f,HIGH,true,CANONICAL,live,ACTIVE,true,false,XeisWorks,TanzlMusi-Edition,Zusatzstimme,,,,Volksmusik - Band 1 - Zusatzstimme Horn 2 in F,additional_voice,physical,Horn,2,F,,,,,,,PHYSICAL,Volksmusik #1 - Horn 2 in F,VM#1 Hrn2-F,VM#1_Hrn2-F,"Zustatzstimmen für die Edition TanzlMusi
Weitere Zusatzstimmen auf Anfrage!",SOURCE,WIX,Weitere Zusatzstimmen auf Anfrage!,,,,,B2B,7.00,10.00,7.70,EUR,ERP_NET,0.00,false,75.0,,,,,,,,,,,,,,,,,,,true,true,product_40ea7b33-b5ed-fbb0-d2f0-a4f33fd9aac3,product_40ea7b33-b5ed-fbb0-d2f0-a4f33fd9aac3,true,ZST Tanzlmusi GEDRUCKT|B2B,4f718e_519bf6074635402586a95ea8546eed97~mv2.jpg,<p>Zustatzstimmen für die Edition TanzlMusi</p><p>Weitere Zusatzstimmen auf Anfrage!</p>,true,XeisWorks_Hefte,false,ZS - Horn 2 in F,Zusatzstimmen TanzlMusi GEDRUCKT [#1 Volksmusik frisch gewaschen],ZST #1 Volksmusik: Hrn.2,XLSX_SOT_NORMALIZED,Produktpalette(2).xlsx:XeisWorks,10,EXACT,,false,,,
XW-101.4-D,XW-101.4-D,,XW-101.4,952ada65-b6b4-5305-92f1-a2edd616abb9,ZUSATZSTIMME|volksmusik #1 - horn 2 in f,HIGH,false,FORMAT_VARIANT,live,ACTIVE,true,false,XeisWorks,TanzlMusi-Edition,Zusatzstimme,,,,Volksmusik - Band 1 - Zusatzstimme Horn 2 in F,additional_voice,digital,Horn,2,F,,,,,,,DIGITAL,Volksmusik #1 - Horn 2 in F,VM#1 Hrn2-F,VM#1_Hrn2-F,Volksmusik #1 - Horn 2 in F ist eine Zusatzstimmen-Ausgabe im XeisWorks-Produktkatalog.,AUTO_DRAFT,GENERATED,Format: DIGITAL,Kategorie: Zusatzstimme,,,,,7.00,10.00,7.70,EUR,ERP_NET,0.00,true,,,,,,,,,,,,,,,,,,,,false,true,,,,,,,true,XeisWorks digital,false,ZS - Horn 2 in F,,ZST VM#1: Hrn. 2 in F,XLSX_SOT_NORMALIZED,Produktpalette(2).xlsx:XeisWorks,10,DERIVED,,false,,,
XW-101.5,XW-101.5,,,2bb887cc-e656-5f07-99d1-a37ce994f54a,ZUSATZSTIMME|volksmusik #1 - tuba in b,HIGH,true,CANONICAL,live,ACTIVE,true,false,XeisWorks,TanzlMusi-Edition,Zusatzstimme,,,,Volksmusik - Band 1 - Zusatzstimme Tuba in B,additional_voice,physical,Tuba,,B,,,,,,,PHYSICAL,Volksmusik #1 - Tuba in B,VM#1 Tuba-B,VM#1_Tuba-B,"Zustatzstimmen für die Edition TanzlMusi
Weitere Zusatzstimmen auf Anfrage!",SOURCE,WIX,Weitere Zusatzstimmen auf Anfrage!,,,,,B2B,7.00,10.00,7.70,EUR,ERP_NET,0.00,false,75.0,,,,,,,,,,,,,,,,,,,true,true,product_40ea7b33-b5ed-fbb0-d2f0-a4f33fd9aac3,product_40ea7b33-b5ed-fbb0-d2f0-a4f33fd9aac3,true,ZST Tanzlmusi GEDRUCKT|B2B,4f718e_519bf6074635402586a95ea8546eed97~mv2.jpg,<p>Zustatzstimmen für die Edition TanzlMusi</p><p>Weitere Zusatzstimmen auf Anfrage!</p>,true,XeisWorks_Hefte,false,ZS - Tuba in Bb,Zusatzstimmen TanzlMusi GEDRUCKT [#1 Volksmusik frisch gewaschen],ZST #1 Volksmusik: Tb. in Bb,XLSX_SOT_NORMALIZED,Produktpalette(2).xlsx:XeisWorks,11,EXACT,,false,,,
XW-101.5-D,XW-101.5-D,,XW-101.5,2bb887cc-e656-5f07-99d1-a37ce994f54a,ZUSATZSTIMME|volksmusik #1 - tuba in b,HIGH,false,FORMAT_VARIANT,live,ACTIVE,true,false,XeisWorks,TanzlMusi-Edition,Zusatzstimme,,,,Volksmusik - Band 1 - Zusatzstimme Tuba in B,additional_voice,digital,Tuba,,B,,,,,,,DIGITAL,Volksmusik #1 - Tuba in B,VM#1 Tuba-B,VM#1_Tuba-B,Volksmusik #1 - Tuba in B ist eine Zusatzstimmen-Ausgabe im XeisWorks-Produktkatalog.,AUTO_DRAFT,GENERATED,Format: DIGITAL,Kategorie: Zusatzstimme,,,,,7.00,10.00,7.70,EUR,ERP_NET,0.00,true,,,,,,,,,,,,,,,,,,,,false,true,,,,,,,true,XeisWorks digital,false,ZS - Tuba in Bb,,ZST VM#1: Tuba in Bb,XLSX_SOT_NORMALIZED,Produktpalette(2).xlsx:XeisWorks,11,DERIVED,,false,,,
XW-101.6,XW-101.6,,,64961223-90c2-51cf-aba6-8ed377aa47ad,ZUSATZSTIMME|volksmusik #1 - horn/basstrompete 1 in es,HIGH,true,CANONICAL,live,ACTIVE,true,false,XeisWorks,TanzlMusi-Edition,Zusatzstimme,,,,Volksmusik - Band 1 - Zusatzstimme Hrn/Btp. 1 in Es,additional_voice,digital,,1,Es,,,,,,,DIGITAL,Volksmusik #1 - Horn/Basstrompete 1 in Es,VM#1 Hrn/Btp1-Es,VM#1_Hrn/Btp1-Es,Volksmusik #1 - Horn/Basstrompete 1 in Es ist eine Zusatzstimmen-Ausgabe im XeisWorks-Produktkatalog.,AUTO_DRAFT,GENERATED,Format: DIGITAL,Kategorie: Zusatzstimme,,,,,7.00,10.00,7.70,EUR,ERP_NET,0.00,true,,,,,,,,,,,,,,,,,,,,false,true,,,,,,,true,XeisWorks digital,false,ZS - Hrn/Btp. 1 in Es,,ZST VM#1: Btp./Hrn.1 in Es,XLSX_SOT_NORMALIZED,Produktpalette(2).xlsx:XeisWorks,12,EXACT,,false,,,
XW-101.7,XW-101.7,,,281aa5c2-7065-5838-8f09-1e97e065c02e,ZUSATZSTIMME|volksmusik #1 - horn/basstrompete 2 in es,HIGH,true,CANONICAL,live,ACTIVE,true,false,XeisWorks,TanzlMusi-Edition,Zusatzstimme,,,,Volksmusik - Band 1 - Zusatzstimme Hrn/Btp. 2 in Es,additional_voice,physical,,2,Es,,,,,,,PHYSICAL,Volksmusik #1 - Horn/Basstrompete 2 in Es,VM#1 Hrn/Btp2-Es,VM#1_Hrn/Btp2-Es,Volksmusik #1 - Horn/Basstrompete 2 in Es ist eine Zusatzstimmen-Ausgabe im XeisWorks-Produktkatalog.,AUTO_DRAFT,GENERATED,Format: PHYSICAL,Kategorie: Zusatzstimme,,,,,,10.00,,EUR,,,,,,,,,,,,,,,,,,,,,,,false,true,,,,,,,false,,false,ZS - Hrn/Btp. 2 in Es,,,XLSX_SOT_NORMALIZED,Produktpalette(2).xlsx:XeisWorks,13,EXACT,,false,,,
XW-101.8,XW-101.8,,,835ad516-ed1f-5e27-ab5b-9e5ea522e936,ZUSATZSTIMME|volksmusik #1 - tuba in es,HIGH,true,CANONICAL,live,ACTIVE,true,false,XeisWorks,TanzlMusi-Edition,Zusatzstimme,,,,Volksmusik - Band 1 - Zusatzstimme Tuba in Es,additional_voice,physical,Tuba,,Es,,,,,,,PHYSICAL,Volksmusik #1 - Tuba in Es,VM#1 Tuba-Es,VM#1_Tuba-Es,Volksmusik #1 - Tuba in Es ist eine Zusatzstimmen-Ausgabe im XeisWorks-Produktkatalog.,AUTO_DRAFT,GENERATED,Instrument: Tuba,Format: PHYSICAL,Kategorie: Zusatzstimme,,,,,10.00,,EUR,,,,,,,,,,,,,,,,,,,,,,,false,true,,,,,,,false,,false,ZS - Tuba in Eb,,,XLSX_SOT_NORMALIZED,Produktpalette(2).xlsx:XeisWorks,14,EXACT,,false,,,
XW-102,XW-102,,,96102416-dd01-5e0a-86c8-608cd06e583f,HEFT|volksmusik #2,HIGH,true,CANONICAL,live,ACTIVE,true,false,XeisWorks,TanzlMusi-Edition,Heft,Volksmusik,VM,2,Volksmusik - Band 2,EDITION,physical,,,,,,,,,,PHYSICAL,Volksmusik #2,VM#2,VM#2,"Volksmusik aus dem Alpenraum
für variable Tanzlmusi-Besetzung",SOURCE,WIX,für variable Tanzlmusi-Besetzung,,,,,B2B,39.00,10.00,42.90,EUR,ERP_NET,0.00,false,300.0,,,,,,,,,,,,,,,,,,,true,true,product_f2c31da4-720b-dbc0-6d79-417ec65a6ffe,product_f2c31da4-720b-dbc0-6d79-417ec65a6ffe,true,TanzlMusi GESAMT|TanzlMusi HEFTE|B2B,4f718e_800dc8949c9d4e4b9a2ddddf4b8f3cb9~mv2.jpg|4f718e_09914feb73424208867ceaae37f6aaf7|4f718e_e9857df2f9b34d31846a4eed41479307~mv2.jpg|4f718e_f494160a9a284661b0d3876b3c14a732~mv2.jpg|4f718e_f83a623ce1864c92aae9696e5838e4e6~mv2.jpg|4f718e_ed42525f51704d72810c86c56e0a341c~mv2.jpg|4f718e_48599c0c74674696b03cd8112c523778~mv2.jpg|4f718e_dda4220334184eab9c96bd2c24259e9d~mv2.jpg|4f718e_44f769b9187447f988130e82f67c8ffe~mv2.jpg,<p><strong>Volksmusik aus dem Alpenraum</strong></p><p>für variable Tanzlmusi-Besetzung</p>,true,XeisWorks_Hefte,false,Volksmusik - Band 2,Volksmusik frisch gewaschen #2,#2 Volksmusik,XLSX_SOT_NORMALIZED,Produktpalette(2).xlsx:XeisWorks,16,EXACT,,false,,,
XW-102.1,XW-102.1,,,02448959-483f-5a03-83b2-8b36d50a90e8,ZUSATZSTIMME|volksmusik #2 - flügelhorn 1 in c,HIGH,true,CANONICAL,live,ACTIVE,true,false,XeisWorks,TanzlMusi-Edition,Zusatzstimme,,,,Volksmusik - Band 2 - Zusatzstimme Flügelhorn 1 in C,additional_voice,physical,Flügelhorn,1,C,,,,,,,PHYSICAL,Volksmusik #2 - Flügelhorn 1 in C,VM#2 Flgh1-C,VM#2_Flgh1-C,Volksmusik #2 - Flügelhorn 1 in C ist eine Zusatzstimmen-Ausgabe im XeisWorks-Produktkatalog.,AUTO_DRAFT,GENERATED,Instrument: Flügelhorn,Format: PHYSICAL,Kategorie: Zusatzstimme,,,,,10.00,,EUR,,,,,,,,,,,,,,,,,,,,,,,false,true,,,,,,,false,,false,ZS - Flügelhorn 1 in C,,,XLSX_SOT_NORMALIZED,Produktpalette(2).xlsx:XeisWorks,17,EXACT,,false,,,
XW-102.2,XW-102.2,,,aae1ca48-8175-5845-9edc-8503d9f55398,ZUSATZSTIMME|volksmusik #2 - flügelhorn 2 in c,HIGH,true,CANONICAL,live,ACTIVE,true,false,XeisWorks,TanzlMusi-Edition,Zusatzstimme,,,,Volksmusik - Band 2 - Zusatzstimme Flügelhorn 2 in C,additional_voice,physical,Flügelhorn,2,C,,,,,,,PHYSICAL,Volksmusik #2 - Flügelhorn 2 in C,VM#2 Flgh2-C,VM#2_Flgh2-C,Volksmusik #2 - Flügelhorn 2 in C ist eine Zusatzstimmen-Ausgabe im XeisWorks-Produktkatalog.,AUTO_DRAFT,GENERATED,Instrument: Flügelhorn,Format: PHYSICAL,Kategorie: Zusatzstimme,,,,,10.00,,EUR,,,,,,,,,,,,,,,,,,,,,,,false,true,,,,,,,false,,false,ZS - Flügelhorn 2 in C,,,XLSX_SOT_NORMALIZED,Produktpalette(2).xlsx:XeisWorks,18,EXACT,,false,,,
XW-102.3,XW-102.3,,,1f85ab30-f435-572d-ae60-2550bdb0301f,ZUSATZSTIMME|volksmusik #2 - horn 1 in f,HIGH,true,CANONICAL,live,ACTIVE,true,false,XeisWorks,TanzlMusi-Edition,Zusatzstimme,,,,Volksmusik - Band 2 - Zusatzstimme Horn 1 in F,additional_voice,physical,Horn,1,F,,,,,,,PHYSICAL,Volksmusik #2 - Horn 1 in F,VM#2 Hrn1-F,VM#2_Hrn1-F,"Zustatzstimmen für die Edition TanzlMusi
Weitere Zusatzstimmen auf Anfrage!",SOURCE,WIX,Weitere Zusatzstimmen auf Anfrage!,,,,,B2B,7.00,10.00,7.70,EUR,ERP_NET,0.00,false,75.0,,,,,,,,,,,,,,,,,,,true,true,product_40ea7b33-b5ed-fbb0-d2f0-a4f33fd9aac3,product_40ea7b33-b5ed-fbb0-d2f0-a4f33fd9aac3,true,ZST Tanzlmusi GEDRUCKT|B2B,4f718e_519bf6074635402586a95ea8546eed97~mv2.jpg,<p>Zustatzstimmen für die Edition TanzlMusi</p><p>Weitere Zusatzstimmen auf Anfrage!</p>,true,XeisWorks_Hefte,false,ZS - Horn 1 in F,Zusatzstimmen TanzlMusi GEDRUCKT [#2 Volksmusik frisch gewaschen],ZST #2 Volksmusik: Hrn.1,XLSX_SOT_NORMALIZED,Produktpalette(2).xlsx:XeisWorks,19,EXACT,,false,,,
XW-102.3-D,XW-102.3-D,,XW-102.3,1f85ab30-f435-572d-ae60-2550bdb0301f,ZUSATZSTIMME|volksmusik #2 - horn 1 in f,HIGH,false,FORMAT_VARIANT,live,ACTIVE,true,false,XeisWorks,TanzlMusi-Edition,Zusatzstimme,,,,Volksmusik - Band 2 - Zusatzstimme Horn 1 in F,additional_voice,digital,Horn,1,F,,,,,,,DIGITAL,Volksmusik #2 - Horn 1 in F,VM#2 Hrn1-F,VM#2_Hrn1-F,Volksmusik #2 - Horn 1 in F ist eine Zusatzstimmen-Ausgabe im XeisWorks-Produktkatalog.,AUTO_DRAFT,GENERATED,Format: DIGITAL,Kategorie: Zusatzstimme,,,,,7.00,10.00,7.70,EUR,ERP_NET_10PCT_ROW,0.00,true,,,,,,,,,,,,,,,,,,,,false,true,,,,,,,true,XeisWorks digital,false,ZS - Horn 1 in F,,VM#2 - 2.Stimme: Horn 1 in F || ZST VM#2: Hrn.1 in F,XLSX_SOT_NORMALIZED,Produktpalette(2).xlsx:XeisWorks,19,DERIVED,,true,"sevdesk enthält die SKU doppelt; 10%-USt.-Zeile mit 7,00 EUR netto behalten, alte 7%-Zeile bereinigen.",,
XW-102.3_D,XW-102.3_D,,XW-102.3,1f85ab30-f435-572d-ae60-2550bdb0301f,ZUSATZSTIMME|volksmusik #2 - horn 1 in f,HIGH,false,FORMAT_VARIANT,live,ACTIVE,true,false,XeisWorks,TanzlMusi-Edition,Zusatzstimme,,,,Volksmusik - Band 2 - Zusatzstimme Horn 1 in F,additional_voice,digital,Horn,1,F,,,,,,,PRINT_AT_HOME,Volksmusik #2 - Horn 1 in F,VM#2 Hrn1-F,VM#2_Hrn1-F,Volksmusik #2 - Horn 1 in F ist eine Zusatzstimmen-Ausgabe im XeisWorks-Produktkatalog.,AUTO_DRAFT,GENERATED,Format: PRINT_AT_HOME,Kategorie: Zusatzstimme,,,,,7.00,10.00,7.70,EUR,ERP_NET,0.00,false,,,,,,,,,,,,,,,,,,,,false,true,,,,,,,true,XeisWorks_Print@Home,false,ZS - Horn 1 in F,,VM#2 - 2.Stimme: Horn 1 in F,XLSX_SOT_NORMALIZED,Produktpalette(2).xlsx:XeisWorks,19,DERIVED,,false,,,
XW-102.4,XW-102.4,,,88643123-0876-5941-a123-99a98035d137,ZUSATZSTIMME|volksmusik #2 - horn 2 in f,HIGH,true,CANONICAL,live,ACTIVE,true,false,XeisWorks,TanzlMusi-Edition,Zusatzstimme,,,,Volksmusik - Band 2 - Zusatzstimme Horn 2 in F,additional_voice,physical,Horn,2,F,,,,,,,PHYSICAL,Volksmusik #2 - Horn 2 in F,VM#2 Hrn2-F,VM#2_Hrn2-F,"Zustatzstimmen für die Edition TanzlMusi
Weitere Zusatzstimmen auf Anfrage!",SOURCE,WIX,Weitere Zusatzstimmen auf Anfrage!,,,,,B2B,7.00,10.00,7.70,EUR,ERP_NET,0.00,false,75.0,,,,,,,,,,,,,,,,,,,true,true,product_40ea7b33-b5ed-fbb0-d2f0-a4f33fd9aac3,product_40ea7b33-b5ed-fbb0-d2f0-a4f33fd9aac3,true,ZST Tanzlmusi GEDRUCKT|B2B,4f718e_519bf6074635402586a95ea8546eed97~mv2.jpg,<p>Zustatzstimmen für die Edition TanzlMusi</p><p>Weitere Zusatzstimmen auf Anfrage!</p>,true,XeisWorks_Hefte,false,ZS - Horn 2 in F,Zusatzstimmen TanzlMusi GEDRUCKT [#2 Volksmusik frisch gewaschen],ZST #2 Volksmusik: Hrn.2,XLSX_SOT_NORMALIZED,Produktpalette(2).xlsx:XeisWorks,20,EXACT,,false,,,
XW-102.4-D,XW-102.4-D,,XW-102.4,88643123-0876-5941-a123-99a98035d137,ZUSATZSTIMME|volksmusik #2 - horn 2 in f,HIGH,false,FORMAT_VARIANT,live,ACTIVE,true,false,XeisWorks,TanzlMusi-Edition,Zusatzstimme,,,,Volksmusik - Band 2 - Zusatzstimme Horn 2 in F,additional_voice,digital,Horn,2,F,,,,,,,DIGITAL,Volksmusik #2 - Horn 2 in F,VM#2 Hrn2-F,VM#2_Hrn2-F,Volksmusik #2 - Horn 2 in F ist eine Zusatzstimmen-Ausgabe im XeisWorks-Produktkatalog.,AUTO_DRAFT,GENERATED,Format: DIGITAL,Kategorie: Zusatzstimme,,,,,7.00,10.00,7.70,EUR,ERP_NET,0.00,true,,,,,,,,,,,,,,,,,,,,false,true,,,,,,,true,XeisWorks digital,false,ZS - Horn 2 in F,,ZST VM#2: Hrn.2 in F,XLSX_SOT_NORMALIZED,Produktpalette(2).xlsx:XeisWorks,20,DERIVED,,false,,,
XW-102.5,XW-102.5,,,ba2644c2-0c05-5fc4-8a2e-649b23e87871,ZUSATZSTIMME|volksmusik #2 - tuba in b,HIGH,true,CANONICAL,live,ACTIVE,true,false,XeisWorks,TanzlMusi-Edition,Zusatzstimme,,,,Volksmusik - Band 2 - Zusatzstimme Tuba in B,additional_voice,physical,Tuba,,B,,,,,,,PHYSICAL,Volksmusik #2 - Tuba in B,VM#2 Tuba-B,VM#2_Tuba-B,"Zustatzstimmen für die Edition TanzlMusi
Weitere Zusatzstimmen auf Anfrage!",SOURCE,WIX,Weitere Zusatzstimmen auf Anfrage!,,,,,B2B,7.00,10.00,7.70,EUR,ERP_NET,0.00,false,75.0,,,,,,,,,,,,,,,,,,,true,true,product_40ea7b33-b5ed-fbb0-d2f0-a4f33fd9aac3,product_40ea7b33-b5ed-fbb0-d2f0-a4f33fd9aac3,true,ZST Tanzlmusi GEDRUCKT|B2B,4f718e_519bf6074635402586a95ea8546eed97~mv2.jpg,<p>Zustatzstimmen für die Edition TanzlMusi</p><p>Weitere Zusatzstimmen auf Anfrage!</p>,true,XeisWorks_Hefte,false,ZS - Tuba in Bb,Zusatzstimmen TanzlMusi GEDRUCKT [#2 Volksmusik frisch gewaschen],ZST #2 Volksmusik: Tb. in Bb,XLSX_SOT_NORMALIZED,Produktpalette(2).xlsx:XeisWorks,21,EXACT,,false,,,
XW-102.5-D,XW-102.5-D,,XW-102.5,ba2644c2-0c05-5fc4-8a2e-649b23e87871,ZUSATZSTIMME|volksmusik #2 - tuba in b,HIGH,false,FORMAT_VARIANT,live,ACTIVE,true,false,XeisWorks,TanzlMusi-Edition,Zusatzstimme,,,,Volksmusik - Band 2 - Zusatzstimme Tuba in B,additional_voice,digital,Tuba,,B,,,,,,,DIGITAL,Volksmusik #2 - Tuba in B,VM#2 Tuba-B,VM#2_Tuba-B,Volksmusik #2 - Tuba in B ist eine Zusatzstimmen-Ausgabe im XeisWorks-Produktkatalog.,AUTO_DRAFT,GENERATED,Format: DIGITAL,Kategorie: Zusatzstimme,,,,,7.00,10.00,7.70,EUR,ERP_NET,0.00,true,,,,,,,,,,,,,,,,,,,,false,true,,,,,,,true,XeisWorks digital,false,ZS - Tuba in Bb,,ZST VM#2: Tuba in Bb,XLSX_SOT_NORMALIZED,Produktpalette(2).xlsx:XeisWorks,21,DERIVED,,false,,,
XW-102.6,XW-102.6,,,e1ad9259-075f-5849-884b-d00bab723218,ZUSATZSTIMME|volksmusik #2 - horn/basstrompete 1 in es,HIGH,true,CANONICAL,live,ACTIVE,true,false,XeisWorks,TanzlMusi-Edition,Zusatzstimme,,,,Volksmusik - Band 2 - Zusatzstimme Hrn/Btp. 1 in Es,additional_voice,digital,,1,Es,,,,,,,DIGITAL,Volksmusik #2 - Horn/Basstrompete 1 in Es,VM#2 Hrn/Btp1-Es,VM#2_Hrn/Btp1-Es,Volksmusik #2 - Horn/Basstrompete 1 in Es ist eine Zusatzstimmen-Ausgabe im XeisWorks-Produktkatalog.,AUTO_DRAFT,GENERATED,Format: DIGITAL,Kategorie: Zusatzstimme,,,,,7.00,10.00,7.70,EUR,ERP_NET,0.00,true,,,,,,,,,,,,,,,,,,,,false,true,,,,,,,true,XeisWorks digital,false,ZS - Hrn/Btp. 1 in Es,,ZST VM#2: Btp./Hrn.1 in Es,XLSX_SOT_NORMALIZED,Produktpalette(2).xlsx:XeisWorks,22,EXACT,,false,,,
XW-102.7,XW-102.7,,,c3a95d57-b70e-5c29-8e45-23d939bad2f4,ZUSATZSTIMME|volksmusik #2 - horn/basstrompete 2 in es,HIGH,true,CANONICAL,live,ACTIVE,true,false,XeisWorks,TanzlMusi-Edition,Zusatzstimme,,,,Volksmusik - Band 2 - Zusatzstimme Hrn/Btp. 2 in Es,additional_voice,physical,,2,Es,,,,,,,PHYSICAL,Volksmusik #2 - Horn/Basstrompete 2 in Es,VM#2 Hrn/Btp2-Es,VM#2_Hrn/Btp2-Es,Volksmusik #2 - Horn/Basstrompete 2 in Es ist eine Zusatzstimmen-Ausgabe im XeisWorks-Produktkatalog.,AUTO_DRAFT,GENERATED,Format: PHYSICAL,Kategorie: Zusatzstimme,,,,,,10.00,,EUR,,,,,,,,,,,,,,,,,,,,,,,false,true,,,,,,,false,,false,ZS - Hrn/Btp. 2 in Es,,,XLSX_SOT_NORMALIZED,Produktpalette(2).xlsx:XeisWorks,23,EXACT,,false,,,
XW-102.8,XW-102.8,,,f9838e97-3b07-57c4-a0d5-967808ed9142,ZUSATZSTIMME|volksmusik #2 - tuba in es,HIGH,true,CANONICAL,live,ACTIVE,true,false,XeisWorks,TanzlMusi-Edition,Zusatzstimme,,,,Volksmusik - Band 2 - Zusatzstimme Tuba in Es,additional_voice,physical,Tuba,,Es,,,,,,,PHYSICAL,Volksmusik #2 - Tuba in Es,VM#2 Tuba-Es,VM#2_Tuba-Es,Volksmusik #2 - Tuba in Es ist eine Zusatzstimmen-Ausgabe im XeisWorks-Produktkatalog.,AUTO_DRAFT,GENERATED,Instrument: Tuba,Format: PHYSICAL,Kategorie: Zusatzstimme,,,,,10.00,,EUR,,,,,,,,,,,,,,,,,,,,,,,false,true,,,,,,,false,,false,ZS - Tuba in Eb,,,XLSX_SOT_NORMALIZED,Produktpalette(2).xlsx:XeisWorks,24,EXACT,,false,,,
XW-103,XW-103,,,034fa0d1-4ad6-5724-bef7-a397938daeee,HEFT|volksmusik #3,HIGH,true,CANONICAL,live,ACTIVE,true,false,XeisWorks,TanzlMusi-Edition,Heft,Volksmusik,VM,3,Volksmusik - Band 3,EDITION,physical,,,,,,,,,,PHYSICAL,Volksmusik #3,VM#3,VM#3,"Volksmusik aus dem Alpenraum
für variable Tanzlmusi-Besetzung",SOURCE,WIX,für variable Tanzlmusi-Besetzung,,,,,B2B,39.00,10.00,42.90,EUR,ERP_NET,0.00,false,300.0,,,,,,,,,,,,,,,,,,,true,true,product_5d62b08f-60f1-c3d4-eeaf-c78e75e05627,product_5d62b08f-60f1-c3d4-eeaf-c78e75e05627,true,TanzlMusi GESAMT|TanzlMusi HEFTE|B2B,4f718e_af763a5633b548ed888cc4f9300e3d64~mv2.jpg|4f718e_48e85c9faf2c4f0790745bd33bc4366f|4f718e_1903d4e614664fd4bef03bb7defdb020~mv2.jpg|4f718e_de2ac4060da44ca59dcfb6214f710253~mv2.jpg|4f718e_0a350aef529c43f78e3660b67e59ff19~mv2.jpg|4f718e_18175b60208d404a9c958ff9c1b50f11~mv2.jpg|4f718e_1268b87d6d674f44990330a3810ce4fe~mv2.jpg|4f718e_fbb89bbce34b4d128e664e461e1eb09a~mv2.jpg|4f718e_6639042a63794989913090fd78376ae8~mv2.jpg,<p><strong>Volksmusik aus dem Alpenraum</strong></p><p>für variable Tanzlmusi-Besetzung</p>,true,XeisWorks_Hefte,false,Volksmusik - Band 3,Volksmusik frisch gewaschen #3,#3 Volksmusik,XLSX_SOT_NORMALIZED,Produktpalette(2).xlsx:XeisWorks,26,EXACT,,false,,,
XW-103.1,XW-103.1,,,a141b0ac-6640-5c7d-9a48-31c239be38a7,ZUSATZSTIMME|volksmusik #3 - flügelhorn 1 in c,HIGH,true,CANONICAL,live,ACTIVE,true,false,XeisWorks,TanzlMusi-Edition,Zusatzstimme,,,,Volksmusik - Band 3 - Zusatzstimme Flügelhorn 1 in C,additional_voice,physical,Flügelhorn,1,C,,,,,,,PHYSICAL,Volksmusik #3 - Flügelhorn 1 in C,VM#3 Flgh1-C,VM#3_Flgh1-C,Volksmusik #3 - Flügelhorn 1 in C ist eine Zusatzstimmen-Ausgabe im XeisWorks-Produktkatalog.,AUTO_DRAFT,GENERATED,Instrument: Flügelhorn,Format: PHYSICAL,Kategorie: Zusatzstimme,,,,,10.00,,EUR,,,,,,,,,,,,,,,,,,,,,,,false,true,,,,,,,false,,false,ZS - Flügelhorn 1 in C,,,XLSX_SOT_NORMALIZED,Produktpalette(2).xlsx:XeisWorks,27,EXACT,,false,,,
XW-103.2,XW-103.2,,,0b8970e8-f862-517a-a64e-74e7b28dcc40,ZUSATZSTIMME|volksmusik #3 - flügelhorn 2 in c,HIGH,true,CANONICAL,live,ACTIVE,true,false,XeisWorks,TanzlMusi-Edition,Zusatzstimme,,,,Volksmusik - Band 3 - Zusatzstimme Flügelhorn 2 in C,additional_voice,physical,Flügelhorn,2,C,,,,,,,PHYSICAL,Volksmusik #3 - Flügelhorn 2 in C,VM#3 Flgh2-C,VM#3_Flgh2-C,Volksmusik #3 - Flügelhorn 2 in C ist eine Zusatzstimmen-Ausgabe im XeisWorks-Produktkatalog.,AUTO_DRAFT,GENERATED,Instrument: Flügelhorn,Format: PHYSICAL,Kategorie: Zusatzstimme,,,,,10.00,,EUR,,,,,,,,,,,,,,,,,,,,,,,false,true,,,,,,,false,,false,ZS - Flügelhorn 2 in C,,,XLSX_SOT_NORMALIZED,Produktpalette(2).xlsx:XeisWorks,28,EXACT,,false,,,
XW-103.3,XW-103.3,,,49e9e087-2adf-5084-bba2-5ad5d4c14138,ZUSATZSTIMME|volksmusik #3 - horn 1 in f,HIGH,true,CANONICAL,live,ACTIVE,true,false,XeisWorks,TanzlMusi-Edition,Zusatzstimme,,,,Volksmusik - Band 3 - Zusatzstimme Horn 1 in F,additional_voice,physical,Horn,1,F,,,,,,,PHYSICAL,Volksmusik #3 - Horn 1 in F,VM#3 Hrn1-F,VM#3_Hrn1-F,"Zustatzstimmen für die Edition TanzlMusi
Weitere Zusatzstimmen auf Anfrage!",SOURCE,WIX,Weitere Zusatzstimmen auf Anfrage!,,,,,B2B,7.00,10.00,7.70,EUR,ERP_NET,0.00,false,75.0,,,,,,,,,,,,,,,,,,,true,true,product_40ea7b33-b5ed-fbb0-d2f0-a4f33fd9aac3,product_40ea7b33-b5ed-fbb0-d2f0-a4f33fd9aac3,true,ZST Tanzlmusi GEDRUCKT|B2B,4f718e_519bf6074635402586a95ea8546eed97~mv2.jpg,<p>Zustatzstimmen für die Edition TanzlMusi</p><p>Weitere Zusatzstimmen auf Anfrage!</p>,true,XeisWorks_Hefte,false,ZS - Horn 1 in F,Zusatzstimmen TanzlMusi GEDRUCKT [#3 Volksmusik frisch gewaschen],ZST #3 Volksmusik: Hrn.1,XLSX_SOT_NORMALIZED,Produktpalette(2).xlsx:XeisWorks,29,EXACT,,false,,,
XW-103.3-D,XW-103.3-D,,XW-103.3,49e9e087-2adf-5084-bba2-5ad5d4c14138,ZUSATZSTIMME|volksmusik #3 - horn 1 in f,HIGH,false,FORMAT_VARIANT,live,ACTIVE,true,false,XeisWorks,TanzlMusi-Edition,Zusatzstimme,,,,Volksmusik - Band 3 - Zusatzstimme Horn 1 in F,additional_voice,digital,Horn,1,F,,,,,,,DIGITAL,Volksmusik #3 - Horn 1 in F,VM#3 Hrn1-F,VM#3_Hrn1-F,Volksmusik #3 - Horn 1 in F ist eine Zusatzstimmen-Ausgabe im XeisWorks-Produktkatalog.,AUTO_DRAFT,GENERATED,Format: DIGITAL,Kategorie: Zusatzstimme,,,,,7.00,10.00,7.70,EUR,ERP_NET,0.00,true,,,,,,,,,,,,,,,,,,,,false,true,,,,,,,true,XeisWorks digital,false,ZS - Horn 1 in F,,ZST VM#3: Hrn.1 in F,XLSX_SOT_NORMALIZED,Produktpalette(2).xlsx:XeisWorks,29,DERIVED,,false,,,
XW-103.4,XW-103.4,,,9043b917-fd95-58d0-b7ef-3ead4ed7cb79,ZUSATZSTIMME|volksmusik #3 - horn 2 in f,HIGH,true,CANONICAL,live,ACTIVE,true,false,XeisWorks,TanzlMusi-Edition,Zusatzstimme,,,,Volksmusik - Band 3 - Zusatzstimme Horn 2 in F,additional_voice,physical,Horn,2,F,,,,,,,PHYSICAL,Volksmusik #3 - Horn 2 in F,VM#3 Hrn2-F,VM#3_Hrn2-F,"Zustatzstimmen für die Edition TanzlMusi
Weitere Zusatzstimmen auf Anfrage!",SOURCE,WIX,Weitere Zusatzstimmen auf Anfrage!,,,,,B2B,7.00,10.00,7.70,EUR,ERP_NET,0.00,false,75.0,,,,,,,,,,,,,,,,,,,true,true,product_40ea7b33-b5ed-fbb0-d2f0-a4f33fd9aac3,product_40ea7b33-b5ed-fbb0-d2f0-a4f33fd9aac3,true,ZST Tanzlmusi GEDRUCKT|B2B,4f718e_519bf6074635402586a95ea8546eed97~mv2.jpg,<p>Zustatzstimmen für die Edition TanzlMusi</p><p>Weitere Zusatzstimmen auf Anfrage!</p>,true,XeisWorks_Hefte,false,ZS - Horn 2 in F,Zusatzstimmen TanzlMusi GEDRUCKT [#3 Volksmusik frisch gewaschen],ZST #3 Volksmusik: Hrn.2,XLSX_SOT_NORMALIZED,Produktpalette(2).xlsx:XeisWorks,30,EXACT,,false,,,
XW-103.4-D,XW-103.4-D,,XW-103.4,9043b917-fd95-58d0-b7ef-3ead4ed7cb79,ZUSATZSTIMME|volksmusik #3 - horn 2 in f,HIGH,false,FORMAT_VARIANT,live,ACTIVE,true,false,XeisWorks,TanzlMusi-Edition,Zusatzstimme,,,,Volksmusik - Band 3 - Zusatzstimme Horn 2 in F,additional_voice,digital,Horn,2,F,,,,,,,DIGITAL,Volksmusik #3 - Horn 2 in F,VM#3 Hrn2-F,VM#3_Hrn2-F,Volksmusik #3 - Horn 2 in F ist eine Zusatzstimmen-Ausgabe im XeisWorks-Produktkatalog.,AUTO_DRAFT,GENERATED,Format: DIGITAL,Kategorie: Zusatzstimme,,,,,7.00,10.00,7.70,EUR,ERP_NET,0.00,true,,,,,,,,,,,,,,,,,,,,false,true,,,,,,,true,XeisWorks digital,false,ZS - Horn 2 in F,,ZST VM#3: Hrn.2 in F,XLSX_SOT_NORMALIZED,Produktpalette(2).xlsx:XeisWorks,30,DERIVED,,false,,,
XW-103.4_D,XW-103.4_D,,XW-103.4,9043b917-fd95-58d0-b7ef-3ead4ed7cb79,ZUSATZSTIMME|volksmusik #3 - horn 2 in f,HIGH,false,FORMAT_VARIANT,live,ACTIVE,true,false,XeisWorks,TanzlMusi-Edition,Zusatzstimme,,,,Volksmusik - Band 3 - Zusatzstimme Horn 2 in F,additional_voice,digital,Horn,2,F,,,,,,,DIGITAL,Volksmusik #3 - Horn 2 in F,VM#3 Hrn2-F,VM#3_Hrn2-F,Volksmusik #3 - Horn 2 in F ist eine Zusatzstimmen-Ausgabe im XeisWorks-Produktkatalog.,AUTO_DRAFT,GENERATED,Format: DIGITAL,Kategorie: Zusatzstimme,,,,,7.00,10.00,7.70,EUR,ERP_NET,0.00,false,,,,,,,,,,,,,,,,,,,,false,true,,,,,,,true,XeisWorks digital,false,ZS - Horn 2 in F,,VM#3 - 3.Stimme: Hrn.2 F,XLSX_SOT_NORMALIZED,Produktpalette(2).xlsx:XeisWorks,30,DERIVED,,false,,,
XW-103.5,XW-103.5,,,b1a79747-406b-5a53-940e-8325abd7f40b,ZUSATZSTIMME|volksmusik #3 - tuba in b,HIGH,true,CANONICAL,live,ACTIVE,true,false,XeisWorks,TanzlMusi-Edition,Zusatzstimme,,,,Volksmusik - Band 3 - Zusatzstimme Tuba in B,additional_voice,physical,Tuba,,B,,,,,,,PHYSICAL,Volksmusik #3 - Tuba in B,VM#3 Tuba-B,VM#3_Tuba-B,"Zustatzstimmen für die Edition TanzlMusi
Weitere Zusatzstimmen auf Anfrage!",SOURCE,WIX,Weitere Zusatzstimmen auf Anfrage!,,,,,B2B,7.00,10.00,7.70,EUR,ERP_NET,0.00,false,75.0,,,,,,,,,,,,,,,,,,,true,true,product_40ea7b33-b5ed-fbb0-d2f0-a4f33fd9aac3,product_40ea7b33-b5ed-fbb0-d2f0-a4f33fd9aac3,true,ZST Tanzlmusi GEDRUCKT|B2B,4f718e_519bf6074635402586a95ea8546eed97~mv2.jpg,<p>Zustatzstimmen für die Edition TanzlMusi</p><p>Weitere Zusatzstimmen auf Anfrage!</p>,true,XeisWorks_Hefte,false,ZS - Tuba in Bb,Zusatzstimmen TanzlMusi GEDRUCKT [#3 Volksmusik frisch gewaschen],ZST #3 Volksmusik: Tb. in Bb,XLSX_SOT_NORMALIZED,Produktpalette(2).xlsx:XeisWorks,31,EXACT,,false,,,
XW-103.5-D,XW-103.5-D,,XW-103.5,b1a79747-406b-5a53-940e-8325abd7f40b,ZUSATZSTIMME|volksmusik #3 - tuba in b,HIGH,false,FORMAT_VARIANT,live,ACTIVE,true,false,XeisWorks,TanzlMusi-Edition,Zusatzstimme,,,,Volksmusik - Band 3 - Zusatzstimme Tuba in B,additional_voice,digital,Tuba,,B,,,,,,,DIGITAL,Volksmusik #3 - Tuba in B,VM#3 Tuba-B,VM#3_Tuba-B,Volksmusik #3 - Tuba in B ist eine Zusatzstimmen-Ausgabe im XeisWorks-Produktkatalog.,AUTO_DRAFT,GENERATED,Format: DIGITAL,Kategorie: Zusatzstimme,,,,,7.00,10.00,7.70,EUR,ERP_NET,0.00,true,,,,,,,,,,,,,,,,,,,,false,true,,,,,,,true,XeisWorks digital,false,ZS - Tuba in Bb,,ZST VM#3: Tuba in Bb,XLSX_SOT_NORMALIZED,Produktpalette(2).xlsx:XeisWorks,31,DERIVED,,false,,,
XW-103.6,XW-103.6,,,a019c0af-cd74-5cc1-8701-f5458198e674,ZUSATZSTIMME|volksmusik #3 - horn/basstrompete 1 in es,HIGH,true,CANONICAL,live,ACTIVE,true,false,XeisWorks,TanzlMusi-Edition,Zusatzstimme,,,,Volksmusik - Band 3 - Zusatzstimme Hrn/Btp. 1 in Es,additional_voice,digital,,1,Es,,,,,,,DIGITAL,Volksmusik #3 - Horn/Basstrompete 1 in Es,VM#3 Hrn/Btp1-Es,VM#3_Hrn/Btp1-Es,Volksmusik #3 - Horn/Basstrompete 1 in Es ist eine Zusatzstimmen-Ausgabe im XeisWorks-Produktkatalog.,AUTO_DRAFT,GENERATED,Format: DIGITAL,Kategorie: Zusatzstimme,,,,,7.00,10.00,7.70,EUR,ERP_NET,0.00,true,,,,,,,,,,,,,,,,,,,,false,true,,,,,,,true,XeisWorks digital,false,ZS - Hrn/Btp. 1 in Es,,ZST VM#1: Btp.1/Es,XLSX_SOT_NORMALIZED,Produktpalette(2).xlsx:XeisWorks,32,EXACT,,false,,,
XW-103.7,XW-103.7,,,79e7bf1b-c0fa-592c-aeb2-c9943d10000b,ZUSATZSTIMME|volksmusik #3 - horn/basstrompete 2 in es,HIGH,true,CANONICAL,live,ACTIVE,true,false,XeisWorks,TanzlMusi-Edition,Zusatzstimme,,,,Volksmusik - Band 3 - Zusatzstimme Hrn/Btp. 2 in Es,additional_voice,physical,,2,Es,,,,,,,PHYSICAL,Volksmusik #3 - Horn/Basstrompete 2 in Es,VM#3 Hrn/Btp2-Es,VM#3_Hrn/Btp2-Es,Volksmusik #3 - Horn/Basstrompete 2 in Es ist eine Zusatzstimmen-Ausgabe im XeisWorks-Produktkatalog.,AUTO_DRAFT,GENERATED,Format: PHYSICAL,Kategorie: Zusatzstimme,,,,,,10.00,,EUR,,,,,,,,,,,,,,,,,,,,,,,false,true,,,,,,,false,,false,ZS - Hrn/Btp. 2 in Es,,,XLSX_SOT_NORMALIZED,Produktpalette(2).xlsx:XeisWorks,33,EXACT,,false,,,
XW-103.8,XW-103.8,,,ba8a7e18-bbcc-5b52-9ddf-97fe7947a282,ZUSATZSTIMME|volksmusik #3 - tuba in es,HIGH,true,CANONICAL,live,ACTIVE,true,false,XeisWorks,TanzlMusi-Edition,Zusatzstimme,,,,Volksmusik - Band 3 - Zusatzstimme Tuba in Es,additional_voice,physical,Tuba,,Es,,,,,,,PHYSICAL,Volksmusik #3 - Tuba in Es,VM#3 Tuba-Es,VM#3_Tuba-Es,Volksmusik #3 - Tuba in Es ist eine Zusatzstimmen-Ausgabe im XeisWorks-Produktkatalog.,AUTO_DRAFT,GENERATED,Instrument: Tuba,Format: PHYSICAL,Kategorie: Zusatzstimme,,,,,10.00,,EUR,,,,,,,,,,,,,,,,,,,,,,,false,true,,,,,,,false,,false,ZS - Tuba in Eb,,,XLSX_SOT_NORMALIZED,Produktpalette(2).xlsx:XeisWorks,34,EXACT,,false,,,
XW-104,XW-104,,,1cf42340-65e5-5a26-9df6-315670a91c0e,HEFT|volksmusik #4,HIGH,true,CANONICAL,live,ACTIVE,true,false,XeisWorks,TanzlMusi-Edition,Heft,Volksmusik,VM,4,Volksmusik - Band 4,EDITION,physical,,,,,,,,,,PHYSICAL,Volksmusik #4,VM#4,VM#4,"Volksmusik aus dem Alpenraum
für variable Tanzlmusi-Besetzung",SOURCE,WIX,für variable Tanzlmusi-Besetzung,,,,,B2B,39.00,10.00,42.90,EUR,ERP_NET,0.00,false,300.0,,,,,,,,,,,,,,,,,,,true,true,product_0984b83a-4f5e-f3c4-3d50-f0454315dfae,product_0984b83a-4f5e-f3c4-3d50-f0454315dfae,true,TanzlMusi GESAMT|TanzlMusi HEFTE|B2B,4f718e_6bf1b472d1ad4a5b9e72d852461fbcee~mv2.jpg|4f718e_60b66bab84e948b7b0adc53e637a0829|4f718e_0cc01bfe44934adca1acb8589af10b15~mv2.jpg|4f718e_8dfb399f410c43ccb2287a5d6684cb1d~mv2.jpg|4f718e_4fbdbfb8c9aa4b1f905e65f94a1b4f60~mv2.jpg|4f718e_1395ed5d324d43e486f788cacff4c069~mv2.jpg|4f718e_c2c5374451444521ae8a54cad575cad1~mv2.jpg|4f718e_2418fae0daa04165bae9f253402e3fd9~mv2.jpg|4f718e_29255e5f774c4a779aa890b5a2e6e0c8~mv2.jpg,<p><strong>Volksmusik aus dem Alpenraum</strong></p><p>für variable Tanzlmusi-Besetzung</p>,true,XeisWorks_Hefte,false,Volksmusik - Band 4,Volksmusik frisch gewaschen #4,#4 Volksmusik,XLSX_SOT_NORMALIZED,Produktpalette(2).xlsx:XeisWorks,36,EXACT,,false,,,
XW-104.1,XW-104.1,,,051db7f4-d55a-59db-9819-3eb33f7ac52f,ZUSATZSTIMME|volksmusik #4 - flügelhorn 1 in c,HIGH,true,CANONICAL,live,ACTIVE,true,false,XeisWorks,TanzlMusi-Edition,Zusatzstimme,,,,Volksmusik - Band 4 - Zusatzstimme Flügelhorn 1 in C,additional_voice,physical,Flügelhorn,1,C,,,,,,,PHYSICAL,Volksmusik #4 - Flügelhorn 1 in C,VM#4 Flgh1-C,VM#4_Flgh1-C,Volksmusik #4 - Flügelhorn 1 in C ist eine Zusatzstimmen-Ausgabe im XeisWorks-Produktkatalog.,AUTO_DRAFT,GENERATED,Instrument: Flügelhorn,Format: PHYSICAL,Kategorie: Zusatzstimme,,,,,10.00,,EUR,,,,,,,,,,,,,,,,,,,,,,,false,true,,,,,,,false,,false,ZS - Flügelhorn 1 in C,,,XLSX_SOT_NORMALIZED,Produktpalette(2).xlsx:XeisWorks,37,EXACT,,false,,,
XW-104.2,XW-104.2,,,a1613b99-ca17-56ee-9182-085a8ee0ae24,ZUSATZSTIMME|volksmusik #4 - flügelhorn 2 in c,HIGH,true,CANONICAL,live,ACTIVE,true,false,XeisWorks,TanzlMusi-Edition,Zusatzstimme,,,,Volksmusik - Band 4 - Zusatzstimme Flügelhorn 2 in C,additional_voice,physical,Flügelhorn,2,C,,,,,,,PHYSICAL,Volksmusik #4 - Flügelhorn 2 in C,VM#4 Flgh2-C,VM#4_Flgh2-C,Volksmusik #4 - Flügelhorn 2 in C ist eine Zusatzstimmen-Ausgabe im XeisWorks-Produktkatalog.,AUTO_DRAFT,GENERATED,Instrument: Flügelhorn,Format: PHYSICAL,Kategorie: Zusatzstimme,,,,,10.00,,EUR,,,,,,,,,,,,,,,,,,,,,,,false,true,,,,,,,false,,false,ZS - Flügelhorn 2 in C,,,XLSX_SOT_NORMALIZED,Produktpalette(2).xlsx:XeisWorks,38,EXACT,,false,,,
XW-104.3,XW-104.3,,,e8b58d26-98d0-5e44-abc0-c2cd642963dd,ZUSATZSTIMME|volksmusik #4 - horn 1 in f,HIGH,true,CANONICAL,live,ACTIVE,true,false,XeisWorks,TanzlMusi-Edition,Zusatzstimme,,,,Volksmusik - Band 4 - Zusatzstimme Horn 1 in F,additional_voice,physical,Horn,1,F,,,,,,,PHYSICAL,Volksmusik #4 - Horn 1 in F,VM#4 Hrn1-F,VM#4_Hrn1-F,"Zustatzstimmen für die Edition TanzlMusi
Weitere Zusatzstimmen auf Anfrage!",SOURCE,WIX,Weitere Zusatzstimmen auf Anfrage!,,,,,B2B,7.00,10.00,7.70,EUR,ERP_NET,0.00,true,75.0,,,,,,,,,,,,,,,,,,,true,true,product_40ea7b33-b5ed-fbb0-d2f0-a4f33fd9aac3,product_40ea7b33-b5ed-fbb0-d2f0-a4f33fd9aac3,true,ZST Tanzlmusi GEDRUCKT|B2B,4f718e_519bf6074635402586a95ea8546eed97~mv2.jpg,<p>Zustatzstimmen für die Edition TanzlMusi</p><p>Weitere Zusatzstimmen auf Anfrage!</p>,true,XeisWorks_Hefte,false,ZS - Horn 1 in F,Zusatzstimmen TanzlMusi GEDRUCKT [#4 Volksmusik frisch gewaschen],ZST #4 Volksmusik: Hrn.1,XLSX_SOT_NORMALIZED,Produktpalette(2).xlsx:XeisWorks,39,EXACT,,false,,,
XW-104.3-D,XW-104.3-D,,XW-104.3,e8b58d26-98d0-5e44-abc0-c2cd642963dd,ZUSATZSTIMME|volksmusik #4 - horn 1 in f,HIGH,false,FORMAT_VARIANT,live,ACTIVE,true,false,XeisWorks,TanzlMusi-Edition,Zusatzstimme,,,,Volksmusik - Band 4 - Zusatzstimme Horn 1 in F,additional_voice,digital,Horn,1,F,,,,,,,DIGITAL,Volksmusik #4 - Horn 1 in F,VM#4 Hrn1-F,VM#4_Hrn1-F,Volksmusik #4 - Horn 1 in F ist eine Zusatzstimmen-Ausgabe im XeisWorks-Produktkatalog.,AUTO_DRAFT,GENERATED,Format: DIGITAL,Kategorie: Zusatzstimme,,,,,7.00,10.00,7.70,EUR,ERP_NET,0.00,true,,,,,,,,,,,,,,,,,,,,false,true,,,,,,,true,XeisWorks digital,false,ZS - Horn 1 in F,,ZST VM#4: Hrn. 1 in F,XLSX_SOT_NORMALIZED,Produktpalette(2).xlsx:XeisWorks,39,DERIVED,,false,,,
XW-104.4,XW-104.4,,,c743b594-8258-57d4-b081-b6c80e4cd71b,ZUSATZSTIMME|volksmusik #4 - horn 2 in f,HIGH,true,CANONICAL,live,ACTIVE,true,false,XeisWorks,TanzlMusi-Edition,Zusatzstimme,,,,Volksmusik - Band 4 - Zusatzstimme Horn 2 in F,additional_voice,physical,Horn,2,F,,,,,,,PHYSICAL,Volksmusik #4 - Horn 2 in F,VM#4 Hrn2-F,VM#4_Hrn2-F,"Zustatzstimmen für die Edition TanzlMusi
Weitere Zusatzstimmen auf Anfrage!",SOURCE,WIX,Weitere Zusatzstimmen auf Anfrage!,,,,,B2B,7.00,10.00,7.70,EUR,ERP_NET,0.00,false,75.0,,,,,,,,,,,,,,,,,,,true,true,product_40ea7b33-b5ed-fbb0-d2f0-a4f33fd9aac3,product_40ea7b33-b5ed-fbb0-d2f0-a4f33fd9aac3,true,ZST Tanzlmusi GEDRUCKT|B2B,4f718e_519bf6074635402586a95ea8546eed97~mv2.jpg,<p>Zustatzstimmen für die Edition TanzlMusi</p><p>Weitere Zusatzstimmen auf Anfrage!</p>,true,XeisWorks_Hefte,false,ZS - Horn 2 in F,Zusatzstimmen TanzlMusi GEDRUCKT [#4 Volksmusik frisch gewaschen],ZST #4 Volksmusik: Hrn.2,XLSX_SOT_NORMALIZED,Produktpalette(2).xlsx:XeisWorks,40,EXACT,,false,,,
XW-104.4-D,XW-104.4-D,,XW-104.4,c743b594-8258-57d4-b081-b6c80e4cd71b,ZUSATZSTIMME|volksmusik #4 - horn 2 in f,HIGH,false,FORMAT_VARIANT,live,ACTIVE,true,false,XeisWorks,TanzlMusi-Edition,Zusatzstimme,,,,Volksmusik - Band 4 - Zusatzstimme Horn 2 in F,additional_voice,digital,Horn,2,F,,,,,,,DIGITAL,Volksmusik #4 - Horn 2 in F,VM#4 Hrn2-F,VM#4_Hrn2-F,Volksmusik #4 - Horn 2 in F ist eine Zusatzstimmen-Ausgabe im XeisWorks-Produktkatalog.,AUTO_DRAFT,GENERATED,Format: DIGITAL,Kategorie: Zusatzstimme,,,,,7.00,10.00,7.70,EUR,ERP_NET,0.00,true,,,,,,,,,,,,,,,,,,,,false,true,,,,,,,true,XeisWorks digital,false,ZS - Horn 2 in F,,ZST VM#4: Hrn. 2 in F,XLSX_SOT_NORMALIZED,Produktpalette(2).xlsx:XeisWorks,40,DERIVED,,false,,,
XW-104.5,XW-104.5,,,d38dcbdf-7ca3-5d23-b6c6-545edf7dc830,ZUSATZSTIMME|volksmusik #4 - tuba in b,HIGH,true,CANONICAL,live,ACTIVE,true,false,XeisWorks,TanzlMusi-Edition,Zusatzstimme,,,,Volksmusik - Band 4 - Zusatzstimme Tuba in B,additional_voice,physical,Tuba,,B,,,,,,,PHYSICAL,Volksmusik #4 - Tuba in B,VM#4 Tuba-B,VM#4_Tuba-B,"Zustatzstimmen für die Edition TanzlMusi
Weitere Zusatzstimmen auf Anfrage!",SOURCE,WIX,Weitere Zusatzstimmen auf Anfrage!,,,,,B2B,7.00,10.00,7.70,EUR,ERP_NET,0.00,false,75.0,,,,,,,,,,,,,,,,,,,true,true,product_40ea7b33-b5ed-fbb0-d2f0-a4f33fd9aac3,product_40ea7b33-b5ed-fbb0-d2f0-a4f33fd9aac3,true,ZST Tanzlmusi GEDRUCKT|B2B,4f718e_519bf6074635402586a95ea8546eed97~mv2.jpg,<p>Zustatzstimmen für die Edition TanzlMusi</p><p>Weitere Zusatzstimmen auf Anfrage!</p>,true,XeisWorks_Hefte,false,ZS - Tuba in Bb,Zusatzstimmen TanzlMusi GEDRUCKT [#4 Volksmusik frisch gewaschen],ZST #4 Volksmusik: Tb. in Bb,XLSX_SOT_NORMALIZED,Produktpalette(2).xlsx:XeisWorks,41,EXACT,,false,,,
XW-104.5-D,XW-104.5-D,,XW-104.5,d38dcbdf-7ca3-5d23-b6c6-545edf7dc830,ZUSATZSTIMME|volksmusik #4 - tuba in b,HIGH,false,FORMAT_VARIANT,live,ACTIVE,true,false,XeisWorks,TanzlMusi-Edition,Zusatzstimme,,,,Volksmusik - Band 4 - Zusatzstimme Tuba in B,additional_voice,digital,Tuba,,B,,,,,,,DIGITAL,Volksmusik #4 - Tuba in B,VM#4 Tuba-B,VM#4_Tuba-B,Volksmusik #4 - Tuba in B ist eine Zusatzstimmen-Ausgabe im XeisWorks-Produktkatalog.,AUTO_DRAFT,GENERATED,Format: DIGITAL,Kategorie: Zusatzstimme,,,,,7.00,10.00,7.70,EUR,ERP_NET,0.00,true,,,,,,,,,,,,,,,,,,,,false,true,,,,,,,true,XeisWorks digital,false,ZS - Tuba in Bb,,ZST VM#4: Tb. in Bb,XLSX_SOT_NORMALIZED,Produktpalette(2).xlsx:XeisWorks,41,DERIVED,,false,,,
XW-104.6,XW-104.6,,,88a22fc5-e56b-585e-b25e-8dceb80d2cd1,ZUSATZSTIMME|volksmusik #4 - horn/basstrompete 1 in es,HIGH,true,CANONICAL,live,ACTIVE,true,false,XeisWorks,TanzlMusi-Edition,Zusatzstimme,,,,Volksmusik - Band 4 - Zusatzstimme Hrn/Btp. 1 in Es,additional_voice,digital,,1,Es,,,,,,,DIGITAL,Volksmusik #4 - Horn/Basstrompete 1 in Es,VM#4 Hrn/Btp1-Es,VM#4_Hrn/Btp1-Es,Volksmusik #4 - Horn/Basstrompete 1 in Es ist eine Zusatzstimmen-Ausgabe im XeisWorks-Produktkatalog.,AUTO_DRAFT,GENERATED,Format: DIGITAL,Kategorie: Zusatzstimme,,,,,7.00,10.00,7.70,EUR,ERP_NET,0.00,true,,,,,,,,,,,,,,,,,,,,false,true,,,,,,,true,XeisWorks digital,false,ZS - Hrn/Btp. 1 in Es,,ZST VM#4: Btp.1/Es,XLSX_SOT_NORMALIZED,Produktpalette(2).xlsx:XeisWorks,42,EXACT,,false,,,
XW-104.7,XW-104.7,,,647f8466-a11f-56ea-9a14-6e6b1a82cb09,ZUSATZSTIMME|volksmusik #4 - horn/basstrompete 2 in es,HIGH,true,CANONICAL,live,ACTIVE,true,false,XeisWorks,TanzlMusi-Edition,Zusatzstimme,,,,Volksmusik - Band 4 - Zusatzstimme Hrn/Btp. 2 in Es,additional_voice,physical,,2,Es,,,,,,,PHYSICAL,Volksmusik #4 - Horn/Basstrompete 2 in Es,VM#4 Hrn/Btp2-Es,VM#4_Hrn/Btp2-Es,Volksmusik #4 - Horn/Basstrompete 2 in Es ist eine Zusatzstimmen-Ausgabe im XeisWorks-Produktkatalog.,AUTO_DRAFT,GENERATED,Format: PHYSICAL,Kategorie: Zusatzstimme,,,,,,10.00,,EUR,,,,,,,,,,,,,,,,,,,,,,,false,true,,,,,,,false,,false,ZS - Hrn/Btp. 2 in Es,,,XLSX_SOT_NORMALIZED,Produktpalette(2).xlsx:XeisWorks,43,EXACT,,false,,,
XW-104.8,XW-104.8,,,9997372e-dc61-54da-b295-58f9f1ec749a,ZUSATZSTIMME|volksmusik #4 - tuba in es,HIGH,true,CANONICAL,live,ACTIVE,true,false,XeisWorks,TanzlMusi-Edition,Zusatzstimme,,,,Volksmusik - Band 4 - Zusatzstimme Tuba in Es,additional_voice,physical,Tuba,,Es,,,,,,,PHYSICAL,Volksmusik #4 - Tuba in Es,VM#4 Tuba-Es,VM#4_Tuba-Es,Volksmusik #4 - Tuba in Es ist eine Zusatzstimmen-Ausgabe im XeisWorks-Produktkatalog.,AUTO_DRAFT,GENERATED,Instrument: Tuba,Format: PHYSICAL,Kategorie: Zusatzstimme,,,,,10.00,,EUR,,,,,,,,,,,,,,,,,,,,,,,false,true,,,,,,,false,,false,ZS - Tuba in Eb,,,XLSX_SOT_NORMALIZED,Produktpalette(2).xlsx:XeisWorks,44,EXACT,,false,,,
XW-200,XW-200,,,22304ff1-bffd-5a04-81cf-618fd02de952,NOTEN|ersatzheft,HIGH,true,CANONICAL,live,ACTIVE,true,false,XeisWorks,Blech4er,Noten,,,,Ersatzheft,REPLACEMENT_BOOK,physical,,,,,,,4-stimmig,4,,PHYSICAL,Ersatzheft,Ersatzheft,Ersatzheft,Ersatzheft für die Serie Blech4tett oder Volksmusik frisch gewaschen,SOURCE,WIX,Ersatzheft für die Serie Blech4tett oder Volksmusik frisch gewaschen,,,,,B2B,12.34,10.00,13.57,EUR,ERP_NET,0.00,false,175.0,,,,,,,,,,,,,,,,,,,true,true,product_7ebe5ae0-ae3a-fdc7-e4d4-4fb66d9a408a,product_7ebe5ae0-ae3a-fdc7-e4d4-4fb66d9a408a,true,B2B|Blech4er|Ersatzhefte|TanzlMusi GESAMT|TanzlMusi HEFTE,4f718e_4584317a370f47859ec50b80737470fa~mv2.jpg|4f718e_3f033dfaad494dd29af3d1446167ea2c~mv2.jpg,<p>Ersatzheft für die Serie Blech4tett oder Volksmusik frisch gewaschen</p>,true,,false,Ersatzheft,Ersatzheft,Ersatzheft,XLSX_SOT_NORMALIZED,Produktpalette(2).xlsx:XeisWorks,6,EXACT,,false,,,
XW-201,XW-201,,,63b8d8e2-181e-56fe-bbfb-68ebe1367a4b,HEFT|weihnachtsblech #1,HIGH,true,CANONICAL,live,ACTIVE,true,false,XeisWorks,Blech4er,Heft,WeihnachtsBlech,,1,#1 WeihnachtsBlech,EDITION,physical,,,,,,,4-stimmig,4,,PHYSICAL,WeihnachtsBlech #1,WeihnachtsBlech #1,WeihnachtsBlech#1,"Besinnliche Advents-und Weihnachtsmusik
für variables Blechbläser4tett",SOURCE,WIX,für variables Blechbläser4tett,,,,,B2B,29.00,10.00,31.90,EUR,ERP_NET,0.00,false,250.0,,,,,,,,,,,,,,,,,,,true,true,product_68afc247-f1b2-cc67-6025-00351718db0b,product_68afc247-f1b2-cc67-6025-00351718db0b,true,Blech4er|B2B,4f718e_cfa114219a3f4d57bf4312a01a6577d9~mv2.jpg|4f718e_70844c7f87d841a98c54d49ad9cfba4a|4f718e_e64088fd0f864630839a8c050038b7df~mv2.jpg|4f718e_5186f1be040443a2ab83c66c282fed92~mv2.jpg|4f718e_6a18439dcf7b4aecac264a5dd9ff0780~mv2.jpg|4f718e_dd2fa2608bbc4840be5a19c0cf4068ce~mv2.jpg|4f718e_72e298d2b30a44b3af69311e7749ef2f~mv2.jpg|4f718e_cd7c4761821646688277b3807d85bd17~mv2.jpg,<p><strong>Besinnliche Advents-und Weihnachtsmusik</strong></p><p>für variables Blechbläser4tett</p>,true,XeisWorks_Hefte,false,#1 WeihnachtsBlech,#1 WeihnachtsBlech,#1 WeihnachtsBlech,XLSX_SOT_NORMALIZED,Produktpalette(2).xlsx:XeisWorks,8,EXACT,,false,,,
XW-201.1,XW-201.1,,,2483868c-f8dd-5fa2-907c-82dba5dbdd81,ZUSATZSTIMME|weihnachtsblech #1 - flügelhorn 1 in c,HIGH,true,CANONICAL,live,ACTIVE,true,false,XeisWorks,Blech4er,Zusatzstimme,,,,#1 WeihnachtsBlech - Zusatzstimme Flügelhorn 1 in C,additional_voice,physical,Flügelhorn,1,C,,,,4-stimmig,4,,PHYSICAL,WeihnachtsBlech #1 - Flügelhorn 1 in C,WeihnachtsBlech#1 Flgh1-C,WeihnachtsBlech#1_Flgh1-C,WeihnachtsBlech #1 - Flügelhorn 1 in C ist eine Zusatzstimmen-Ausgabe im XeisWorks-Produktkatalog.,AUTO_DRAFT,GENERATED,Instrument: Flügelhorn,Stimmigkeit/Satz: 4-stimmig,Format: PHYSICAL,Kategorie: Zusatzstimme,,,,10.00,,EUR,,,,,,,,,,,,,,,,,,,,,,,false,true,,,,,,,false,,false,ZS - Flügelhorn 1 in C,,,XLSX_SOT_NORMALIZED,Produktpalette(2).xlsx:XeisWorks,9,EXACT,,false,,,
XW-201.2,XW-201.2,,,e515b5e2-c401-53a5-8e7a-ebba3a5caa68,ZUSATZSTIMME|weihnachtsblech #1 - flügelhorn 2 in c,HIGH,true,CANONICAL,live,ACTIVE,true,false,XeisWorks,Blech4er,Zusatzstimme,,,,#1 WeihnachtsBlech - Zusatzstimme Flügelhorn 2 in C,additional_voice,physical,Flügelhorn,2,C,,,,4-stimmig,4,,PHYSICAL,WeihnachtsBlech #1 - Flügelhorn 2 in C,WeihnachtsBlech#1 Flgh2-C,WeihnachtsBlech#1_Flgh2-C,WeihnachtsBlech #1 - Flügelhorn 2 in C ist eine Zusatzstimmen-Ausgabe im XeisWorks-Produktkatalog.,AUTO_DRAFT,GENERATED,Instrument: Flügelhorn,Stimmigkeit/Satz: 4-stimmig,Format: PHYSICAL,Kategorie: Zusatzstimme,,,,10.00,,EUR,,,,,,,,,,,,,,,,,,,,,,,false,true,,,,,,,false,,false,ZS - Flügelhorn 2 in C,,,XLSX_SOT_NORMALIZED,Produktpalette(2).xlsx:XeisWorks,10,EXACT,,false,,,
XW-201.3,XW-201.3,,,abc1d0ab-a606-5fd3-ae69-17ca8b6cbfad,ZUSATZSTIMME|weihnachtsblech #1 - horn 1 in f,HIGH,true,CANONICAL,live,ACTIVE,true,false,XeisWorks,Blech4er,Zusatzstimme,,,,#1 WeihnachtsBlech - Zusatzstimme Horn 1 in F,additional_voice,physical,Horn,1,F,,,,4-stimmig,4,,PHYSICAL,WeihnachtsBlech #1 - Horn 1 in F,WeihnachtsBlech#1 Hrn1-F,WeihnachtsBlech#1_Hrn1-F,"Zusatzstimmen für die Blech4er-Edition.
Weitere Zusatzstimmen auf Anfrage!",SOURCE,WIX,Weitere Zusatzstimmen auf Anfrage!,,,,,B2B,5.00,10.00,5.50,EUR,ERP_NET,0.00,false,75.0,,,,,,,,,,,,,,,,,,,true,true,product_bab00353-9f5e-adc0-ba02-ccd2807e8de4,product_bab00353-9f5e-adc0-ba02-ccd2807e8de4,true,ZST Blech4er GEDRUCKT|B2B,4f718e_379ad5d4b68248c7bb4118d71a899d1e~mv2.jpg|4f718e_497a2b3789af4603b6feac52096076ca~mv2.jpg|4f718e_76d96f7da15a45e7a2858c0dea9a400a~mv2.jpg|4f718e_e0e116c27d39462eb2310efad20f7e45~mv2.jpg|4f718e_3554ee10efd14f50856b6f35e07864ca~mv2.jpg|4f718e_0e5ad689714342218ad3d529f9bb9b76~mv2.jpg,<p>Zusatzstimmen für die <strong>Blech4er</strong>-Edition.</p><p>Weitere Zusatzstimmen auf Anfrage!</p>,true,XeisWorks_Hefte,false,ZS - Horn 1 in F,Zusatzstimmen Blech4er GEDRUCKT [#1 WeihnachtsBlech],ZST #1 Weihn.Blech: Hrn.1,XLSX_SOT_NORMALIZED,Produktpalette(2).xlsx:XeisWorks,11,EXACT,,false,,,
XW-201.3-D,XW-201.3-D,,XW-201.3,abc1d0ab-a606-5fd3-ae69-17ca8b6cbfad,ZUSATZSTIMME|weihnachtsblech #1 - horn 1 in f,HIGH,false,FORMAT_VARIANT,live,ACTIVE,true,false,XeisWorks,Blech4er,Zusatzstimme,,,,#1 WeihnachtsBlech - Zusatzstimme Horn 1 in F,additional_voice,digital,Horn,1,F,,,,4-stimmig,4,,DIGITAL,WeihnachtsBlech #1 - Horn 1 in F,WeihnachtsBlech#1 Hrn1-F,WeihnachtsBlech#1_Hrn1-F,WeihnachtsBlech #1 - Horn 1 in F ist eine Zusatzstimmen-Ausgabe im XeisWorks-Produktkatalog.,AUTO_DRAFT,GENERATED,Format: DIGITAL,Kategorie: Zusatzstimme,,,,,5.00,10.00,5.50,EUR,ERP_NET,0.00,true,,,,,,,,,,,,,,,,,,,,false,true,,,,,,,true,XeisWorks digital,false,ZS - Horn 1 in F,,ZST #1 Weihn.Blech: Hrn.1,XLSX_SOT_NORMALIZED,Produktpalette(2).xlsx:XeisWorks,11,DERIVED,,false,,,
XW-201.4,XW-201.4,,,291716e1-71bd-5f82-9b32-e51236c969ed,ZUSATZSTIMME|weihnachtsblech #1 - horn 2 in f,HIGH,true,CANONICAL,live,ACTIVE,true,false,XeisWorks,Blech4er,Zusatzstimme,,,,#1 WeihnachtsBlech - Zusatzstimme Horn 2 in F,additional_voice,physical,Horn,2,F,,,,4-stimmig,4,,PHYSICAL,WeihnachtsBlech #1 - Horn 2 in F,WeihnachtsBlech#1 Hrn2-F,WeihnachtsBlech#1_Hrn2-F,"Zusatzstimmen für die Blech4er-Edition.
Weitere Zusatzstimmen auf Anfrage!",SOURCE,WIX,Weitere Zusatzstimmen auf Anfrage!,,,,,B2B,5.00,10.00,5.50,EUR,ERP_NET,0.00,false,75.0,,,,,,,,,,,,,,,,,,,true,true,product_bab00353-9f5e-adc0-ba02-ccd2807e8de4,product_bab00353-9f5e-adc0-ba02-ccd2807e8de4,true,ZST Blech4er GEDRUCKT|B2B,4f718e_379ad5d4b68248c7bb4118d71a899d1e~mv2.jpg|4f718e_497a2b3789af4603b6feac52096076ca~mv2.jpg|4f718e_76d96f7da15a45e7a2858c0dea9a400a~mv2.jpg|4f718e_e0e116c27d39462eb2310efad20f7e45~mv2.jpg|4f718e_3554ee10efd14f50856b6f35e07864ca~mv2.jpg|4f718e_0e5ad689714342218ad3d529f9bb9b76~mv2.jpg,<p>Zusatzstimmen für die <strong>Blech4er</strong>-Edition.</p><p>Weitere Zusatzstimmen auf Anfrage!</p>,true,XeisWorks_Hefte,false,ZS - Horn 2 in F,Zusatzstimmen Blech4er GEDRUCKT [#1 WeihnachtsBlech],ZST #1 Weihn.Blech: Hrn.2,XLSX_SOT_NORMALIZED,Produktpalette(2).xlsx:XeisWorks,12,EXACT,,false,,,
XW-201.4-D,XW-201.4-D,,XW-201.4,291716e1-71bd-5f82-9b32-e51236c969ed,ZUSATZSTIMME|weihnachtsblech #1 - horn 2 in f,HIGH,false,FORMAT_VARIANT,live,ACTIVE,true,false,XeisWorks,Blech4er,Zusatzstimme,,,,#1 WeihnachtsBlech - Zusatzstimme Horn 2 in F,additional_voice,digital,Horn,2,F,,,,4-stimmig,4,,DIGITAL,WeihnachtsBlech #1 - Horn 2 in F,WeihnachtsBlech#1 Hrn2-F,WeihnachtsBlech#1_Hrn2-F,WeihnachtsBlech #1 - Horn 2 in F ist eine Zusatzstimmen-Ausgabe im XeisWorks-Produktkatalog.,AUTO_DRAFT,GENERATED,Format: DIGITAL,Kategorie: Zusatzstimme,,,,,5.00,10.00,5.50,EUR,ERP_NET,0.00,true,,,,,,,,,,,,,,,,,,,,false,true,,,,,,,true,XeisWorks digital,false,ZS - Horn 2 in F,,ZST #1 Weihn.Blech: Hrn. 2,XLSX_SOT_NORMALIZED,Produktpalette(2).xlsx:XeisWorks,12,DERIVED,,false,,,
XW-201.5,XW-201.5,,,c7c6b051-c398-59e1-8a8a-93089263e907,ZUSATZSTIMME|weihnachtsblech #1 - tuba in b,HIGH,true,CANONICAL,live,ACTIVE,true,false,XeisWorks,Blech4er,Zusatzstimme,,,,#1 WeihnachtsBlech - Zusatzstimme Tuba in B,additional_voice,physical,Tuba,,B,,,,4-stimmig,4,,PHYSICAL,WeihnachtsBlech #1 - Tuba in B,WeihnachtsBlech#1 Tuba-B,WeihnachtsBlech#1_Tuba-B,"Zusatzstimmen für die Blech4er-Edition.
Weitere Zusatzstimmen auf Anfrage!",SOURCE,WIX,Weitere Zusatzstimmen auf Anfrage!,,,,,B2B,5.00,10.00,5.50,EUR,ERP_NET,0.00,false,75.0,,,,,,,,,,,,,,,,,,,true,true,product_bab00353-9f5e-adc0-ba02-ccd2807e8de4,product_bab00353-9f5e-adc0-ba02-ccd2807e8de4,true,ZST Blech4er GEDRUCKT|B2B,4f718e_379ad5d4b68248c7bb4118d71a899d1e~mv2.jpg|4f718e_497a2b3789af4603b6feac52096076ca~mv2.jpg|4f718e_76d96f7da15a45e7a2858c0dea9a400a~mv2.jpg|4f718e_e0e116c27d39462eb2310efad20f7e45~mv2.jpg|4f718e_3554ee10efd14f50856b6f35e07864ca~mv2.jpg|4f718e_0e5ad689714342218ad3d529f9bb9b76~mv2.jpg,<p>Zusatzstimmen für die <strong>Blech4er</strong>-Edition.</p><p>Weitere Zusatzstimmen auf Anfrage!</p>,true,XeisWorks_Hefte,false,ZS - Tuba in Bb,Zusatzstimmen Blech4er GEDRUCKT [#1 WeihnachtsBlech],ZST #1 Weihn.Blech: Tb. in Bb,XLSX_SOT_NORMALIZED,Produktpalette(2).xlsx:XeisWorks,13,EXACT,,false,,,
XW-201.5-D,XW-201.5-D,,XW-201.5,c7c6b051-c398-59e1-8a8a-93089263e907,ZUSATZSTIMME|weihnachtsblech #1 - tuba in b,HIGH,false,FORMAT_VARIANT,live,ACTIVE,true,false,XeisWorks,Blech4er,Zusatzstimme,,,,#1 WeihnachtsBlech - Zusatzstimme Tuba in B,additional_voice,digital,Tuba,,B,,,,4-stimmig,4,,DIGITAL,WeihnachtsBlech #1 - Tuba in B,WeihnachtsBlech#1 Tuba-B,WeihnachtsBlech#1_Tuba-B,WeihnachtsBlech #1 - Tuba in B ist eine Zusatzstimmen-Ausgabe im XeisWorks-Produktkatalog.,AUTO_DRAFT,GENERATED,Format: DIGITAL,Kategorie: Zusatzstimme,,,,,5.00,10.00,5.50,EUR,ERP_NET,0.00,true,,,,,,,,,,,,,,,,,,,,false,true,,,,,,,true,XeisWorks digital,false,ZS - Tuba in Bb,,ZST #1 Weihn.Blech: Tb. in Bb,XLSX_SOT_NORMALIZED,Produktpalette(2).xlsx:XeisWorks,13,DERIVED,,false,,,
XW-201.6,XW-201.6,,,c167fc2c-9ba6-524b-91c7-7339c42ecf0e,ZUSATZSTIMME|weihnachtsblech #1 - horn/basstrompete 1 in es,HIGH,true,CANONICAL,live,ACTIVE,true,false,XeisWorks,Blech4er,Zusatzstimme,,,,#1 WeihnachtsBlech - Zusatzstimme Hrn/Btp. 1 in Es,additional_voice,digital,,1,Es,,,,4-stimmig,4,,DIGITAL,WeihnachtsBlech #1 - Horn/Basstrompete 1 in Es,WeihnachtsBlech#1 Hrn/Btp1-Es,WeihnachtsBlech#1_Hrn/Btp1-Es,WeihnachtsBlech #1 - Horn/Basstrompete 1 in Es ist eine Zusatzstimmen-Ausgabe im XeisWorks-Produktkatalog.,AUTO_DRAFT,GENERATED,Stimmigkeit/Satz: 4-stimmig,Format: DIGITAL,Kategorie: Zusatzstimme,,,,5.00,10.00,5.50,EUR,ERP_NET,0.00,true,,,,,,,,,,,,,,,,,,,,false,true,,,,,,,true,XeisWorks digital,false,ZS - Hrn/Btp. 1 in Es,,ZST #1 Weihn.Blech: Btp.1/Es,XLSX_SOT_NORMALIZED,Produktpalette(2).xlsx:XeisWorks,14,EXACT,,false,,,
XW-201.7,XW-201.7,,,0f8c3dbc-dd7f-5a60-95aa-c91ff0ae8645,ZUSATZSTIMME|weihnachtsblech #1 - horn/basstrompete 2 in es,HIGH,true,CANONICAL,live,ACTIVE,true,false,XeisWorks,Blech4er,Zusatzstimme,,,,#1 WeihnachtsBlech - Zusatzstimme Hrn/Btp. 2 in Es,additional_voice,physical,,2,Es,,,,4-stimmig,4,,PHYSICAL,WeihnachtsBlech #1 - Horn/Basstrompete 2 in Es,WeihnachtsBlech#1 Hrn/Btp2-Es,WeihnachtsBlech#1_Hrn/Btp2-Es,WeihnachtsBlech #1 - Horn/Basstrompete 2 in Es ist eine Zusatzstimmen-Ausgabe im XeisWorks-Produktkatalog.,AUTO_DRAFT,GENERATED,Stimmigkeit/Satz: 4-stimmig,Format: PHYSICAL,Kategorie: Zusatzstimme,,,,,10.00,,EUR,,,,,,,,,,,,,,,,,,,,,,,false,true,,,,,,,false,,false,ZS - Hrn/Btp. 2 in Es,,,XLSX_SOT_NORMALIZED,Produktpalette(2).xlsx:XeisWorks,15,EXACT,,false,,,
XW-201.8,XW-201.8,,,ee45a034-440b-56f1-ac87-76e2e2362d6e,ZUSATZSTIMME|weihnachtsblech #1 - tuba in es,HIGH,true,CANONICAL,live,ACTIVE,true,false,XeisWorks,Blech4er,Zusatzstimme,,,,#1 WeihnachtsBlech - Zusatzstimme Tuba in Es,additional_voice,physical,Tuba,,Es,,,,4-stimmig,4,,PHYSICAL,WeihnachtsBlech #1 - Tuba in Es,WeihnachtsBlech#1 Tuba-Es,WeihnachtsBlech#1_Tuba-Es,WeihnachtsBlech #1 - Tuba in Es ist eine Zusatzstimmen-Ausgabe im XeisWorks-Produktkatalog.,AUTO_DRAFT,GENERATED,Instrument: Tuba,Stimmigkeit/Satz: 4-stimmig,Format: PHYSICAL,Kategorie: Zusatzstimme,,,,10.00,,EUR,,,,,,,,,,,,,,,,,,,,,,,false,true,,,,,,,false,,false,ZS - Tuba in Eb,,,XLSX_SOT_NORMALIZED,Produktpalette(2).xlsx:XeisWorks,16,EXACT,,false,,,
XW-202,XW-202,,,224dc60d-6e00-52e6-974b-60ecc6ab80a2,HEFT|almenblech #2,HIGH,true,CANONICAL,live,ACTIVE,true,false,XeisWorks,Blech4er,Heft,AlmenBlech,,2,#2 AlmenBlech,EDITION,physical,,,,,,,4-stimmig,4,,PHYSICAL,AlmenBlech #2,AlmenBlech #2,AlmenBlech#2,"Alpenländische Lieder & Jodler
für variables Blechbläser4tett",SOURCE,WIX,für variables Blechbläser4tett,,,,,B2B,29.00,10.00,31.90,EUR,ERP_NET,0.00,false,250.0,,,,,,,,,,,,,,,,,,,true,true,product_fa3809fe-9f5a-f2fc-dbe0-35a0daebd15f,product_fa3809fe-9f5a-f2fc-dbe0-35a0daebd15f,true,Blech4er|B2B,4f718e_61ed26f6c30d42e093483d592910a86d~mv2.jpg|4f718e_a46f02dfe35945d9a146e9ee24f4249a~mv2.jpg|4f718e_0670038d137b474b8b6bc7374524b609~mv2.jpg|4f718e_5c55ef97001b423ab7bc553f34c3884d~mv2.jpg|4f718e_1e8a72a904364a04943f66b8e1fd7182~mv2.jpg|4f718e_65ca8b38a766429fbf73fae5e0d81020~mv2.jpg|4f718e_cca7647fc3bf4061b9fe1b2d9ac027ea~mv2.jpg,<p><strong><span>Alpenländische Lieder &amp; Jodler</span></strong></p><p><span>für variables Blechbläser4tett </span></p>,true,XeisWorks_Hefte,false,#2 AlmenBlech,#2 AlmenBlech,#2 AlmenBlech,XLSX_SOT_NORMALIZED,Produktpalette(2).xlsx:XeisWorks,18,EXACT,,false,,,
XW-202.1,XW-202.1,,,092f1c93-823b-5c10-83b4-27a95a81381e,ZUSATZSTIMME|almenblech #2 - flügelhorn 1 in c,HIGH,true,CANONICAL,live,ACTIVE,true,false,XeisWorks,Blech4er,Zusatzstimme,,,,#2 AlmenBlech - Zusatzstimme Flügelhorn 1 in C,additional_voice,physical,Flügelhorn,1,C,,,,4-stimmig,4,,PHYSICAL,AlmenBlech #2 - Flügelhorn 1 in C,AlmenBlech#2 Flgh1-C,AlmenBlech#2_Flgh1-C,AlmenBlech #2 - Flügelhorn 1 in C ist eine Zusatzstimmen-Ausgabe im XeisWorks-Produktkatalog.,AUTO_DRAFT,GENERATED,Instrument: Flügelhorn,Stimmigkeit/Satz: 4-stimmig,Format: PHYSICAL,Kategorie: Zusatzstimme,,,,10.00,,EUR,,,,,,,,,,,,,,,,,,,,,,,false,true,,,,,,,false,,false,ZS - Flügelhorn 1 in C,,,XLSX_SOT_NORMALIZED,Produktpalette(2).xlsx:XeisWorks,19,EXACT,,false,,,
XW-202.2,XW-202.2,,,a8a96f77-e41e-528e-8816-542914df6373,ZUSATZSTIMME|almenblech #2 - flügelhorn 2 in c,HIGH,true,CANONICAL,live,ACTIVE,true,false,XeisWorks,Blech4er,Zusatzstimme,,,,#2 AlmenBlech - Zusatzstimme Flügelhorn 2 in C,additional_voice,physical,Flügelhorn,2,C,,,,4-stimmig,4,,PHYSICAL,AlmenBlech #2 - Flügelhorn 2 in C,AlmenBlech#2 Flgh2-C,AlmenBlech#2_Flgh2-C,AlmenBlech #2 - Flügelhorn 2 in C ist eine Zusatzstimmen-Ausgabe im XeisWorks-Produktkatalog.,AUTO_DRAFT,GENERATED,Instrument: Flügelhorn,Stimmigkeit/Satz: 4-stimmig,Format: PHYSICAL,Kategorie: Zusatzstimme,,,,10.00,,EUR,,,,,,,,,,,,,,,,,,,,,,,false,true,,,,,,,false,,false,ZS - Flügelhorn 2 in C,,,XLSX_SOT_NORMALIZED,Produktpalette(2).xlsx:XeisWorks,20,EXACT,,false,,,
XW-202.3,XW-202.3,,,36486572-67fe-5799-871e-0098366be3d6,ZUSATZSTIMME|almenblech #2 - horn 1 in f,HIGH,true,CANONICAL,live,ACTIVE,true,false,XeisWorks,Blech4er,Zusatzstimme,,,,#2 AlmenBlech - Zusatzstimme Horn 1 in F,additional_voice,physical,Horn,1,F,,,,4-stimmig,4,,PHYSICAL,AlmenBlech #2 - Horn 1 in F,AlmenBlech#2 Hrn1-F,AlmenBlech#2_Hrn1-F,"Zusatzstimmen für die Blech4er-Edition.
Weitere Zusatzstimmen auf Anfrage!",SOURCE,WIX,Weitere Zusatzstimmen auf Anfrage!,,,,,B2B,5.00,10.00,5.50,EUR,ERP_NET,0.00,false,75.0,,,,,,,,,,,,,,,,,,,true,true,product_bab00353-9f5e-adc0-ba02-ccd2807e8de4,product_bab00353-9f5e-adc0-ba02-ccd2807e8de4,true,ZST Blech4er GEDRUCKT|B2B,4f718e_379ad5d4b68248c7bb4118d71a899d1e~mv2.jpg|4f718e_497a2b3789af4603b6feac52096076ca~mv2.jpg|4f718e_76d96f7da15a45e7a2858c0dea9a400a~mv2.jpg|4f718e_e0e116c27d39462eb2310efad20f7e45~mv2.jpg|4f718e_3554ee10efd14f50856b6f35e07864ca~mv2.jpg|4f718e_0e5ad689714342218ad3d529f9bb9b76~mv2.jpg,<p>Zusatzstimmen für die <strong>Blech4er</strong>-Edition.</p><p>Weitere Zusatzstimmen auf Anfrage!</p>,true,XeisWorks_Hefte,false,ZS - Horn 1 in F,Zusatzstimmen Blech4er GEDRUCKT [#2 AlmenBlech],ZST #2 AlmenBlech: Hrn.1,XLSX_SOT_NORMALIZED,Produktpalette(2).xlsx:XeisWorks,21,EXACT,,false,,,
XW-202.3-D,XW-202.3-D,,XW-202.3,36486572-67fe-5799-871e-0098366be3d6,ZUSATZSTIMME|almenblech #2 - horn 1 in f,HIGH,false,FORMAT_VARIANT,live,ACTIVE,true,false,XeisWorks,Blech4er,Zusatzstimme,,,,#2 AlmenBlech - Zusatzstimme Horn 1 in F,additional_voice,digital,Horn,1,F,,,,4-stimmig,4,,DIGITAL,AlmenBlech #2 - Horn 1 in F,AlmenBlech#2 Hrn1-F,AlmenBlech#2_Hrn1-F,AlmenBlech #2 - Horn 1 in F ist eine Zusatzstimmen-Ausgabe im XeisWorks-Produktkatalog.,AUTO_DRAFT,GENERATED,Format: DIGITAL,Kategorie: Zusatzstimme,,,,,5.00,10.00,5.50,EUR,ERP_NET,0.00,true,,,,,,,,,,,,,,,,,,,,false,true,,,,,,,true,XeisWorks digital,false,ZS - Horn 1 in F,,ZST #2 AlmenBlech: Hrn.1,XLSX_SOT_NORMALIZED,Produktpalette(2).xlsx:XeisWorks,21,DERIVED,,false,,,
XW-202.4,XW-202.4,,,a8c34732-3b8e-5e57-bc71-54ae539e17e7,ZUSATZSTIMME|almenblech #2 - horn 2 in f,HIGH,true,CANONICAL,live,ACTIVE,true,false,XeisWorks,Blech4er,Zusatzstimme,,,,#2 AlmenBlech - Zusatzstimme Horn 2 in F,additional_voice,physical,Horn,2,F,,,,4-stimmig,4,,PHYSICAL,AlmenBlech #2 - Horn 2 in F,AlmenBlech#2 Hrn2-F,AlmenBlech#2_Hrn2-F,"Zusatzstimmen für die Blech4er-Edition.
Weitere Zusatzstimmen auf Anfrage!",SOURCE,WIX,Weitere Zusatzstimmen auf Anfrage!,,,,,B2B,5.00,10.00,5.50,EUR,ERP_NET,0.00,false,75.0,,,,,,,,,,,,,,,,,,,true,true,product_bab00353-9f5e-adc0-ba02-ccd2807e8de4,product_bab00353-9f5e-adc0-ba02-ccd2807e8de4,true,ZST Blech4er GEDRUCKT|B2B,4f718e_379ad5d4b68248c7bb4118d71a899d1e~mv2.jpg|4f718e_497a2b3789af4603b6feac52096076ca~mv2.jpg|4f718e_76d96f7da15a45e7a2858c0dea9a400a~mv2.jpg|4f718e_e0e116c27d39462eb2310efad20f7e45~mv2.jpg|4f718e_3554ee10efd14f50856b6f35e07864ca~mv2.jpg|4f718e_0e5ad689714342218ad3d529f9bb9b76~mv2.jpg,<p>Zusatzstimmen für die <strong>Blech4er</strong>-Edition.</p><p>Weitere Zusatzstimmen auf Anfrage!</p>,true,XeisWorks_Hefte,false,ZS - Horn 2 in F,Zusatzstimmen Blech4er GEDRUCKT [#2 AlmenBlech],ZST #2 AlmenBlech: Hrn.2,XLSX_SOT_NORMALIZED,Produktpalette(2).xlsx:XeisWorks,22,EXACT,,false,,,
XW-202.4-D,XW-202.4-D,,XW-202.4,a8c34732-3b8e-5e57-bc71-54ae539e17e7,ZUSATZSTIMME|almenblech #2 - horn 2 in f,HIGH,false,FORMAT_VARIANT,live,ACTIVE,true,false,XeisWorks,Blech4er,Zusatzstimme,,,,#2 AlmenBlech - Zusatzstimme Horn 2 in F,additional_voice,digital,Horn,2,F,,,,4-stimmig,4,,DIGITAL,AlmenBlech #2 - Horn 2 in F,AlmenBlech#2 Hrn2-F,AlmenBlech#2_Hrn2-F,AlmenBlech #2 - Horn 2 in F ist eine Zusatzstimmen-Ausgabe im XeisWorks-Produktkatalog.,AUTO_DRAFT,GENERATED,Format: DIGITAL,Kategorie: Zusatzstimme,,,,,5.00,10.00,5.50,EUR,ERP_NET,0.00,true,,,,,,,,,,,,,,,,,,,,false,true,,,,,,,true,XeisWorks digital,false,ZS - Horn 2 in F,,ZST #2 AlmenBlech: Hrn.2,XLSX_SOT_NORMALIZED,Produktpalette(2).xlsx:XeisWorks,22,DERIVED,,false,,,
XW-202.5,XW-202.5,,,58b3f22e-91d3-5fdb-bd2f-2d129346adbc,ZUSATZSTIMME|almenblech #2 - tuba in b,HIGH,true,CANONICAL,live,ACTIVE,true,false,XeisWorks,Blech4er,Zusatzstimme,,,,#2 AlmenBlech - Zusatzstimme Tuba in B,additional_voice,physical,Tuba,,B,,,,4-stimmig,4,,PHYSICAL,AlmenBlech #2 - Tuba in B,AlmenBlech#2 Tuba-B,AlmenBlech#2_Tuba-B,"Zusatzstimmen für die Blech4er-Edition.
Weitere Zusatzstimmen auf Anfrage!",SOURCE,WIX,Weitere Zusatzstimmen auf Anfrage!,,,,,B2B,5.00,10.00,5.50,EUR,ERP_NET,0.00,false,75.0,,,,,,,,,,,,,,,,,,,true,true,product_bab00353-9f5e-adc0-ba02-ccd2807e8de4,product_bab00353-9f5e-adc0-ba02-ccd2807e8de4,true,ZST Blech4er GEDRUCKT|B2B,4f718e_379ad5d4b68248c7bb4118d71a899d1e~mv2.jpg|4f718e_497a2b3789af4603b6feac52096076ca~mv2.jpg|4f718e_76d96f7da15a45e7a2858c0dea9a400a~mv2.jpg|4f718e_e0e116c27d39462eb2310efad20f7e45~mv2.jpg|4f718e_3554ee10efd14f50856b6f35e07864ca~mv2.jpg|4f718e_0e5ad689714342218ad3d529f9bb9b76~mv2.jpg,<p>Zusatzstimmen für die <strong>Blech4er</strong>-Edition.</p><p>Weitere Zusatzstimmen auf Anfrage!</p>,true,XeisWorks_Hefte,false,ZS - Tuba in Bb,Zusatzstimmen Blech4er GEDRUCKT [#2 AlmenBlech],ZST #2 AlmenBlech: Tb. in Bb,XLSX_SOT_NORMALIZED,Produktpalette(2).xlsx:XeisWorks,23,EXACT,,false,,,
XW-202.5-D,XW-202.5-D,,XW-202.5,58b3f22e-91d3-5fdb-bd2f-2d129346adbc,ZUSATZSTIMME|almenblech #2 - tuba in b,HIGH,false,FORMAT_VARIANT,live,ACTIVE,true,false,XeisWorks,Blech4er,Zusatzstimme,,,,#2 AlmenBlech - Zusatzstimme Tuba in B,additional_voice,digital,Tuba,,B,,,,4-stimmig,4,,DIGITAL,AlmenBlech #2 - Tuba in B,AlmenBlech#2 Tuba-B,AlmenBlech#2_Tuba-B,AlmenBlech #2 - Tuba in B ist eine Zusatzstimmen-Ausgabe im XeisWorks-Produktkatalog.,AUTO_DRAFT,GENERATED,Format: DIGITAL,Kategorie: Zusatzstimme,,,,,5.00,10.00,5.50,EUR,ERP_NET,0.00,true,,,,,,,,,,,,,,,,,,,,false,true,,,,,,,true,XeisWorks digital,false,ZS - Tuba in Bb,,ZST #2 AlmenBlech: Tb. in Bb,XLSX_SOT_NORMALIZED,Produktpalette(2).xlsx:XeisWorks,23,DERIVED,,false,,,
XW-202.6,XW-202.6,,,23ac06a1-3431-5a03-880a-ab69f996a593,ZUSATZSTIMME|almenblech #2 - horn/basstrompete 1 in es,HIGH,true,CANONICAL,live,ACTIVE,true,false,XeisWorks,Blech4er,Zusatzstimme,,,,#2 AlmenBlech - Zusatzstimme Hrn/Btp. 1 in Es,additional_voice,physical,,1,Es,,,,4-stimmig,4,,PHYSICAL,AlmenBlech #2 - Horn/Basstrompete 1 in Es,AlmenBlech#2 Hrn/Btp1-Es,AlmenBlech#2_Hrn/Btp1-Es,AlmenBlech #2 - Horn/Basstrompete 1 in Es ist eine Zusatzstimmen-Ausgabe im XeisWorks-Produktkatalog.,AUTO_DRAFT,GENERATED,Stimmigkeit/Satz: 4-stimmig,Format: PHYSICAL,Kategorie: Zusatzstimme,,,,,10.00,,EUR,,,,,,,,,,,,,,,,,,,,,,,false,true,,,,,,,false,,false,ZS - Hrn/Btp. 1 in Es,,,XLSX_SOT_NORMALIZED,Produktpalette(2).xlsx:XeisWorks,24,EXACT,,false,,,
XW-202.7,XW-202.7,,,026e43ba-99dd-5f43-a989-e7082b6faca9,ZUSATZSTIMME|almenblech #2 - horn/basstrompete 2 in es,HIGH,true,CANONICAL,live,ACTIVE,true,false,XeisWorks,Blech4er,Zusatzstimme,,,,#2 AlmenBlech - Zusatzstimme Hrn/Btp. 2 in Es,additional_voice,physical,,2,Es,,,,4-stimmig,4,,PHYSICAL,AlmenBlech #2 - Horn/Basstrompete 2 in Es,AlmenBlech#2 Hrn/Btp2-Es,AlmenBlech#2_Hrn/Btp2-Es,AlmenBlech #2 - Horn/Basstrompete 2 in Es ist eine Zusatzstimmen-Ausgabe im XeisWorks-Produktkatalog.,AUTO_DRAFT,GENERATED,Stimmigkeit/Satz: 4-stimmig,Format: PHYSICAL,Kategorie: Zusatzstimme,,,,,10.00,,EUR,,,,,,,,,,,,,,,,,,,,,,,false,true,,,,,,,false,,false,ZS - Hrn/Btp. 2 in Es,,,XLSX_SOT_NORMALIZED,Produktpalette(2).xlsx:XeisWorks,25,EXACT,,false,,,
XW-202.8,XW-202.8,,,c4ac7f3b-f09c-53b1-861c-77b1227b7a6f,ZUSATZSTIMME|almenblech #2 - tuba in es,HIGH,true,CANONICAL,live,ACTIVE,true,false,XeisWorks,Blech4er,Zusatzstimme,,,,#2 AlmenBlech - Zusatzstimme Tuba in Es,additional_voice,physical,Tuba,,Es,,,,4-stimmig,4,,PHYSICAL,AlmenBlech #2 - Tuba in Es,AlmenBlech#2 Tuba-Es,AlmenBlech#2_Tuba-Es,AlmenBlech #2 - Tuba in Es ist eine Zusatzstimmen-Ausgabe im XeisWorks-Produktkatalog.,AUTO_DRAFT,GENERATED,Instrument: Tuba,Stimmigkeit/Satz: 4-stimmig,Format: PHYSICAL,Kategorie: Zusatzstimme,,,,10.00,,EUR,,,,,,,,,,,,,,,,,,,,,,,false,true,,,,,,,false,,false,ZS - Tuba in Eb,,,XLSX_SOT_NORMALIZED,Produktpalette(2).xlsx:XeisWorks,26,EXACT,,false,,,
XW-203,XW-203,,,087d1f0d-0711-5b6f-8c5c-35a000b4e6d1,HEFT|kirchenblech #3,HIGH,true,CANONICAL,live,ACTIVE,true,false,XeisWorks,Blech4er,Heft,KirchenBlech,,3,#3 KirchenBlech,EDITION,physical,,,,,,,4-stimmig,4,,PHYSICAL,KirchenBlech #3,KirchenBlech #3,KirchenBlech#3,"Festliche Kirchenmusik
für variables Blechbläser4tett",SOURCE,WIX,für variables Blechbläser4tett,,,,,B2B,29.00,10.00,31.90,EUR,ERP_NET,0.00,false,250.0,,,,,,,,,,,,,,,,,,,true,true,product_eb4d154d-7e85-fd99-9294-aaec75afc0cc,product_eb4d154d-7e85-fd99-9294-aaec75afc0cc,true,Blech4er|B2B,4f718e_0fbaa1e9b996419db737ba195073a2df~mv2.jpg|4f718e_40d3d719f15c4cd7b3e4ce8dde0870dd|4f718e_06185a748b954136906f8e7f926cd705~mv2.jpg|4f718e_01b87bbb4021408daaa8e18efe072820~mv2.jpg|4f718e_0d6ab3841389452f90baa43174d28033~mv2.jpg|4f718e_c2f054867075453cb18ffedf4766de95~mv2.jpg|4f718e_cb63618eeac74c49b378fd9047ee03c2~mv2.jpg|4f718e_85f8f0c0567c48d79c46c88c904fc264~mv2.jpg,<p><strong><span>Festliche Kirchenmusik</span></strong></p><p><span>für variables Blechbläser4tett </span></p>,true,XeisWorks_Hefte,false,#3 KirchenBlech,#3 KirchenBlech,#3 KirchenBlech,XLSX_SOT_NORMALIZED,Produktpalette(2).xlsx:XeisWorks,28,EXACT,,false,,,
XW-203.1,XW-203.1,,,582cb704-2fd8-536d-944b-13a845d37986,ZUSATZSTIMME|kirchenblech #3 - flügelhorn 1 in c,HIGH,true,CANONICAL,live,ACTIVE,true,false,XeisWorks,Blech4er,Zusatzstimme,,,,#3 KirchenBlech - Zusatzstimme Flügelhorn 1 in C,additional_voice,physical,Flügelhorn,1,C,,,,4-stimmig,4,,PHYSICAL,KirchenBlech #3 - Flügelhorn 1 in C,KirchenBlech#3 Flgh1-C,KirchenBlech#3_Flgh1-C,KirchenBlech #3 - Flügelhorn 1 in C ist eine Zusatzstimmen-Ausgabe im XeisWorks-Produktkatalog.,AUTO_DRAFT,GENERATED,Instrument: Flügelhorn,Stimmigkeit/Satz: 4-stimmig,Format: PHYSICAL,Kategorie: Zusatzstimme,,,,10.00,,EUR,,,,,,,,,,,,,,,,,,,,,,,false,true,,,,,,,false,,false,ZS - Flügelhorn 1 in C,,,XLSX_SOT_NORMALIZED,Produktpalette(2).xlsx:XeisWorks,29,EXACT,,false,,,
XW-203.2,XW-203.2,,,9ad662f7-d2d3-5550-a073-a3e568bb870d,ZUSATZSTIMME|kirchenblech #3 - flügelhorn 2 in c,HIGH,true,CANONICAL,live,ACTIVE,true,false,XeisWorks,Blech4er,Zusatzstimme,,,,#3 KirchenBlech - Zusatzstimme Flügelhorn 2 in C,additional_voice,physical,Flügelhorn,2,C,,,,4-stimmig,4,,PHYSICAL,KirchenBlech #3 - Flügelhorn 2 in C,KirchenBlech#3 Flgh2-C,KirchenBlech#3_Flgh2-C,KirchenBlech #3 - Flügelhorn 2 in C ist eine Zusatzstimmen-Ausgabe im XeisWorks-Produktkatalog.,AUTO_DRAFT,GENERATED,Instrument: Flügelhorn,Stimmigkeit/Satz: 4-stimmig,Format: PHYSICAL,Kategorie: Zusatzstimme,,,,10.00,,EUR,,,,,,,,,,,,,,,,,,,,,,,false,true,,,,,,,false,,false,ZS - Flügelhorn 2 in C,,,XLSX_SOT_NORMALIZED,Produktpalette(2).xlsx:XeisWorks,30,EXACT,,false,,,
XW-203.3,XW-203.3,,,ef2a7125-45d8-5c01-8a50-7b19c6a0cd03,ZUSATZSTIMME|kirchenblech #3 - horn 1 in f,HIGH,true,CANONICAL,live,ACTIVE,true,false,XeisWorks,Blech4er,Zusatzstimme,,,,#3 KirchenBlech - Zusatzstimme Horn 1 in F,additional_voice,physical,Horn,1,F,,,,4-stimmig,4,,PHYSICAL,KirchenBlech #3 - Horn 1 in F,KirchenBlech#3 Hrn1-F,KirchenBlech#3_Hrn1-F,"Zusatzstimmen für die Blech4er-Edition.
Weitere Zusatzstimmen auf Anfrage!",SOURCE,WIX,Weitere Zusatzstimmen auf Anfrage!,,,,,B2B,5.00,10.00,5.50,EUR,ERP_NET,0.00,false,75.0,,,,,,,,,,,,,,,,,,,true,true,product_bab00353-9f5e-adc0-ba02-ccd2807e8de4,product_bab00353-9f5e-adc0-ba02-ccd2807e8de4,true,ZST Blech4er GEDRUCKT|B2B,4f718e_379ad5d4b68248c7bb4118d71a899d1e~mv2.jpg|4f718e_497a2b3789af4603b6feac52096076ca~mv2.jpg|4f718e_76d96f7da15a45e7a2858c0dea9a400a~mv2.jpg|4f718e_e0e116c27d39462eb2310efad20f7e45~mv2.jpg|4f718e_3554ee10efd14f50856b6f35e07864ca~mv2.jpg|4f718e_0e5ad689714342218ad3d529f9bb9b76~mv2.jpg,<p>Zusatzstimmen für die <strong>Blech4er</strong>-Edition.</p><p>Weitere Zusatzstimmen auf Anfrage!</p>,true,XeisWorks_Hefte,false,ZS - Horn 1 in F,Zusatzstimmen Blech4er GEDRUCKT [#3 KirchenBlech],ZST #3 KirchenBlech: Hrn.1,XLSX_SOT_NORMALIZED,Produktpalette(2).xlsx:XeisWorks,31,EXACT,,false,,,
XW-203.3-D,XW-203.3-D,,XW-203.3,ef2a7125-45d8-5c01-8a50-7b19c6a0cd03,ZUSATZSTIMME|kirchenblech #3 - horn 1 in f,HIGH,false,FORMAT_VARIANT,live,ACTIVE,true,false,XeisWorks,Blech4er,Zusatzstimme,,,,#3 KirchenBlech - Zusatzstimme Horn 1 in F,additional_voice,digital,Horn,1,F,,,,4-stimmig,4,,DIGITAL,KirchenBlech #3 - Horn 1 in F,KirchenBlech#3 Hrn1-F,KirchenBlech#3_Hrn1-F,KirchenBlech #3 - Horn 1 in F ist eine Zusatzstimmen-Ausgabe im XeisWorks-Produktkatalog.,AUTO_DRAFT,GENERATED,Format: DIGITAL,Kategorie: Zusatzstimme,,,,,5.00,10.00,5.50,EUR,ERP_NET,0.00,true,,,,,,,,,,,,,,,,,,,,false,true,,,,,,,true,XeisWorks digital,false,ZS - Horn 1 in F,,ZST #3 KirchenBlech: Hrn.1,XLSX_SOT_NORMALIZED,Produktpalette(2).xlsx:XeisWorks,31,DERIVED,,false,,,
XW-203.4,XW-203.4,,,741e12e8-35b4-55a5-96d1-8a131c1696b9,ZUSATZSTIMME|kirchenblech #3 - horn 2 in f,HIGH,true,CANONICAL,live,ACTIVE,true,false,XeisWorks,Blech4er,Zusatzstimme,,,,#3 KirchenBlech - Zusatzstimme Horn 2 in F,additional_voice,physical,Horn,2,F,,,,4-stimmig,4,,PHYSICAL,KirchenBlech #3 - Horn 2 in F,KirchenBlech#3 Hrn2-F,KirchenBlech#3_Hrn2-F,"Zusatzstimmen für die Blech4er-Edition.
Weitere Zusatzstimmen auf Anfrage!",SOURCE,WIX,Weitere Zusatzstimmen auf Anfrage!,,,,,B2B,5.00,10.00,5.50,EUR,ERP_NET,0.00,false,75.0,,,,,,,,,,,,,,,,,,,true,true,product_bab00353-9f5e-adc0-ba02-ccd2807e8de4,product_bab00353-9f5e-adc0-ba02-ccd2807e8de4,true,ZST Blech4er GEDRUCKT|B2B,4f718e_379ad5d4b68248c7bb4118d71a899d1e~mv2.jpg|4f718e_497a2b3789af4603b6feac52096076ca~mv2.jpg|4f718e_76d96f7da15a45e7a2858c0dea9a400a~mv2.jpg|4f718e_e0e116c27d39462eb2310efad20f7e45~mv2.jpg|4f718e_3554ee10efd14f50856b6f35e07864ca~mv2.jpg|4f718e_0e5ad689714342218ad3d529f9bb9b76~mv2.jpg,<p>Zusatzstimmen für die <strong>Blech4er</strong>-Edition.</p><p>Weitere Zusatzstimmen auf Anfrage!</p>,true,XeisWorks_Hefte,false,ZS - Horn 2 in F,Zusatzstimmen Blech4er GEDRUCKT [#3 KirchenBlech],ZST #3 KirchenBlech: Hrn.2,XLSX_SOT_NORMALIZED,Produktpalette(2).xlsx:XeisWorks,32,EXACT,,false,,,
XW-203.4-D,XW-203.4-D,,XW-203.4,741e12e8-35b4-55a5-96d1-8a131c1696b9,ZUSATZSTIMME|kirchenblech #3 - horn 2 in f,HIGH,false,FORMAT_VARIANT,live,ACTIVE,true,false,XeisWorks,Blech4er,Zusatzstimme,,,,#3 KirchenBlech - Zusatzstimme Horn 2 in F,additional_voice,digital,Horn,2,F,,,,4-stimmig,4,,DIGITAL,KirchenBlech #3 - Horn 2 in F,KirchenBlech#3 Hrn2-F,KirchenBlech#3_Hrn2-F,KirchenBlech #3 - Horn 2 in F ist eine Zusatzstimmen-Ausgabe im XeisWorks-Produktkatalog.,AUTO_DRAFT,GENERATED,Format: DIGITAL,Kategorie: Zusatzstimme,,,,,5.00,10.00,5.50,EUR,ERP_NET,0.00,true,,,,,,,,,,,,,,,,,,,,false,true,,,,,,,true,XeisWorks digital,false,ZS - Horn 2 in F,,ZST #3 KirchenBlech: Hrn.2,XLSX_SOT_NORMALIZED,Produktpalette(2).xlsx:XeisWorks,32,DERIVED,,false,,,
XW-203.5,XW-203.5,,,28cd82d1-b11f-5cf0-a57d-a3d23e57740c,ZUSATZSTIMME|kirchenblech #3 - tuba in b,HIGH,true,CANONICAL,live,ACTIVE,true,false,XeisWorks,Blech4er,Zusatzstimme,,,,#3 KirchenBlech - Zusatzstimme Tuba in B,additional_voice,physical,Tuba,,B,,,,4-stimmig,4,,PHYSICAL,KirchenBlech #3 - Tuba in B,KirchenBlech#3 Tuba-B,KirchenBlech#3_Tuba-B,"Zusatzstimmen für die Blech4er-Edition.
Weitere Zusatzstimmen auf Anfrage!",SOURCE,WIX,Weitere Zusatzstimmen auf Anfrage!,,,,,B2B,5.00,10.00,5.50,EUR,ERP_NET,-3.00,true,75.0,,,,,,,,,,,,,,,,,,,true,true,product_bab00353-9f5e-adc0-ba02-ccd2807e8de4,product_bab00353-9f5e-adc0-ba02-ccd2807e8de4,true,ZST Blech4er GEDRUCKT|B2B,4f718e_379ad5d4b68248c7bb4118d71a899d1e~mv2.jpg|4f718e_497a2b3789af4603b6feac52096076ca~mv2.jpg|4f718e_76d96f7da15a45e7a2858c0dea9a400a~mv2.jpg|4f718e_e0e116c27d39462eb2310efad20f7e45~mv2.jpg|4f718e_3554ee10efd14f50856b6f35e07864ca~mv2.jpg|4f718e_0e5ad689714342218ad3d529f9bb9b76~mv2.jpg,<p>Zusatzstimmen für die <strong>Blech4er</strong>-Edition.</p><p>Weitere Zusatzstimmen auf Anfrage!</p>,true,XeisWorks_Hefte,false,ZS - Tuba in Bb,Zusatzstimmen Blech4er GEDRUCKT [#3 KirchenBlech],ZST #3 KirchenBlech: Tb. in Bb,XLSX_SOT_NORMALIZED,Produktpalette(2).xlsx:XeisWorks,33,EXACT,,false,,,
XW-203.5-D,XW-203.5-D,,XW-203.5,28cd82d1-b11f-5cf0-a57d-a3d23e57740c,ZUSATZSTIMME|kirchenblech #3 - tuba in b,HIGH,false,FORMAT_VARIANT,live,ACTIVE,true,false,XeisWorks,Blech4er,Zusatzstimme,,,,#3 KirchenBlech - Zusatzstimme Tuba in B,additional_voice,digital,Tuba,,B,,,,4-stimmig,4,,DIGITAL,KirchenBlech #3 - Tuba in B,KirchenBlech#3 Tuba-B,KirchenBlech#3_Tuba-B,KirchenBlech #3 - Tuba in B ist eine Zusatzstimmen-Ausgabe im XeisWorks-Produktkatalog.,AUTO_DRAFT,GENERATED,Format: DIGITAL,Kategorie: Zusatzstimme,,,,,5.00,10.00,5.50,EUR,ERP_NET,0.00,true,,,,,,,,,,,,,,,,,,,,false,true,,,,,,,true,XeisWorks digital,false,ZS - Tuba in Bb,,ZST #3 KirchenBlech: Tb. in Bb,XLSX_SOT_NORMALIZED,Produktpalette(2).xlsx:XeisWorks,33,DERIVED,,false,,,
XW-203.6,XW-203.6,,,df70e87b-7194-5cde-9e13-f1d57474d791,ZUSATZSTIMME|kirchenblech #3 - horn/basstrompete 1 in es,HIGH,true,CANONICAL,live,ACTIVE,true,false,XeisWorks,Blech4er,Zusatzstimme,,,,#3 KirchenBlech - Zusatzstimme Hrn/Btp. 1 in Es,additional_voice,digital,,1,Es,,,,4-stimmig,4,,DIGITAL,KirchenBlech #3 - Horn/Basstrompete 1 in Es,KirchenBlech#3 Hrn/Btp1-Es,KirchenBlech#3_Hrn/Btp1-Es,KirchenBlech #3 - Horn/Basstrompete 1 in Es ist eine Zusatzstimmen-Ausgabe im XeisWorks-Produktkatalog.,AUTO_DRAFT,GENERATED,Stimmigkeit/Satz: 4-stimmig,Format: DIGITAL,Kategorie: Zusatzstimme,,,,5.00,10.00,5.50,EUR,ERP_NET,0.00,true,,,,,,,,,,,,,,,,,,,,false,true,,,,,,,true,XeisWorks digital,false,ZS - Hrn/Btp. 1 in Es,,ZST #3 KirchenBlech: Hrn./Btp. 1 in Es,XLSX_SOT_NORMALIZED,Produktpalette(2).xlsx:XeisWorks,34,EXACT,,false,,,
XW-203.7,XW-203.7,,,83932859-f13b-56a0-89bc-6aad7b027484,ZUSATZSTIMME|kirchenblech #3 - horn/basstrompete 2 in es,HIGH,true,CANONICAL,live,ACTIVE,true,false,XeisWorks,Blech4er,Zusatzstimme,,,,#3 KirchenBlech - Zusatzstimme Hrn/Btp. 2 in Es,additional_voice,physical,,2,Es,,,,4-stimmig,4,,PHYSICAL,KirchenBlech #3 - Horn/Basstrompete 2 in Es,KirchenBlech#3 Hrn/Btp2-Es,KirchenBlech#3_Hrn/Btp2-Es,KirchenBlech #3 - Horn/Basstrompete 2 in Es ist eine Zusatzstimmen-Ausgabe im XeisWorks-Produktkatalog.,AUTO_DRAFT,GENERATED,Stimmigkeit/Satz: 4-stimmig,Format: PHYSICAL,Kategorie: Zusatzstimme,,,,,10.00,,EUR,,,,,,,,,,,,,,,,,,,,,,,false,true,,,,,,,false,,false,ZS - Hrn/Btp. 2 in Es,,,XLSX_SOT_NORMALIZED,Produktpalette(2).xlsx:XeisWorks,35,EXACT,,false,,,
XW-203.8,XW-203.8,,,08edb503-8f93-51b2-b856-35c901aa63c1,ZUSATZSTIMME|kirchenblech #3 - tuba in es,HIGH,true,CANONICAL,live,ACTIVE,true,false,XeisWorks,Blech4er,Zusatzstimme,,,,#3 KirchenBlech - Zusatzstimme Tuba in Es,additional_voice,physical,Tuba,,Es,,,,4-stimmig,4,,PHYSICAL,KirchenBlech #3 - Tuba in Es,KirchenBlech#3 Tuba-Es,KirchenBlech#3_Tuba-Es,KirchenBlech #3 - Tuba in Es ist eine Zusatzstimmen-Ausgabe im XeisWorks-Produktkatalog.,AUTO_DRAFT,GENERATED,Instrument: Tuba,Stimmigkeit/Satz: 4-stimmig,Format: PHYSICAL,Kategorie: Zusatzstimme,,,,10.00,,EUR,,,,,,,,,,,,,,,,,,,,,,,false,true,,,,,,,false,,false,ZS - Tuba in Eb,,,XLSX_SOT_NORMALIZED,Produktpalette(2).xlsx:XeisWorks,36,EXACT,,false,,,
XW-204,XW-204,,,55a2757b-cbfd-5d57-9570-8b78a83eb72c,HEFT|hochzeitsblech #4,HIGH,true,CANONICAL,live,ACTIVE,true,false,XeisWorks,Blech4er,Heft,HochzeitsBlech,,4,#4 HochzeitsBlech,EDITION,physical,,,,,,,4-stimmig,4,,PHYSICAL,HochzeitsBlech #4,HochzeitsBlech #4,HochzeitsBlech#4,"Feierliche Hochzeitsmusik
für variables Blechbläser4tett",SOURCE,WIX,für variables Blechbläser4tett,,,,,B2B,29.00,10.00,31.90,EUR,ERP_NET,0.00,false,250.0,,,,,,,,,,,,,,,,,,,true,true,product_b109d6e9-d096-f815-a69f-a9c4e0798aa4,product_b109d6e9-d096-f815-a69f-a9c4e0798aa4,true,Blech4er|B2B,4f718e_1d5de981bae8499aad07bd55bb416a1c~mv2.jpg|4f718e_4b6e7a774327494daa637e0667fccf9f|4f718e_b278baf6a5b34d84a5f1549ad98c2b17~mv2.jpg|4f718e_707900c725224d59ae06b124e972196d~mv2.jpg|4f718e_36db29c882df4fc785c3b1b673daefa6~mv2.jpg|4f718e_c2e4559824cf43b98c69e471de4c3ad6~mv2.jpg|4f718e_7f4ffe419f7b4394b33063d023cb3d66~mv2.jpg|4f718e_50236e1da8954860971e287d5e6975d6~mv2.jpg,<p><strong>Feierliche Hochzeitsmusik</strong></p><p>für variables Blechbläser4tett</p>,true,XeisWorks_Hefte,false,#4 HochzeitsBlech,#4 HochzeitsBlech,#4 HochzeitsBlech,XLSX_SOT_NORMALIZED,Produktpalette(2).xlsx:XeisWorks,38,EXACT,,false,,,
XW-204.1,XW-204.1,,,151ea9d4-e0c7-5a86-aa4b-1606b6c2f1c5,ZUSATZSTIMME|hochzeitsblech #4 - flügelhorn 1 in c,HIGH,true,CANONICAL,live,ACTIVE,true,false,XeisWorks,Blech4er,Zusatzstimme,,,,#4 HochzeitsBlech - Zusatzstimme Flügelhorn 1 in C,additional_voice,physical,Flügelhorn,1,C,,,,4-stimmig,4,,PHYSICAL,HochzeitsBlech #4 - Flügelhorn 1 in C,HochzeitsBlech#4 Flgh1-C,HochzeitsBlech#4_Flgh1-C,HochzeitsBlech #4 - Flügelhorn 1 in C ist eine Zusatzstimmen-Ausgabe im XeisWorks-Produktkatalog.,AUTO_DRAFT,GENERATED,Instrument: Flügelhorn,Stimmigkeit/Satz: 4-stimmig,Format: PHYSICAL,Kategorie: Zusatzstimme,,,,10.00,,EUR,,,,,,,,,,,,,,,,,,,,,,,false,true,,,,,,,false,,false,ZS - Flügelhorn 1 in C,,,XLSX_SOT_NORMALIZED,Produktpalette(2).xlsx:XeisWorks,39,EXACT,,false,,,
XW-204.2,XW-204.2,,,57c708ec-353d-5b37-9a49-e362026a7357,ZUSATZSTIMME|hochzeitsblech #4 - flügelhorn 2 in c,HIGH,true,CANONICAL,live,ACTIVE,true,false,XeisWorks,Blech4er,Zusatzstimme,,,,#4 HochzeitsBlech - Zusatzstimme Flügelhorn 2 in C,additional_voice,physical,Flügelhorn,2,C,,,,4-stimmig,4,,PHYSICAL,HochzeitsBlech #4 - Flügelhorn 2 in C,HochzeitsBlech#4 Flgh2-C,HochzeitsBlech#4_Flgh2-C,HochzeitsBlech #4 - Flügelhorn 2 in C ist eine Zusatzstimmen-Ausgabe im XeisWorks-Produktkatalog.,AUTO_DRAFT,GENERATED,Instrument: Flügelhorn,Stimmigkeit/Satz: 4-stimmig,Format: PHYSICAL,Kategorie: Zusatzstimme,,,,10.00,,EUR,,,,,,,,,,,,,,,,,,,,,,,false,true,,,,,,,false,,false,ZS - Flügelhorn 2 in C,,,XLSX_SOT_NORMALIZED,Produktpalette(2).xlsx:XeisWorks,40,EXACT,,false,,,
XW-204.3,XW-204.3,,,4b1bea46-f6cd-5862-9756-d1310cc5fff3,ZUSATZSTIMME|hochzeitsblech #4 - horn 1 in f,HIGH,true,CANONICAL,live,ACTIVE,true,false,XeisWorks,Blech4er,Zusatzstimme,,,,#4 HochzeitsBlech - Zusatzstimme Horn 1 in F,additional_voice,physical,Horn,1,F,,,,4-stimmig,4,,PHYSICAL,HochzeitsBlech #4 - Horn 1 in F,HochzeitsBlech#4 Hrn1-F,HochzeitsBlech#4_Hrn1-F,"Zusatzstimmen für die Blech4er-Edition.
Weitere Zusatzstimmen auf Anfrage!",SOURCE,WIX,Weitere Zusatzstimmen auf Anfrage!,,,,,B2B,5.00,10.00,5.50,EUR,ERP_NET,0.00,false,75.0,,,,,,,,,,,,,,,,,,,true,true,product_bab00353-9f5e-adc0-ba02-ccd2807e8de4,product_bab00353-9f5e-adc0-ba02-ccd2807e8de4,true,ZST Blech4er GEDRUCKT|B2B,4f718e_379ad5d4b68248c7bb4118d71a899d1e~mv2.jpg|4f718e_497a2b3789af4603b6feac52096076ca~mv2.jpg|4f718e_76d96f7da15a45e7a2858c0dea9a400a~mv2.jpg|4f718e_e0e116c27d39462eb2310efad20f7e45~mv2.jpg|4f718e_3554ee10efd14f50856b6f35e07864ca~mv2.jpg|4f718e_0e5ad689714342218ad3d529f9bb9b76~mv2.jpg,<p>Zusatzstimmen für die <strong>Blech4er</strong>-Edition.</p><p>Weitere Zusatzstimmen auf Anfrage!</p>,true,XeisWorks_Hefte,false,ZS - Horn 1 in F,Zusatzstimmen Blech4er GEDRUCKT [#4 HochzeitsBlech],ZST #4 HochzeitsBlech: Hrn.1,XLSX_SOT_NORMALIZED,Produktpalette(2).xlsx:XeisWorks,41,EXACT,,false,,,
XW-204.3-D,XW-204.3-D,,XW-204.3,4b1bea46-f6cd-5862-9756-d1310cc5fff3,ZUSATZSTIMME|hochzeitsblech #4 - horn 1 in f,HIGH,false,FORMAT_VARIANT,live,ACTIVE,true,false,XeisWorks,Blech4er,Zusatzstimme,,,,#4 HochzeitsBlech - Zusatzstimme Horn 1 in F,additional_voice,digital,Horn,1,F,,,,4-stimmig,4,,DIGITAL,HochzeitsBlech #4 - Horn 1 in F,HochzeitsBlech#4 Hrn1-F,HochzeitsBlech#4_Hrn1-F,HochzeitsBlech #4 - Horn 1 in F ist eine Zusatzstimmen-Ausgabe im XeisWorks-Produktkatalog.,AUTO_DRAFT,GENERATED,Format: DIGITAL,Kategorie: Zusatzstimme,,,,,5.00,10.00,5.50,EUR,ERP_NET,0.00,true,,,,,,,,,,,,,,,,,,,,false,true,,,,,,,true,XeisWorks digital,false,ZS - Horn 1 in F,,ZST #4 Hochz.Blech: Hrn.1,XLSX_SOT_NORMALIZED,Produktpalette(2).xlsx:XeisWorks,41,DERIVED,,false,,,
XW-204.4,XW-204.4,,,55e407c4-4999-52d4-b719-8bfad9c5b1a4,ZUSATZSTIMME|hochzeitsblech #4 - horn 2 in f,HIGH,true,CANONICAL,live,ACTIVE,true,false,XeisWorks,Blech4er,Zusatzstimme,,,,#4 HochzeitsBlech - Zusatzstimme Horn 2 in F,additional_voice,physical,Horn,2,F,,,,4-stimmig,4,,PHYSICAL,HochzeitsBlech #4 - Horn 2 in F,HochzeitsBlech#4 Hrn2-F,HochzeitsBlech#4_Hrn2-F,"Zusatzstimmen für die Blech4er-Edition.
Weitere Zusatzstimmen auf Anfrage!",SOURCE,WIX,Weitere Zusatzstimmen auf Anfrage!,,,,,B2B,5.00,10.00,5.50,EUR,ERP_NET,0.00,false,75.0,,,,,,,,,,,,,,,,,,,true,true,product_bab00353-9f5e-adc0-ba02-ccd2807e8de4,product_bab00353-9f5e-adc0-ba02-ccd2807e8de4,true,ZST Blech4er GEDRUCKT|B2B,4f718e_379ad5d4b68248c7bb4118d71a899d1e~mv2.jpg|4f718e_497a2b3789af4603b6feac52096076ca~mv2.jpg|4f718e_76d96f7da15a45e7a2858c0dea9a400a~mv2.jpg|4f718e_e0e116c27d39462eb2310efad20f7e45~mv2.jpg|4f718e_3554ee10efd14f50856b6f35e07864ca~mv2.jpg|4f718e_0e5ad689714342218ad3d529f9bb9b76~mv2.jpg,<p>Zusatzstimmen für die <strong>Blech4er</strong>-Edition.</p><p>Weitere Zusatzstimmen auf Anfrage!</p>,true,XeisWorks_Hefte,false,ZS - Horn 2 in F,Zusatzstimmen Blech4er GEDRUCKT [#4 HochzeitsBlech],ZST #4 HochzeitsBlech: Hrn.2,XLSX_SOT_NORMALIZED,Produktpalette(2).xlsx:XeisWorks,42,EXACT,,false,,,
XW-204.4-D,XW-204.4-D,,XW-204.4,55e407c4-4999-52d4-b719-8bfad9c5b1a4,ZUSATZSTIMME|hochzeitsblech #4 - horn 2 in f,HIGH,false,FORMAT_VARIANT,live,ACTIVE,true,false,XeisWorks,Blech4er,Zusatzstimme,,,,#4 HochzeitsBlech - Zusatzstimme Horn 2 in F,additional_voice,digital,Horn,2,F,,,,4-stimmig,4,,DIGITAL,HochzeitsBlech #4 - Horn 2 in F,HochzeitsBlech#4 Hrn2-F,HochzeitsBlech#4_Hrn2-F,HochzeitsBlech #4 - Horn 2 in F ist eine Zusatzstimmen-Ausgabe im XeisWorks-Produktkatalog.,AUTO_DRAFT,GENERATED,Format: DIGITAL,Kategorie: Zusatzstimme,,,,,5.00,10.00,5.50,EUR,ERP_NET,0.00,true,,,,,,,,,,,,,,,,,,,,false,true,,,,,,,true,XeisWorks digital,false,ZS - Horn 2 in F,,ZST #4 Hochz.Blech: Hrn.2,XLSX_SOT_NORMALIZED,Produktpalette(2).xlsx:XeisWorks,42,DERIVED,,false,,,
XW-204.5,XW-204.5,,,8afbad16-3141-5b7b-8ced-7c2aaf811566,ZUSATZSTIMME|hochzeitsblech #4 - tuba in b,HIGH,true,CANONICAL,live,ACTIVE,true,false,XeisWorks,Blech4er,Zusatzstimme,,,,#4 HochzeitsBlech - Zusatzstimme Tuba in B,additional_voice,physical,Tuba,,B,,,,4-stimmig,4,,PHYSICAL,HochzeitsBlech #4 - Tuba in B,HochzeitsBlech#4 Tuba-B,HochzeitsBlech#4_Tuba-B,"Zusatzstimmen für die Blech4er-Edition.
Weitere Zusatzstimmen auf Anfrage!",SOURCE,WIX,Weitere Zusatzstimmen auf Anfrage!,,,,,B2B,5.00,10.00,5.50,EUR,ERP_NET,0.00,false,75.0,,,,,,,,,,,,,,,,,,,true,true,product_bab00353-9f5e-adc0-ba02-ccd2807e8de4,product_bab00353-9f5e-adc0-ba02-ccd2807e8de4,true,ZST Blech4er GEDRUCKT|B2B,4f718e_379ad5d4b68248c7bb4118d71a899d1e~mv2.jpg|4f718e_497a2b3789af4603b6feac52096076ca~mv2.jpg|4f718e_76d96f7da15a45e7a2858c0dea9a400a~mv2.jpg|4f718e_e0e116c27d39462eb2310efad20f7e45~mv2.jpg|4f718e_3554ee10efd14f50856b6f35e07864ca~mv2.jpg|4f718e_0e5ad689714342218ad3d529f9bb9b76~mv2.jpg,<p>Zusatzstimmen für die <strong>Blech4er</strong>-Edition.</p><p>Weitere Zusatzstimmen auf Anfrage!</p>,true,XeisWorks_Hefte,false,ZS - Tuba in Bb,Zusatzstimmen Blech4er GEDRUCKT [#4 HochzeitsBlech],ZST #4 Hochz.Blech: Tb. in Bb,XLSX_SOT_NORMALIZED,Produktpalette(2).xlsx:XeisWorks,43,EXACT,,false,,,
XW-204.5-D,XW-204.5-D,,XW-204.5,8afbad16-3141-5b7b-8ced-7c2aaf811566,ZUSATZSTIMME|hochzeitsblech #4 - tuba in b,HIGH,false,FORMAT_VARIANT,live,ACTIVE,true,false,XeisWorks,Blech4er,Zusatzstimme,,,,#4 HochzeitsBlech - Zusatzstimme Tuba in B,additional_voice,digital,Tuba,,B,,,,4-stimmig,4,,DIGITAL,HochzeitsBlech #4 - Tuba in B,HochzeitsBlech#4 Tuba-B,HochzeitsBlech#4_Tuba-B,HochzeitsBlech #4 - Tuba in B ist eine Zusatzstimmen-Ausgabe im XeisWorks-Produktkatalog.,AUTO_DRAFT,GENERATED,Format: DIGITAL,Kategorie: Zusatzstimme,,,,,5.00,10.00,5.50,EUR,ERP_NET,0.00,true,,,,,,,,,,,,,,,,,,,,false,true,,,,,,,true,XeisWorks digital,false,ZS - Tuba in Bb,,ZST #4 Hochz.Blech: Tb. in Bb,XLSX_SOT_NORMALIZED,Produktpalette(2).xlsx:XeisWorks,43,DERIVED,,false,,,
XW-204.6,XW-204.6,,,69502b06-9670-55ec-b355-8551ccb53c02,ZUSATZSTIMME|hochzeitsblech #4 - horn/basstrompete 1 in es,HIGH,true,CANONICAL,live,ACTIVE,true,false,XeisWorks,Blech4er,Zusatzstimme,,,,#4 HochzeitsBlech - Zusatzstimme Hrn/Btp. 1 in Es,additional_voice,physical,,1,Es,,,,4-stimmig,4,,PHYSICAL,HochzeitsBlech #4 - Horn/Basstrompete 1 in Es,HochzeitsBlech#4 Hrn/Btp1-Es,HochzeitsBlech#4_Hrn/Btp1-Es,HochzeitsBlech #4 - Horn/Basstrompete 1 in Es ist eine Zusatzstimmen-Ausgabe im XeisWorks-Produktkatalog.,AUTO_DRAFT,GENERATED,Stimmigkeit/Satz: 4-stimmig,Format: PHYSICAL,Kategorie: Zusatzstimme,,,,,10.00,,EUR,,,,,,,,,,,,,,,,,,,,,,,false,true,,,,,,,false,,false,ZS - Hrn/Btp. 1 in Es,,,XLSX_SOT_NORMALIZED,Produktpalette(2).xlsx:XeisWorks,44,EXACT,,false,,,
XW-204.7,XW-204.7,,,eb54aac3-ccab-5eb9-bbf2-92b5621255a6,ZUSATZSTIMME|hochzeitsblech #4 - horn/basstrompete 2 in es,HIGH,true,CANONICAL,live,ACTIVE,true,false,XeisWorks,Blech4er,Zusatzstimme,,,,#4 HochzeitsBlech - Zusatzstimme Hrn/Btp. 2 in Es,additional_voice,physical,,2,Es,,,,4-stimmig,4,,PHYSICAL,HochzeitsBlech #4 - Horn/Basstrompete 2 in Es,HochzeitsBlech#4 Hrn/Btp2-Es,HochzeitsBlech#4_Hrn/Btp2-Es,HochzeitsBlech #4 - Horn/Basstrompete 2 in Es ist eine Zusatzstimmen-Ausgabe im XeisWorks-Produktkatalog.,AUTO_DRAFT,GENERATED,Stimmigkeit/Satz: 4-stimmig,Format: PHYSICAL,Kategorie: Zusatzstimme,,,,,10.00,,EUR,,,,,,,,,,,,,,,,,,,,,,,false,true,,,,,,,false,,false,ZS - Hrn/Btp. 2 in Es,,,XLSX_SOT_NORMALIZED,Produktpalette(2).xlsx:XeisWorks,45,EXACT,,false,,,
XW-204.8,XW-204.8,,,5d504b99-24d9-5b3b-8e6b-0a62720c629b,ZUSATZSTIMME|hochzeitsblech #4 - tuba in es,HIGH,true,CANONICAL,live,ACTIVE,true,false,XeisWorks,Blech4er,Zusatzstimme,,,,#4 HochzeitsBlech - Zusatzstimme Tuba in Es,additional_voice,physical,Tuba,,Es,,,,4-stimmig,4,,PHYSICAL,HochzeitsBlech #4 - Tuba in Es,HochzeitsBlech#4 Tuba-Es,HochzeitsBlech#4_Tuba-Es,HochzeitsBlech #4 - Tuba in Es ist eine Zusatzstimmen-Ausgabe im XeisWorks-Produktkatalog.,AUTO_DRAFT,GENERATED,Instrument: Tuba,Stimmigkeit/Satz: 4-stimmig,Format: PHYSICAL,Kategorie: Zusatzstimme,,,,10.00,,EUR,,,,,,,,,,,,,,,,,,,,,,,false,true,,,,,,,false,,false,ZS - Tuba in Eb,,,XLSX_SOT_NORMALIZED,Produktpalette(2).xlsx:XeisWorks,46,EXACT,,false,,,
XW-205,XW-205,,,e1572ec8-a996-5e97-b6b6-3081c819a529,HEFT|trauerblech #5,HIGH,true,CANONICAL,live,ACTIVE,true,false,XeisWorks,Blech4er,Heft,TrauerBlech,,5,#5 TrauerBlech,EDITION,physical,,,,,,,4-stimmig,4,,PHYSICAL,TrauerBlech #5,TrauerBlech #5,TrauerBlech#5,"Ergreifende Trauermusik
für variables Blechbläser4tett",SOURCE,WIX,für variables Blechbläser4tett,,,,,B2B,29.00,10.00,31.90,EUR,ERP_NET,0.00,false,250.0,,,,,,,,,,,,,,,,,,,true,true,product_099d2e28-eeef-bef7-5339-ed77d6482227,product_099d2e28-eeef-bef7-5339-ed77d6482227,true,Blech4er|B2B,4f718e_8e599b46dadb484ca6d3d3551c10f8aa~mv2.jpg|4f718e_1e50bbfb24b1499389d2b84694afa048|4f718e_4a4a168696094f61ad5ce09e0b9bab72~mv2.jpg|4f718e_434ff440dc53408eb57c5a0b96832f6c~mv2.jpg|4f718e_114ede46135b48fcb0daa45d6b219c03~mv2.jpg|4f718e_38b7f508de5f429e9655eb32ec966b9a~mv2.jpg|4f718e_c5f6cf62249e40bd902d6ccd62086cc0~mv2.jpg|4f718e_b616e290220944a883b43deb8113e787~mv2.jpg,<p>Ergreifende Trauermusik</p><p>für variables Blechbläser4tett</p>,true,XeisWorks_Hefte,false,#5 TrauerBlech,#5 TrauerBlech,#5 TrauerBlech,XLSX_SOT_NORMALIZED,Produktpalette(2).xlsx:XeisWorks,48,EXACT,,false,,,
XW-205.1,XW-205.1,,,c9006021-0c1c-5c01-a8ed-47d01d28af6b,ZUSATZSTIMME|trauerblech #5 - flügelhorn 1 in c,HIGH,true,CANONICAL,live,ACTIVE,true,false,XeisWorks,Blech4er,Zusatzstimme,,,,#5 TrauerBlech - Zusatzstimme Flügelhorn 1 in C,additional_voice,physical,Flügelhorn,1,C,,,,4-stimmig,4,,PHYSICAL,TrauerBlech #5 - Flügelhorn 1 in C,TrauerBlech#5 Flgh1-C,TrauerBlech#5_Flgh1-C,TrauerBlech #5 - Flügelhorn 1 in C ist eine Zusatzstimmen-Ausgabe im XeisWorks-Produktkatalog.,AUTO_DRAFT,GENERATED,Instrument: Flügelhorn,Stimmigkeit/Satz: 4-stimmig,Format: PHYSICAL,Kategorie: Zusatzstimme,,,,10.00,,EUR,,,,,,,,,,,,,,,,,,,,,,,false,true,,,,,,,false,,false,ZS - Flügelhorn 1 in C,,,XLSX_SOT_NORMALIZED,Produktpalette(2).xlsx:XeisWorks,49,EXACT,,false,,,
XW-205.2,XW-205.2,,,4a50a97a-3c09-5ba1-85bc-19c9887194ac,ZUSATZSTIMME|trauerblech #5 - flügelhorn 2 in c,HIGH,true,CANONICAL,live,ACTIVE,true,false,XeisWorks,Blech4er,Zusatzstimme,,,,#5 TrauerBlech - Zusatzstimme Flügelhorn 2 in C,additional_voice,physical,Flügelhorn,2,C,,,,4-stimmig,4,,PHYSICAL,TrauerBlech #5 - Flügelhorn 2 in C,TrauerBlech#5 Flgh2-C,TrauerBlech#5_Flgh2-C,TrauerBlech #5 - Flügelhorn 2 in C ist eine Zusatzstimmen-Ausgabe im XeisWorks-Produktkatalog.,AUTO_DRAFT,GENERATED,Instrument: Flügelhorn,Stimmigkeit/Satz: 4-stimmig,Format: PHYSICAL,Kategorie: Zusatzstimme,,,,10.00,,EUR,,,,,,,,,,,,,,,,,,,,,,,false,true,,,,,,,false,,false,ZS - Flügelhorn 2 in C,,,XLSX_SOT_NORMALIZED,Produktpalette(2).xlsx:XeisWorks,50,EXACT,,false,,,
XW-205.3,XW-205.3,,,8e8952a2-85d4-5bd2-af16-7898bd6c03bc,ZUSATZSTIMME|trauerblech #5 - horn 1 in f,HIGH,true,CANONICAL,live,ACTIVE,true,false,XeisWorks,Blech4er,Zusatzstimme,,,,#5 TrauerBlech - Zusatzstimme Horn 1 in F,additional_voice,physical,Horn,1,F,,,,4-stimmig,4,,PHYSICAL,TrauerBlech #5 - Horn 1 in F,TrauerBlech#5 Hrn1-F,TrauerBlech#5_Hrn1-F,"Zusatzstimmen für die Blech4er-Edition.
Weitere Zusatzstimmen auf Anfrage!",SOURCE,WIX,Weitere Zusatzstimmen auf Anfrage!,,,,,B2B,5.00,10.00,5.50,EUR,ERP_NET,0.00,false,75.0,,,,,,,,,,,,,,,,,,,true,true,product_bab00353-9f5e-adc0-ba02-ccd2807e8de4,product_bab00353-9f5e-adc0-ba02-ccd2807e8de4,true,ZST Blech4er GEDRUCKT|B2B,4f718e_379ad5d4b68248c7bb4118d71a899d1e~mv2.jpg|4f718e_497a2b3789af4603b6feac52096076ca~mv2.jpg|4f718e_76d96f7da15a45e7a2858c0dea9a400a~mv2.jpg|4f718e_e0e116c27d39462eb2310efad20f7e45~mv2.jpg|4f718e_3554ee10efd14f50856b6f35e07864ca~mv2.jpg|4f718e_0e5ad689714342218ad3d529f9bb9b76~mv2.jpg,<p>Zusatzstimmen für die <strong>Blech4er</strong>-Edition.</p><p>Weitere Zusatzstimmen auf Anfrage!</p>,true,XeisWorks_Hefte,false,ZS - Horn 1 in F,Zusatzstimmen Blech4er GEDRUCKT [#5 TrauerBlech],ZST #5 TrauerBlech: Hrn.1,XLSX_SOT_NORMALIZED,Produktpalette(2).xlsx:XeisWorks,51,EXACT,,false,,,
XW-205.3-D,XW-205.3-D,,XW-205.3,8e8952a2-85d4-5bd2-af16-7898bd6c03bc,ZUSATZSTIMME|trauerblech #5 - horn 1 in f,HIGH,false,FORMAT_VARIANT,live,ACTIVE,true,false,XeisWorks,Blech4er,Zusatzstimme,,,,#5 TrauerBlech - Zusatzstimme Horn 1 in F,additional_voice,digital,Horn,1,F,,,,4-stimmig,4,,DIGITAL,TrauerBlech #5 - Horn 1 in F,TrauerBlech#5 Hrn1-F,TrauerBlech#5_Hrn1-F,TrauerBlech #5 - Horn 1 in F ist eine Zusatzstimmen-Ausgabe im XeisWorks-Produktkatalog.,AUTO_DRAFT,GENERATED,Format: DIGITAL,Kategorie: Zusatzstimme,,,,,5.00,10.00,5.50,EUR,ERP_NET,0.00,true,,,,,,,,,,,,,,,,,,,,false,true,,,,,,,true,XeisWorks digital,false,ZS - Horn 1 in F,,ZST #5 TrauerBlech: Hrn.1,XLSX_SOT_NORMALIZED,Produktpalette(2).xlsx:XeisWorks,51,DERIVED,,false,,,
XW-205.4,XW-205.4,,,9e6a2f38-f4bb-56c1-99f8-1efda1831a56,ZUSATZSTIMME|trauerblech #5 - horn 2 in f,HIGH,true,CANONICAL,live,ACTIVE,true,false,XeisWorks,Blech4er,Zusatzstimme,,,,#5 TrauerBlech - Zusatzstimme Horn 2 in F,additional_voice,physical,Horn,2,F,,,,4-stimmig,4,,PHYSICAL,TrauerBlech #5 - Horn 2 in F,TrauerBlech#5 Hrn2-F,TrauerBlech#5_Hrn2-F,"Zusatzstimmen für die Blech4er-Edition.
Weitere Zusatzstimmen auf Anfrage!",SOURCE,WIX,Weitere Zusatzstimmen auf Anfrage!,,,,,B2B,5.00,10.00,5.50,EUR,ERP_NET,0.00,false,75.0,,,,,,,,,,,,,,,,,,,true,true,product_bab00353-9f5e-adc0-ba02-ccd2807e8de4,product_bab00353-9f5e-adc0-ba02-ccd2807e8de4,true,ZST Blech4er GEDRUCKT|B2B,4f718e_379ad5d4b68248c7bb4118d71a899d1e~mv2.jpg|4f718e_497a2b3789af4603b6feac52096076ca~mv2.jpg|4f718e_76d96f7da15a45e7a2858c0dea9a400a~mv2.jpg|4f718e_e0e116c27d39462eb2310efad20f7e45~mv2.jpg|4f718e_3554ee10efd14f50856b6f35e07864ca~mv2.jpg|4f718e_0e5ad689714342218ad3d529f9bb9b76~mv2.jpg,<p>Zusatzstimmen für die <strong>Blech4er</strong>-Edition.</p><p>Weitere Zusatzstimmen auf Anfrage!</p>,true,XeisWorks_Hefte,false,ZS - Horn 2 in F,Zusatzstimmen Blech4er GEDRUCKT [#5 TrauerBlech],ZST #5 TrauerBlech: Hrn.2,XLSX_SOT_NORMALIZED,Produktpalette(2).xlsx:XeisWorks,52,EXACT,,false,,,
XW-205.4-D,XW-205.4-D,,XW-205.4,9e6a2f38-f4bb-56c1-99f8-1efda1831a56,ZUSATZSTIMME|trauerblech #5 - horn 2 in f,HIGH,false,FORMAT_VARIANT,live,ACTIVE,true,false,XeisWorks,Blech4er,Zusatzstimme,,,,#5 TrauerBlech - Zusatzstimme Horn 2 in F,additional_voice,digital,Horn,2,F,,,,4-stimmig,4,,DIGITAL,TrauerBlech #5 - Horn 2 in F,TrauerBlech#5 Hrn2-F,TrauerBlech#5_Hrn2-F,TrauerBlech #5 - Horn 2 in F ist eine Zusatzstimmen-Ausgabe im XeisWorks-Produktkatalog.,AUTO_DRAFT,GENERATED,Format: DIGITAL,Kategorie: Zusatzstimme,,,,,5.00,10.00,5.50,EUR,ERP_NET,0.00,true,,,,,,,,,,,,,,,,,,,,false,true,,,,,,,true,XeisWorks digital,false,ZS - Horn 2 in F,,ZST #5 TrauerBlech: Hrn.2,XLSX_SOT_NORMALIZED,Produktpalette(2).xlsx:XeisWorks,52,DERIVED,,false,,,
XW-205.5,XW-205.5,,,94275f55-3beb-5cdd-bec6-f7f263e2fd9e,ZUSATZSTIMME|trauerblech #5 - tuba in b,HIGH,true,CANONICAL,live,ACTIVE,true,false,XeisWorks,Blech4er,Zusatzstimme,,,,#5 TrauerBlech - Zusatzstimme Tuba in B,additional_voice,physical,Tuba,,B,,,,4-stimmig,4,,PHYSICAL,TrauerBlech #5 - Tuba in B,TrauerBlech#5 Tuba-B,TrauerBlech#5_Tuba-B,"Zusatzstimmen für die Blech4er-Edition.
Weitere Zusatzstimmen auf Anfrage!",SOURCE,WIX,Weitere Zusatzstimmen auf Anfrage!,,,,,B2B,5.00,10.00,5.50,EUR,ERP_NET,0.00,false,75.0,,,,,,,,,,,,,,,,,,,true,true,product_bab00353-9f5e-adc0-ba02-ccd2807e8de4,product_bab00353-9f5e-adc0-ba02-ccd2807e8de4,true,ZST Blech4er GEDRUCKT|B2B,4f718e_379ad5d4b68248c7bb4118d71a899d1e~mv2.jpg|4f718e_497a2b3789af4603b6feac52096076ca~mv2.jpg|4f718e_76d96f7da15a45e7a2858c0dea9a400a~mv2.jpg|4f718e_e0e116c27d39462eb2310efad20f7e45~mv2.jpg|4f718e_3554ee10efd14f50856b6f35e07864ca~mv2.jpg|4f718e_0e5ad689714342218ad3d529f9bb9b76~mv2.jpg,<p>Zusatzstimmen für die <strong>Blech4er</strong>-Edition.</p><p>Weitere Zusatzstimmen auf Anfrage!</p>,true,XeisWorks_Hefte,false,ZS - Tuba in Bb,Zusatzstimmen Blech4er GEDRUCKT [#5 TrauerBlech],ZST #5 TrauerBlech: Tb. in Bb,XLSX_SOT_NORMALIZED,Produktpalette(2).xlsx:XeisWorks,53,EXACT,,false,,,
XW-205.5-D,XW-205.5-D,,XW-205.5,94275f55-3beb-5cdd-bec6-f7f263e2fd9e,ZUSATZSTIMME|trauerblech #5 - tuba in b,HIGH,false,FORMAT_VARIANT,live,ACTIVE,true,false,XeisWorks,Blech4er,Zusatzstimme,,,,#5 TrauerBlech - Zusatzstimme Tuba in B,additional_voice,digital,Tuba,,B,,,,4-stimmig,4,,DIGITAL,TrauerBlech #5 - Tuba in B,TrauerBlech#5 Tuba-B,TrauerBlech#5_Tuba-B,TrauerBlech #5 - Tuba in B ist eine Zusatzstimmen-Ausgabe im XeisWorks-Produktkatalog.,AUTO_DRAFT,GENERATED,Format: DIGITAL,Kategorie: Zusatzstimme,,,,,5.00,10.00,5.50,EUR,ERP_NET,0.00,true,,,,,,,,,,,,,,,,,,,,false,true,,,,,,,true,XeisWorks digital,false,ZS - Tuba in Bb,,ZST #5 TrauerBlech: Tb. in B,XLSX_SOT_NORMALIZED,Produktpalette(2).xlsx:XeisWorks,53,DERIVED,,false,,,
XW-205.6,XW-205.6,,,52c768c4-f796-52b9-91c2-e3d253639450,ZUSATZSTIMME|trauerblech #5 - horn/basstrompete 1 in es,HIGH,true,CANONICAL,live,ACTIVE,true,false,XeisWorks,Blech4er,Zusatzstimme,,,,#5 TrauerBlech - Zusatzstimme Hrn/Btp. 1 in Es,additional_voice,physical,,1,Es,,,,4-stimmig,4,,PHYSICAL,TrauerBlech #5 - Horn/Basstrompete 1 in Es,TrauerBlech#5 Hrn/Btp1-Es,TrauerBlech#5_Hrn/Btp1-Es,TrauerBlech #5 - Horn/Basstrompete 1 in Es ist eine Zusatzstimmen-Ausgabe im XeisWorks-Produktkatalog.,AUTO_DRAFT,GENERATED,Stimmigkeit/Satz: 4-stimmig,Format: PHYSICAL,Kategorie: Zusatzstimme,,,,,10.00,,EUR,,,,,,,,,,,,,,,,,,,,,,,false,true,,,,,,,false,,false,ZS - Hrn/Btp. 1 in Es,,,XLSX_SOT_NORMALIZED,Produktpalette(2).xlsx:XeisWorks,54,EXACT,,false,,,
XW-205.7,XW-205.7,,,dea76e81-eeff-5eaa-a077-013ec3842c97,ZUSATZSTIMME|trauerblech #5 - horn/basstrompete 2 in es,HIGH,true,CANONICAL,live,ACTIVE,true,false,XeisWorks,Blech4er,Zusatzstimme,,,,#5 TrauerBlech - Zusatzstimme Hrn/Btp. 2 in Es,additional_voice,physical,,2,Es,,,,4-stimmig,4,,PHYSICAL,TrauerBlech #5 - Horn/Basstrompete 2 in Es,TrauerBlech#5 Hrn/Btp2-Es,TrauerBlech#5_Hrn/Btp2-Es,TrauerBlech #5 - Horn/Basstrompete 2 in Es ist eine Zusatzstimmen-Ausgabe im XeisWorks-Produktkatalog.,AUTO_DRAFT,GENERATED,Stimmigkeit/Satz: 4-stimmig,Format: PHYSICAL,Kategorie: Zusatzstimme,,,,,10.00,,EUR,,,,,,,,,,,,,,,,,,,,,,,false,true,,,,,,,false,,false,ZS - Hrn/Btp. 2 in Es,,,XLSX_SOT_NORMALIZED,Produktpalette(2).xlsx:XeisWorks,55,EXACT,,false,,,
XW-205.8,XW-205.8,,,908d9ace-3225-52a9-b7c2-6918efd7a6e8,ZUSATZSTIMME|trauerblech #5 - tuba in es,HIGH,true,CANONICAL,live,ACTIVE,true,false,XeisWorks,Blech4er,Zusatzstimme,,,,#5 TrauerBlech - Zusatzstimme Tuba in Es,additional_voice,physical,Tuba,,Es,,,,4-stimmig,4,,PHYSICAL,TrauerBlech #5 - Tuba in Es,TrauerBlech#5 Tuba-Es,TrauerBlech#5_Tuba-Es,TrauerBlech #5 - Tuba in Es ist eine Zusatzstimmen-Ausgabe im XeisWorks-Produktkatalog.,AUTO_DRAFT,GENERATED,Instrument: Tuba,Stimmigkeit/Satz: 4-stimmig,Format: PHYSICAL,Kategorie: Zusatzstimme,,,,10.00,,EUR,,,,,,,,,,,,,,,,,,,,,,,false,true,,,,,,,false,,false,ZS - Tuba in Eb,,,XLSX_SOT_NORMALIZED,Produktpalette(2).xlsx:XeisWorks,56,EXACT,,false,,,
XW-206,XW-206,,,67761196-d8f7-5783-8925-0f883a31c30c,NOTEN|sonntagsblech #6,MEDIUM,true,CANONICAL,review,ACTIVE,true,true,XeisWorks,Blech4er,Noten,,,,#6 SonntagsBlech,SCORE,physical,,,,,,,,,,PHYSICAL,SonntagsBlech #6,SonntagsBlech #6,SonntagsBlech#6,"Festliche Kirchenmusik
für variables Blechbläser4tett",SOURCE,WIX,für variables Blechbläser4tett,,,,,B2B,29.00,10.00,31.90,EUR,ERP_NET,0.00,false,250.0,,,,,,,,,,,,,,,,,,,true,true,product_58f7f181-19a6-ae62-4282-7a46486b1ede,product_58f7f181-19a6-ae62-4282-7a46486b1ede,true,Blech4er|B2B,4f718e_c04b19ee4025415a938b2af5514ed572~mv2.jpg|4f718e_be3e1d365e3e4ec8bdbcbb30447fe36a|4f718e_610bae448b3a46f18b91d9b3539b03d3~mv2.jpg|4f718e_62dc99bb0fe842f7b8ce31b076b5ca86~mv2.jpg|4f718e_4bf6729d390d40f59cb118d0f33e80e4~mv2.jpg|4f718e_246c315e0ad341a3afb5ed5f0155a62c~mv2.jpg|4f718e_07fa01278ef1441c9d9a439e3782ec33~mv2.jpg|4f718e_17d09011fc8e4d2d8dfeb3004eefd3b1~mv2.jpg,<p>Festliche Kirchenmusik</p><p>für variables Blechbläser4tett</p>,true,XeisWorks_Hefte,false,,#6 SonntagsBlech,#6 SonntagsBlech,ERP_FALLBACK,,,EXTERNAL,,false,,SOT_GAP,Product-like channel item has no exact or safe title/category match in the XLSX SOT.
XW-206.3,XW-206.3,,,d8524f28-8347-5257-86b2-a82168df6245,ZUSATZSTIMME|sonntagsblech #6 - horn 1 in f,MEDIUM,true,CANONICAL,review,ACTIVE,true,true,XeisWorks,Blech4er,Zusatzstimme,,,,ZST #6 Sonnt.Blech: Hrn.1,additional_voice,physical,,,,,,,,,,PHYSICAL,SonntagsBlech #6 - Horn 1 in F,SonntagsBlech#6 Hrn1-F,SonntagsBlech#6_Hrn1-F,"Zusatzstimmen für die Blech4er-Edition.
Weitere Zusatzstimmen auf Anfrage!",SOURCE,WIX,Weitere Zusatzstimmen auf Anfrage!,,,,,B2B,5.00,10.00,5.50,EUR,ERP_NET,0.00,false,75.0,,,,,,,,,,,,,,,,,,,true,true,product_bab00353-9f5e-adc0-ba02-ccd2807e8de4,product_bab00353-9f5e-adc0-ba02-ccd2807e8de4,true,ZST Blech4er GEDRUCKT|B2B,4f718e_379ad5d4b68248c7bb4118d71a899d1e~mv2.jpg|4f718e_497a2b3789af4603b6feac52096076ca~mv2.jpg|4f718e_76d96f7da15a45e7a2858c0dea9a400a~mv2.jpg|4f718e_e0e116c27d39462eb2310efad20f7e45~mv2.jpg|4f718e_3554ee10efd14f50856b6f35e07864ca~mv2.jpg|4f718e_0e5ad689714342218ad3d529f9bb9b76~mv2.jpg,<p>Zusatzstimmen für die <strong>Blech4er</strong>-Edition.</p><p>Weitere Zusatzstimmen auf Anfrage!</p>,true,XeisWorks_Hefte,false,,Zusatzstimmen Blech4er GEDRUCKT [#6 SonntagsBlech],ZST #6 Sonnt.Blech: Hrn.1,ERP_FALLBACK,,,EXTERNAL,,false,,SOT_GAP,Product-like channel item has no exact or safe title/category match in the XLSX SOT.
XW-206.3-D,XW-206.3-D,,XW-206.3,d8524f28-8347-5257-86b2-a82168df6245,ZUSATZSTIMME|sonntagsblech #6 - horn 1 in f,LOW,false,FORMAT_VARIANT,live,ACTIVE,true,false,XeisWorks,Blech4er,Zusatzstimme,,,,ZST #6 Sonnt.Blech: Hrn.1,additional_voice,digital,,,,,,,,,,DIGITAL,SonntagsBlech #6 - Horn 1 in F,SonntagsBlech#6 Hrn1-F,SonntagsBlech#6_Hrn1-F,SonntagsBlech #6 - Horn 1 in F ist eine Zusatzstimmen-Ausgabe im XeisWorks-Produktkatalog.,AUTO_DRAFT,GENERATED,Format: DIGITAL,Kategorie: Zusatzstimme,,,,,5.00,10.00,5.50,EUR,ERP_NET,0.00,true,,,,,,,,,,,,,,,,,,,,false,true,,,,,,,true,XeisWorks digital,false,,,ZST #6 Sonnt.Blech: Hrn.1,ERP_FALLBACK,,,EXTERNAL,,false,,,Review is tracked on canonical product variant XW-206.3.
XW-206.4,XW-206.4,,,89070097-b3dd-5b16-ab9e-55da74668119,ZUSATZSTIMME|sonntagsblech #6 - horn 2 in f,MEDIUM,true,CANONICAL,review,ACTIVE,true,true,XeisWorks,Blech4er,Zusatzstimme,,,,ZST #6 Sonnt.Blech: Hrn.2,additional_voice,physical,,,,,,,,,,PHYSICAL,SonntagsBlech #6 - Horn 2 in F,SonntagsBlech#6 Hrn2-F,SonntagsBlech#6_Hrn2-F,"Zusatzstimmen für die Blech4er-Edition.
Weitere Zusatzstimmen auf Anfrage!",SOURCE,WIX,Weitere Zusatzstimmen auf Anfrage!,,,,,B2B,5.00,10.00,5.50,EUR,ERP_NET,0.00,false,75.0,,,,,,,,,,,,,,,,,,,true,true,product_bab00353-9f5e-adc0-ba02-ccd2807e8de4,product_bab00353-9f5e-adc0-ba02-ccd2807e8de4,true,ZST Blech4er GEDRUCKT|B2B,4f718e_379ad5d4b68248c7bb4118d71a899d1e~mv2.jpg|4f718e_497a2b3789af4603b6feac52096076ca~mv2.jpg|4f718e_76d96f7da15a45e7a2858c0dea9a400a~mv2.jpg|4f718e_e0e116c27d39462eb2310efad20f7e45~mv2.jpg|4f718e_3554ee10efd14f50856b6f35e07864ca~mv2.jpg|4f718e_0e5ad689714342218ad3d529f9bb9b76~mv2.jpg,<p>Zusatzstimmen für die <strong>Blech4er</strong>-Edition.</p><p>Weitere Zusatzstimmen auf Anfrage!</p>,true,XeisWorks_Hefte,false,,Zusatzstimmen Blech4er GEDRUCKT [#6 SonntagsBlech],ZST #6 Sonnt.Blech: Hrn.2,ERP_FALLBACK,,,EXTERNAL,,false,,SOT_GAP,Product-like channel item has no exact or safe title/category match in the XLSX SOT.
XW-206.4-D,XW-206.4-D,,XW-206.4,89070097-b3dd-5b16-ab9e-55da74668119,ZUSATZSTIMME|sonntagsblech #6 - horn 2 in f,LOW,false,FORMAT_VARIANT,live,ACTIVE,true,false,XeisWorks,Blech4er,Zusatzstimme,,,,ZST #6 Sonnt.Blech: Hrn.2,additional_voice,digital,,,,,,,,,,DIGITAL,SonntagsBlech #6 - Horn 2 in F,SonntagsBlech#6 Hrn2-F,SonntagsBlech#6_Hrn2-F,SonntagsBlech #6 - Horn 2 in F ist eine Zusatzstimmen-Ausgabe im XeisWorks-Produktkatalog.,AUTO_DRAFT,GENERATED,Format: DIGITAL,Kategorie: Zusatzstimme,,,,,5.00,10.00,5.50,EUR,ERP_NET,0.00,true,,,,,,,,,,,,,,,,,,,,false,true,,,,,,,true,XeisWorks digital,false,,,ZST #6 Sonnt.Blech: Hrn.2,ERP_FALLBACK,,,EXTERNAL,,false,,,Review is tracked on canonical product variant XW-206.4.
XW-206.5,XW-206.5,,,e40ec149-e450-5b12-9f9d-4ee1bd291484,ZUSATZSTIMME|sonntagsblech #6 - tuba in b,MEDIUM,true,CANONICAL,review,ACTIVE,true,true,XeisWorks,Blech4er,Zusatzstimme,,,,ZST #6 Sonnt.Blech: Tb. in B,additional_voice,physical,,,,,,,,,,PHYSICAL,SonntagsBlech #6 - Tuba in B,SonntagsBlech#6 Tuba-B,SonntagsBlech#6_Tuba-B,"Zusatzstimmen für die Blech4er-Edition.
Weitere Zusatzstimmen auf Anfrage!",SOURCE,WIX,Weitere Zusatzstimmen auf Anfrage!,,,,,B2B,5.00,10.00,5.50,EUR,ERP_NET,0.00,false,75.0,,,,,,,,,,,,,,,,,,,true,true,product_bab00353-9f5e-adc0-ba02-ccd2807e8de4,product_bab00353-9f5e-adc0-ba02-ccd2807e8de4,true,ZST Blech4er GEDRUCKT|B2B,4f718e_379ad5d4b68248c7bb4118d71a899d1e~mv2.jpg|4f718e_497a2b3789af4603b6feac52096076ca~mv2.jpg|4f718e_76d96f7da15a45e7a2858c0dea9a400a~mv2.jpg|4f718e_e0e116c27d39462eb2310efad20f7e45~mv2.jpg|4f718e_3554ee10efd14f50856b6f35e07864ca~mv2.jpg|4f718e_0e5ad689714342218ad3d529f9bb9b76~mv2.jpg,<p>Zusatzstimmen für die <strong>Blech4er</strong>-Edition.</p><p>Weitere Zusatzstimmen auf Anfrage!</p>,true,XeisWorks_Hefte,false,,Zusatzstimmen Blech4er GEDRUCKT [#6 SonntagsBlech],ZST #6 Sonnt.Blech: Tb. in Bb,ERP_FALLBACK,,,EXTERNAL,,false,,SOT_GAP,Product-like channel item has no exact or safe title/category match in the XLSX SOT.
XW-206.5-D,XW-206.5-D,,XW-206.5,e40ec149-e450-5b12-9f9d-4ee1bd291484,ZUSATZSTIMME|sonntagsblech #6 - tuba in b,LOW,false,FORMAT_VARIANT,live,ACTIVE,true,false,XeisWorks,Blech4er,Zusatzstimme,,,,ZST #6 Sonnt.Blech: Tb. in B,additional_voice,digital,,,,,,,,,,DIGITAL,SonntagsBlech #6 - Tuba in B,SonntagsBlech#6 Tuba-B,SonntagsBlech#6_Tuba-B,SonntagsBlech #6 - Tuba in B ist eine Zusatzstimmen-Ausgabe im XeisWorks-Produktkatalog.,AUTO_DRAFT,GENERATED,Format: DIGITAL,Kategorie: Zusatzstimme,,,,,5.00,10.00,5.50,EUR,ERP_NET,0.00,true,,,,,,,,,,,,,,,,,,,,false,true,,,,,,,true,XeisWorks digital,false,,,ZST #6 Sonnt.Blech: Tb. in Bb,ERP_FALLBACK,,,EXTERNAL,,false,,,Review is tracked on canonical product variant XW-206.5.
XW-301,XW-301,,XW-201,63b8d8e2-181e-56fe-bbfb-68ebe1367a4b,HEFT|weihnachtsblech #1,HIGH,false,FORMAT_VARIANT|SCORING_VARIANT,live,ACTIVE,true,false,XeisWorks,Register4er,Heft,,,,#1 WeihnachtsBlech,EDITION,digital,,,,,,,Register-4er,4,,DIGITAL,WeihnachtsBlech #1 [Register-4er],WeihnachtsBlech [Reg4] #1,1_WEIHNACHTSBLECH_REG4,WeihnachtsBlech #1 [Register-4er] ist eine Heftausgabe im XeisWorks-Produktkatalog.,AUTO_DRAFT,GENERATED,Stimmigkeit/Satz: Register-4er,Format: DIGITAL,Kategorie: Heft,,,,29.00,10.00,31.90,EUR,ERP_NET,0.00,true,,,,,,,,,,,,,,,,,,,,false,true,,,,,,,true,XeisWorks digital,false,#1 WeihnachtsBlech [SECTION],,#1 WeihnachtsBlech [Reg4er],XLSX_SOT_NORMALIZED,Produktpalette(2).xlsx:XeisWorks,6,EXACT,,false,,,
XW-301.1,XW-301.1,,,20dba4a5-7012-593c-90fc-fe7835dcff5a,RESERVED|XW-301.1,LOW,true,CANONICAL,draft,RESERVED,false,false,XeisWorks,Register4er,Reserviert,,,,,RESERVED,physical,,,,,,,Register-4er,4,,PHYSICAL,Reserviert - XW-301.1,Reserviert XW-301.1,XW-301.1,Reserviert - XW-301.1 ist eine reservierte Artikelnummer im XW Product Hub.,AUTO_DRAFT,GENERATED,Stimmigkeit/Satz: Register-4er,Format: PHYSICAL,,,,,,10.00,,EUR,,,,,,,,,,,,,,,,,,,,,,,false,false,,,,,,,false,,false,,,,XLSX_SOT_RESERVED,Produktpalette(2).xlsx:XeisWorks,7,RESERVED,,false,,,
XW-301.2,XW-301.2,,,c9a64189-5a7f-5183-b284-e079b156adbe,RESERVED|XW-301.2,LOW,true,CANONICAL,draft,RESERVED,false,false,XeisWorks,Register4er,Reserviert,,,,,RESERVED,physical,,,,,,,Register-4er,4,,PHYSICAL,Reserviert - XW-301.2,Reserviert XW-301.2,XW-301.2,Reserviert - XW-301.2 ist eine reservierte Artikelnummer im XW Product Hub.,AUTO_DRAFT,GENERATED,Stimmigkeit/Satz: Register-4er,Format: PHYSICAL,,,,,,10.00,,EUR,,,,,,,,,,,,,,,,,,,,,,,false,false,,,,,,,false,,false,,,,XLSX_SOT_RESERVED,Produktpalette(2).xlsx:XeisWorks,8,RESERVED,,false,,,
XW-301.3,XW-301.3,,,6d978355-7def-5872-bcf6-1123729b2fd4,RESERVED|XW-301.3,LOW,true,CANONICAL,draft,RESERVED,false,false,XeisWorks,Register4er,Reserviert,,,,,RESERVED,physical,,,,,,,Register-4er,4,,PHYSICAL,Reserviert - XW-301.3,Reserviert XW-301.3,XW-301.3,Reserviert - XW-301.3 ist eine reservierte Artikelnummer im XW Product Hub.,AUTO_DRAFT,GENERATED,Stimmigkeit/Satz: Register-4er,Format: PHYSICAL,,,,,,10.00,,EUR,,,,,,,,,,,,,,,,,,,,,,,false,false,,,,,,,false,,false,,,,XLSX_SOT_RESERVED,Produktpalette(2).xlsx:XeisWorks,9,RESERVED,,false,,,
XW-301.4,XW-301.4,,,6b58f1c0-2702-5c8d-8aaf-b4a34278bd3f,RESERVED|XW-301.4,LOW,true,CANONICAL,draft,RESERVED,false,false,XeisWorks,Register4er,Reserviert,,,,,RESERVED,physical,,,,,,,Register-4er,4,,PHYSICAL,Reserviert - XW-301.4,Reserviert XW-301.4,XW-301.4,Reserviert - XW-301.4 ist eine reservierte Artikelnummer im XW Product Hub.,AUTO_DRAFT,GENERATED,Stimmigkeit/Satz: Register-4er,Format: PHYSICAL,,,,,,10.00,,EUR,,,,,,,,,,,,,,,,,,,,,,,false,false,,,,,,,false,,false,,,,XLSX_SOT_RESERVED,Produktpalette(2).xlsx:XeisWorks,10,RESERVED,,false,,,
XW-301.5,XW-301.5,,,1b2ea0e4-8fff-5732-91fa-00686ae2b080,RESERVED|XW-301.5,LOW,true,CANONICAL,draft,RESERVED,false,false,XeisWorks,Register4er,Reserviert,,,,,RESERVED,physical,,,,,,,Register-4er,4,,PHYSICAL,Reserviert - XW-301.5,Reserviert XW-301.5,XW-301.5,Reserviert - XW-301.5 ist eine reservierte Artikelnummer im XW Product Hub.,AUTO_DRAFT,GENERATED,Stimmigkeit/Satz: Register-4er,Format: PHYSICAL,,,,,,10.00,,EUR,,,,,,,,,,,,,,,,,,,,,,,false,false,,,,,,,false,,false,,,,XLSX_SOT_RESERVED,Produktpalette(2).xlsx:XeisWorks,11,RESERVED,,false,,,
XW-302,XW-302,,XW-202,224dc60d-6e00-52e6-974b-60ecc6ab80a2,HEFT|almenblech #2,HIGH,false,FORMAT_VARIANT|SCORING_VARIANT,live,ACTIVE,true,false,XeisWorks,Register4er,Heft,,,,#2 AlmenBlech,EDITION,digital,,,,,,,Register-4er,4,,DIGITAL,AlmenBlech #2 [Register-4er],AlmenBlech [Reg4] #2,2_ALMENBLECH_REG4,AlmenBlech #2 [Register-4er] ist eine Heftausgabe im XeisWorks-Produktkatalog.,AUTO_DRAFT,GENERATED,Stimmigkeit/Satz: Register-4er,Format: DIGITAL,Kategorie: Heft,,,,29.00,10.00,31.90,EUR,ERP_NET,-6.00,true,,,,,,,,,,,,,,,,,,,,false,true,,,,,,,true,XeisWorks digital,false,#2 AlmenBlech [SECTION],,#2 AlmenBlech [Reg4er],XLSX_SOT_NORMALIZED,Produktpalette(2).xlsx:XeisWorks,12,EXACT,,false,,,
XW-302.1,XW-302.1,,,874d7399-1ebc-5217-b363-37dd633aa241,RESERVED|XW-302.1,LOW,true,CANONICAL,draft,RESERVED,false,false,XeisWorks,Register4er,Reserviert,,,,,RESERVED,physical,,,,,,,Register-4er,4,,PHYSICAL,Reserviert - XW-302.1,Reserviert XW-302.1,XW-302.1,Reserviert - XW-302.1 ist eine reservierte Artikelnummer im XW Product Hub.,AUTO_DRAFT,GENERATED,Stimmigkeit/Satz: Register-4er,Format: PHYSICAL,,,,,,10.00,,EUR,,,,,,,,,,,,,,,,,,,,,,,false,false,,,,,,,false,,false,,,,XLSX_SOT_RESERVED,Produktpalette(2).xlsx:XeisWorks,13,RESERVED,,false,,,
XW-302.2,XW-302.2,,,9fe010a6-95df-5dcb-ae46-17dfa008f859,RESERVED|XW-302.2,LOW,true,CANONICAL,draft,RESERVED,false,false,XeisWorks,Register4er,Reserviert,,,,,RESERVED,physical,,,,,,,Register-4er,4,,PHYSICAL,Reserviert - XW-302.2,Reserviert XW-302.2,XW-302.2,Reserviert - XW-302.2 ist eine reservierte Artikelnummer im XW Product Hub.,AUTO_DRAFT,GENERATED,Stimmigkeit/Satz: Register-4er,Format: PHYSICAL,,,,,,10.00,,EUR,,,,,,,,,,,,,,,,,,,,,,,false,false,,,,,,,false,,false,,,,XLSX_SOT_RESERVED,Produktpalette(2).xlsx:XeisWorks,14,RESERVED,,false,,,
XW-302.3,XW-302.3,,,a46267e6-1686-5767-85a1-1e4da1d46015,RESERVED|XW-302.3,LOW,true,CANONICAL,draft,RESERVED,false,false,XeisWorks,Register4er,Reserviert,,,,,RESERVED,physical,,,,,,,Register-4er,4,,PHYSICAL,Reserviert - XW-302.3,Reserviert XW-302.3,XW-302.3,Reserviert - XW-302.3 ist eine reservierte Artikelnummer im XW Product Hub.,AUTO_DRAFT,GENERATED,Stimmigkeit/Satz: Register-4er,Format: PHYSICAL,,,,,,10.00,,EUR,,,,,,,,,,,,,,,,,,,,,,,false,false,,,,,,,false,,false,,,,XLSX_SOT_RESERVED,Produktpalette(2).xlsx:XeisWorks,15,RESERVED,,false,,,
XW-302.4,XW-302.4,,,6201e458-d90e-5c76-88b5-c722c1877bd1,RESERVED|XW-302.4,LOW,true,CANONICAL,draft,RESERVED,false,false,XeisWorks,Register4er,Reserviert,,,,,RESERVED,physical,,,,,,,Register-4er,4,,PHYSICAL,Reserviert - XW-302.4,Reserviert XW-302.4,XW-302.4,Reserviert - XW-302.4 ist eine reservierte Artikelnummer im XW Product Hub.,AUTO_DRAFT,GENERATED,Stimmigkeit/Satz: Register-4er,Format: PHYSICAL,,,,,,10.00,,EUR,,,,,,,,,,,,,,,,,,,,,,,false,false,,,,,,,false,,false,,,,XLSX_SOT_RESERVED,Produktpalette(2).xlsx:XeisWorks,16,RESERVED,,false,,,
XW-302.5,XW-302.5,,,ef2f5677-aecb-575e-af3d-da2fa359b78c,RESERVED|XW-302.5,LOW,true,CANONICAL,draft,RESERVED,false,false,XeisWorks,Register4er,Reserviert,,,,,RESERVED,physical,,,,,,,Register-4er,4,,PHYSICAL,Reserviert - XW-302.5,Reserviert XW-302.5,XW-302.5,Reserviert - XW-302.5 ist eine reservierte Artikelnummer im XW Product Hub.,AUTO_DRAFT,GENERATED,Stimmigkeit/Satz: Register-4er,Format: PHYSICAL,,,,,,10.00,,EUR,,,,,,,,,,,,,,,,,,,,,,,false,false,,,,,,,false,,false,,,,XLSX_SOT_RESERVED,Produktpalette(2).xlsx:XeisWorks,17,RESERVED,,false,,,
XW-303,XW-303,,,61447970-8ce3-5f2f-bdd8-b17774d40714,NOTEN|kirchenblech #3,LOW,true,CANONICAL,review,REVIEW,true,true,XeisWorks,Sonstige,Noten,,,,#3 KirchenBlech,SCORE,digital,,,,,,,,,,DIGITAL,KirchenBlech #3,KirchenBlech #3,3_KIRCHENBLECH,KirchenBlech #3 ist eine Notenausgabe im XeisWorks-Produktkatalog.,AUTO_DRAFT,GENERATED,Format: DIGITAL,Kategorie: Noten,,,,,29.00,10.00,31.90,EUR,ERP_NET,0.00,true,,,,,,,,,,,,,,,,,,,,false,true,,,,,,,true,XeisWorks digital,false,,,#3 KirchenBlech [Reg4er],ERP_FALLBACK,,,EXTERNAL,,false,,SOT_GAP,Product-like channel item has no exact or safe title/category match in the XLSX SOT.
XW-305,XW-305,,,9cca24e5-c3b5-5120-bc3c-05e2acaa7678,NOTEN|trauerblech #5,LOW,true,CANONICAL,review,REVIEW,true,true,XeisWorks,Sonstige,Noten,,,,#5 TrauerBlech,SCORE,digital,,,,,,,,,,DIGITAL,TrauerBlech #5,TrauerBlech #5,5_TRAUERBLECH,TrauerBlech #5 ist eine Notenausgabe im XeisWorks-Produktkatalog.,AUTO_DRAFT,GENERATED,Format: DIGITAL,Kategorie: Noten,,,,,29.00,10.00,31.90,EUR,ERP_NET,0.00,true,,,,,,,,,,,,,,,,,,,,false,true,,,,,,,true,XeisWorks digital,false,,,#5 TrauerBlech [Reg4er],ERP_FALLBACK,,,EXTERNAL,,false,,SOT_GAP,Product-like channel item has no exact or safe title/category match in the XLSX SOT.
XW-306,XW-306,,XW-206,67761196-d8f7-5783-8925-0f883a31c30c,NOTEN|sonntagsblech #6,LOW,false,FORMAT_VARIANT,review,REVIEW,true,true,XeisWorks,Sonstige,Noten,,,,#6 SonntagsBlech,SCORE,digital,,,,,,,,,,DIGITAL,SonntagsBlech #6,SonntagsBlech #6,6_SONNTAGSBLECH,SonntagsBlech #6 ist eine Notenausgabe im XeisWorks-Produktkatalog.,AUTO_DRAFT,GENERATED,Format: DIGITAL,Kategorie: Noten,,,,,29.00,10.00,31.90,EUR,ERP_NET,0.00,true,,,,,,,,,,,,,,,,,,,,false,true,,,,,,,true,XeisWorks digital,false,,,#6 SonntagsBlech [Reg4er],ERP_FALLBACK,,,EXTERNAL,,false,,,Review is tracked on canonical product variant XW-206.
XW-500.01,XW-500.01,,XW-500.05,b3248a66-ab15-5ed9-9545-5ffbb407adab,UNTERRICHTSHEFT|christkindl-hits,HIGH,false,FORMAT_VARIANT,live,ACTIVE,true,false,MusikHeroes,MusikHeroes,Unterrichtsheft,Christkindl-Hits,CKH,,Christkindl-Hits,EDITION,digital,,,,,,,,,,DIGITAL,Christkindl-Hits,Christkindl-Hits,Christkindl-Hits,Christkindl-Hits ist eine Heftausgabe im MusikHeroes-Produktkatalog.,AUTO_DRAFT,GENERATED,Format: DIGITAL,Kategorie: Unterrichtsheft,,,,,5.00,10.00,5.50,EUR,ERP_NET,0.00,true,,,,,,,,,,,,,,,,,,,,false,true,,,,,,,true,MusikHeroes digital_REST,false,Div Bestellungen MusikHeroes digital,,Bestellungen digital MusikHeroes,XLSX_SOT_NORMALIZED,Produktpalette(2).xlsx:MusikHeroes,2,EXACT,,false,,,
XW-500.02,XW-500.02,,,66e3f54b-f15c-5534-b957-ca1f242949a1,ZUSATZSTIMME|christkindl-hits - 2. stimme,HIGH,true,CANONICAL,live,ACTIVE,true,false,MusikHeroes,MusikHeroes,Zusatzstimme,Christkindl-Hits,CKH,,Christkindl-Hits,ADDITIONAL_VOICE,digital,,2,,,,,,,,DIGITAL,Christkindl-Hits - 2. Stimme,Christkindl-Hits 2,Christkindl-Hits_2,Christkindl-Hits - 2. Stimme ist eine Zusatzstimmen-Ausgabe im MusikHeroes-Produktkatalog.,AUTO_DRAFT,GENERATED,Format: DIGITAL,Kategorie: Zusatzstimme,,,,,5.00,10.00,5.50,EUR,ERP_NET,0.00,true,,,,,,,,,,,,,,,,,,,,false,true,,,,,,,true,MusikHeroes_Noten digital,false,Zusatzstimmen MusikHeroes,,Zusatzstimmen MusikHeroes,XLSX_SOT_NORMALIZED,Produktpalette(2).xlsx:MusikHeroes,3,EXACT,,false,,,
XW-500.03,XW-500.03,,,f5859760-8be2-5291-9137-35b6b19c6f0f,PLAYALONG|playalongs musikheroes - playalongs,LOW,true,CANONICAL,review,REVIEW,true,true,MusikHeroes,MusikHeroes,Playalong,,,,Playalongs MusikHeroes,PLAYALONG,digital,,,,,,,,,,PLAYALONG,Playalongs MusikHeroes - Playalongs,#None PA,#None_PA,Playalongs MusikHeroes - Playalongs ist ein Playalong-Produkt im MusikHeroes-Produktkatalog.,AUTO_DRAFT,GENERATED,Format: PLAYALONG,Kategorie: Playalong,,,,,5.00,10.00,5.50,EUR,ERP_NET,0.00,true,,,,,,,,,,,,,,,,,,,,false,true,,,,,,,true,MusikHeroes_Playalongs digital,false,,,Playalongs MusikHeroes,ERP_FALLBACK,,,EXTERNAL,,false,,SOT_GAP,Product-like channel item has no exact or safe title/category match in the XLSX SOT.
XW-500.05,XW-500.05,,,b3248a66-ab15-5ed9-9545-5ffbb407adab,UNTERRICHTSHEFT|christkindl-hits,HIGH,true,CANONICAL,live,ACTIVE,true,false,MusikHeroes,MusikHeroes,Unterrichtsheft,Christkindl-Hits,CKH,,Christkindl-Hits,EDITION,physical,,,,,,,,,,PHYSICAL,Christkindl-Hits,Christkindl-Hits,Christkindl-Hits,Christkindl-Hits ist eine Heftausgabe im MusikHeroes-Produktkatalog.,AUTO_DRAFT,GENERATED,Format: PHYSICAL,Kategorie: Unterrichtsheft,,,,,,10.00,,EUR,,,,,,,,,,,,,,,,,,,,,,,false,true,,,,,,,false,,false,Diverse MusikHeroes-Editionen,,,XLSX_SOT_NORMALIZED,Produktpalette(2).xlsx:MusikHeroes,8,EXACT,,false,,,
XW-501.01,XW-501.01,,,d6de39cb-13cc-5384-b0e7-305f657d5455,UNTERRICHTSHEFT|christkindl-hits #1 - trompete,HIGH,true,CANONICAL,live,ACTIVE,true,false,MusikHeroes,MusikHeroes,Unterrichtsheft,Christkindl-Hits,CKH,1,Christkindl-Hits,EDITION,physical,Trompete,,,,,,,,,PHYSICAL,Christkindl-Hits #1 - Trompete,CKH#1 TRP,CKH#1_TRP,"Weihnachssongs mit Playalongs aus der Serie MusikHeroes
→ Über 40 coole Weihnachtssongs mit Playalongs für Trompete (Schwierigkeit: 1 – sehr leicht)
→ Solostimme für Trompete, Tenorhorn oder andere Instrumente im Violinschlüssel in B
→ Moderne Unterrichtsliteratur - durchdacht konzipiert, humorvoll präsentiert und stilvoll begleitet
→ Alle Playalongs sind mit einer echten Band eingespielt und mittels QR-Code kostenlos zu beziehen",SOURCE,AMAZON,Über 40 coole Weihnachtssongs mit Playalongs für Trompete (Schwierigkeit: 1 – sehr leicht),"Solostimme für Trompete, Tenorhorn oder andere Instrumente im Violinschlüssel in B","Moderne Unterrichtsliteratur - durchdacht konzipiert, humorvoll präsentiert und stilvoll begleitet",Alle Playalongs sind mit einer echten Band eingespielt und mittels QR-Code kostenlos zu beziehen,,B2B|AMAZON,22.64,10.00,24.90,EUR,ERP_NET,1205.00,true,300.0,9783903426054,3903426059,,3903426059,DERIVED_FROM_ISBN13_BOOK,false,,MISSING_IN_REPORT,XW-501.01,Aktiv,ABIS_BOOK,ISBN,9783903426054,Versand durch Amazon (EU),,Christkindl-Hits #1 - Trompete [MusikHeroes],Christkindl-Hits #1 - Trompete,"<br><p><strong>Weihnachssongs mit Playalongs aus der Serie <em>MusikHeroes</em></strong></p> <p>&rarr; &Uuml;ber 40 coole Weihnachtssongs mit Playalongs f&uuml;r Trompete (Schwierigkeit: 1 &ndash; sehr leicht)</p> <p>&rarr; Solostimme f&uuml;r Trompete, Tenorhorn oder andere Instrumente im Violinschl&uuml;ssel in Bb</p> <p>&rarr; Moderne Unterrichtsliteratur - durchdacht konzipiert, humorvoll präsentiert und stilvoll begleitet</p> <p>&rarr; Alle Playalongs sind mit einer echten Band eingespielt und mittels QR-Code kostenlos zu beziehen</p><br>",true,true,product_ea7f86ce-2fca-0eeb-95c3-f2c4b11249a1,product_ea7f86ce-2fca-0eeb-95c3-f2c4b11249a1,true,MusikHeroes-Editionen|B2B|MusikHeroes-Gesamt|MH-Trompete|MusikHeroes unveröffentlicht,4f718e_2e4ad97ef0de470381a05fb7817b8c0b~mv2.jpeg|4f718e_6491778867be4610990fb4a2b10fb179~mv2.jpg|4f718e_eb5448b4e4d6423f90010ea53a4587de~mv2.jpg|4f718e_38cc8661e28b4b43b7e0fea7be2e014e~mv2.jpg,<p><strong>44 Weihnachtssongs&nbsp;mit Playalongs</strong></p><p>für Instrumente im Violinschlüssel in Bb</p>,true,MusikHeroes,true,Christkindl-Hits #1 TRP,Christkindl-Hits #1 - Trompete,Christkindl-Hits #1 TRP,XLSX_SOT_NORMALIZED,Produktpalette(2).xlsx:MusikHeroes,14,EXACT,,false,,,
XW-501.02,XW-501.02,,,563687f7-0532-5112-9aaf-8f6ec3152c65,UNTERRICHTSHEFT|christkindl-hits #1 - posaune,HIGH,true,CANONICAL,live,ACTIVE,true,false,MusikHeroes,MusikHeroes,Unterrichtsheft,Christkindl-Hits,CKH,1,Christkindl-Hits,EDITION,physical,Posaune,,,,,,,,,PHYSICAL,Christkindl-Hits #1 - Posaune,CKH#1 POS,CKH#1_POS,"Weihnachssongs mit Playalongs aus der Serie MusikHeroes
→ Über 40 coole Weihnachtssongs mit Playalongs für Posaune (Schwierigkeit: 1 – sehr leicht)
→ Solostimme für Posaune, Euphonium oder andere Instrumente im Bassschlüssel in C
→ Moderne Unterrichtsliteratur - durchdacht konzipiert, humorvoll präsentiert und stilvoll begleitet
→ Alle Playalongs sind mit einer echten Band eingespielt und mittels QR-Code kostenlos zu beziehen",SOURCE,AMAZON,Über 40 coole Weihnachtssongs mit Playalongs für Posaune (Schwierigkeit: 1 – sehr leicht),"Solostimme für Posaune, Euphonium oder andere Instrumente im Bassschlüssel in C","Moderne Unterrichtsliteratur - durchdacht konzipiert, humorvoll präsentiert und stilvoll begleitet",Alle Playalongs sind mit einer echten Band eingespielt und mittels QR-Code kostenlos zu beziehen,,B2B|AMAZON,22.64,10.00,24.90,EUR,ERP_NET,728.00,true,300.0,9783903426061,3903426067,,3903426067,DERIVED_FROM_ISBN13_BOOK,false,,MISSING_IN_REPORT,XW-501.02,Aktiv,ABIS_BOOK,ISBN,9783903426061,Versand durch Amazon (EU),,Christkindl-Hits #1 - Posaune [MusikHeroes],Christkindl-Hits #1 - Posaune,"<br><p><strong>Weihnachssongs mit Playalongs aus der Serie <em>MusikHeroes</em></strong></p> <p>&rarr; &Uuml;ber 40 coole Weihnachtssongs mit Playalongs f&uuml;r Posaune (Schwierigkeit: 1 &ndash; sehr leicht)</p> <p>&rarr; Solostimme f&uuml;r Posaune, Euphonium oder andere Instrumente im Bassschl&uuml;ssel in C</p> <p>&rarr; Moderne Unterrichtsliteratur - durchdacht konzipiert, humorvoll präsentiert und stilvoll begleitet</p> <p>&rarr; Alle Playalongs sind mit einer echten Band eingespielt und mittels QR-Code kostenlos zu beziehen</p><br>",true,true,product_b3012bc9-2bb8-bcdd-8906-9775cdc2039a,product_b3012bc9-2bb8-bcdd-8906-9775cdc2039a,true,MusikHeroes-Editionen|B2B|MusikHeroes-Gesamt|MusikHeroes unveröffentlicht|MH-Posaune,4f718e_5ade5f78e9f044d4aa27061ad21a94c5~mv2.jpeg|4f718e_d19dcb4310cc44ad8cfb120b5a268b99~mv2.jpg|4f718e_435de848e81945fc83636f6bd08910fb~mv2.jpg|4f718e_450fa2b619214d1ca419c5a0b80bfaf7~mv2.jpg,<p><strong>44 Weihnachtssongs&nbsp;mit Playalongs</strong></p><p>für Instrumente im Bassschlüssel in C</p>,true,MusikHeroes,true,Christkindl-Hits #1 POS,Christkindl-Hits #1 - Posaune,Christkindl-Hits #1 POS,XLSX_SOT_NORMALIZED,Produktpalette(2).xlsx:MusikHeroes,15,EXACT,,false,,,
XW-501.03,XW-501.03,,,4373c3e5-211b-5412-a576-17c3188286d1,ZUSATZSTIMME|christkindl-hits #1 - 2. stimme in b (tief),HIGH,true,CANONICAL,live,ACTIVE,true,false,MusikHeroes,MusikHeroes,Zusatzstimme,Christkindl-Hits,CKH,1,Christkindl-Hits,ADDITIONAL_VOICE,digital,,2,B,tief,,,,,,DIGITAL,Christkindl-Hits #1 - 2. Stimme in B (tief),CKH#1 2B-t,CKH#1_2B-t,Christkindl-Hits #1 - 2. Stimme in B (tief) ist eine Zusatzstimmen-Ausgabe im MusikHeroes-Produktkatalog.,AUTO_DRAFT,GENERATED,Format: DIGITAL,Kategorie: Zusatzstimme,,,,,5.00,10.00,5.50,EUR,ERP_NET,0.00,true,,,,,,,,,,,,,,,,,,,,false,true,,,,,,,true,MusikHeroes_Noten digital,false,#1 Zusatzstimme in B (tief),,ZST CKH #1 - 2.Stimme B,XLSX_SOT_NORMALIZED,Produktpalette(2).xlsx:MusikHeroes,16,EXACT,,false,,,
XW-501.03-P,XW-501.03-P,,XW-501.03,4373c3e5-211b-5412-a576-17c3188286d1,ZUSATZSTIMME|christkindl-hits #1 - 2. stimme in b (tief),HIGH,false,FORMAT_VARIANT,live,ACTIVE,true,false,MusikHeroes,MusikHeroes,Zusatzstimme,Christkindl-Hits,CKH,1,Christkindl-Hits,ADDITIONAL_VOICE,digital,,2,B,tief,,,,,,PRINT_AT_HOME,Christkindl-Hits #1 - 2. Stimme in B (tief),CKH#1 2B-t,CKH#1_2B-t,2.Stimme in B (tief) für Trompete und andere Instrumente im Violinschlüssel in B als PRINT,SOURCE,WIX,2.Stimme in B (tief) für Trompete und andere Instrumente im Violinschlüssel in B als PRINT,,,,,B2B,9.00,10.00,9.90,EUR,ERP_NET,0.00,true,100.0,,,,,,,,,,,,,,,,,,,true,true,product_85ffaf6d-2fbf-f3dc-ccf6-1cc97d113f6e,product_85ffaf6d-2fbf-f3dc-ccf6-1cc97d113f6e,true,MH-ZST physisch GESAMT|B2B|MusikHeroes-Gesamt,4f718e_39d7ea3ceb824b5483a9b319001f9873~mv2.jpg|4f718e_09dd52df242243779fd09e9f90ffe028~mv2.jpg,<p>2.Stimme in B (tief) für Trompete und andere Instrumente im Violinschlüssel in B<strong>&nbsp;</strong>als PRINT</p>,true,MusikHeroes_Print@Home,false,#1 Zusatzstimme in B (tief) 🖨️,Christkindl-Hits #1 / 2.Stimme in B (tief) [PRINT],ZST CKH#1_2B-tief,XLSX_SOT_NORMALIZED,Produktpalette(2).xlsx:MusikHeroes,16,DERIVED,,false,,,
XW-501.04,XW-501.04,,,3dd7dab0-1c48-522e-be87-9523a7aaf6b2,ZUSATZSTIMME|christkindl-hits #1 - 2. stimme in c,HIGH,true,CANONICAL,live,ACTIVE,true,false,MusikHeroes,MusikHeroes,Zusatzstimme,Christkindl-Hits,CKH,1,Christkindl-Hits,ADDITIONAL_VOICE,digital,,2,C,,,,,,,DIGITAL,Christkindl-Hits #1 - 2. Stimme in C,CKH#1 2C,CKH#1_2C,Christkindl-Hits #1 - 2. Stimme in C ist eine Zusatzstimmen-Ausgabe im MusikHeroes-Produktkatalog.,AUTO_DRAFT,GENERATED,Format: DIGITAL,Kategorie: Zusatzstimme,,,,,5.00,10.00,5.50,EUR,ERP_NET,0.00,true,,,,,,,,,,,,,,,,,,,,false,true,,,,,,,true,MusikHeroes_Noten digital,false,#1 Zusatzstimme in C,,ZST CKH #1 - 2.Stimme C,XLSX_SOT_NORMALIZED,Produktpalette(2).xlsx:MusikHeroes,18,EXACT,,false,,,
XW-501.04-P,XW-501.04-P,,XW-501.04,3dd7dab0-1c48-522e-be87-9523a7aaf6b2,ZUSATZSTIMME|christkindl-hits #1 - 2. stimme in c,HIGH,false,FORMAT_VARIANT,live,ACTIVE,true,false,MusikHeroes,MusikHeroes,Zusatzstimme,Christkindl-Hits,CKH,1,Christkindl-Hits,ADDITIONAL_VOICE,digital,,2,C,,,,,,,PRINT_AT_HOME,Christkindl-Hits #1 - 2. Stimme in C,CKH#1 2C,CKH#1_2C,2.Stimme in C für Posaune und andere Instrumente im Bassschlüssel in C als PRINT,SOURCE,WIX,2.Stimme in C für Posaune und andere Instrumente im Bassschlüssel in C als PRINT,,,,,B2B,9.00,10.00,9.90,EUR,ERP_NET,0.00,true,100.0,,,,,,,,,,,,,,,,,,,true,true,product_c0094b36-16a6-d8ee-bf14-d2a7a552125b,product_c0094b36-16a6-d8ee-bf14-d2a7a552125b,true,MH-ZST physisch GESAMT|B2B|MusikHeroes-Gesamt,4f718e_aa140a4f315c4ee88471b5e37f5bd7a3~mv2.jpg|4f718e_84e41edb5f364b878e39f46842773a4b~mv2.jpg,<p>2.Stimme in C für Posaune und andere Instrumente im Bassschlüssel in C<strong>&nbsp;</strong>als PRINT</p>,true,MusikHeroes_Print@Home,false,#1 Zusatzstimme in C 🖨️,Christkindl-Hits #1 / 2.Stimme in C [BS] [PRINT],ZST CKH#1_2C [BS],XLSX_SOT_NORMALIZED,Produktpalette(2).xlsx:MusikHeroes,18,DERIVED,,false,,,
XW-501.05,XW-501.05,,,e444172c-9a75-5fc1-bf7a-a60e55279892,ZUSATZSTIMME|christkindl-hits #1 - begleitstimme in c,HIGH,true,CANONICAL,live,ACTIVE,true,false,MusikHeroes,MusikHeroes,Zusatzstimme,Christkindl-Hits,CKH,1,Christkindl-Hits,ADDITIONAL_VOICE,digital,,,C,,,,,,,DIGITAL,Christkindl-Hits #1 - Begleitstimme in C,CKH#1 Begl-C,CKH#1_Begl-C,Christkindl-Hits #1 - Begleitstimme in C ist eine Zusatzstimmen-Ausgabe im MusikHeroes-Produktkatalog.,AUTO_DRAFT,GENERATED,Format: DIGITAL,Kategorie: Zusatzstimme,,,,,5.00,10.00,5.50,EUR,ERP_NET,0.00,true,,,,,,,,,,,,,,,,,,,,false,true,,,,,,,true,MusikHeroes_Noten digital,false,#1 Begleitstimme in C,,ZST CKH #1 - Begl. C,XLSX_SOT_NORMALIZED,Produktpalette(2).xlsx:MusikHeroes,20,EXACT,,false,,,
XW-501.05-P,XW-501.05-P,,XW-501.05,e444172c-9a75-5fc1-bf7a-a60e55279892,ZUSATZSTIMME|christkindl-hits #1 - begleitstimme in c,HIGH,false,FORMAT_VARIANT,live,ACTIVE,true,false,MusikHeroes,MusikHeroes,Zusatzstimme,Christkindl-Hits,CKH,1,Christkindl-Hits,ADDITIONAL_VOICE,digital,,,C,,,,,,,PRINT_AT_HOME,Christkindl-Hits #1 - Begleitstimme in C,CKH#1 Begl-C,CKH#1_Begl-C,"Begleitstimme in C (""Leadsheet"") für Klavier, Gitarre, Akkordeon, Diat. Harmonika u.v.m. als PRINT",SOURCE,WIX,"Begleitstimme in C (""Leadsheet"") für Klavier, Gitarre, Akkordeon, Diat. Harmonika u.v.m. als PRINT",,,,,B2B,9.00,10.00,9.90,EUR,ERP_NET,0.00,true,100.0,,,,,,,,,,,,,,,,,,,true,true,product_21d2047a-cbd0-4d1a-cf10-41e93e8655f1,product_21d2047a-cbd0-4d1a-cf10-41e93e8655f1,true,MH-ZST physisch GESAMT|B2B|MusikHeroes-Gesamt,4f718e_aa140a4f315c4ee88471b5e37f5bd7a3~mv2.jpg|4f718e_84e41edb5f364b878e39f46842773a4b~mv2.jpg,"<p>Begleitstimme in C (""Leadsheet"") für Klavier, Gitarre, Akkordeon, Diat. Harmonika u.v.m. als PRINT</p>",true,MusikHeroes_Print@Home,false,#1 Begleitstimme in C 🖨️,Christkindl-Hits #1 / Begleitstimme in C [PRINT],ZST CKH#1_LS,XLSX_SOT_NORMALIZED,Produktpalette(2).xlsx:MusikHeroes,20,DERIVED,,false,,,
XW-501.06,XW-501.06,,,1c0029b5-6937-5340-9dce-f4a3a42689d4,PLAYALONG|christkindl-hits #1 - playalongs trompete,HIGH,true,CANONICAL,live,ACTIVE,true,false,MusikHeroes,MusikHeroes,Playalong,Christkindl-Hits,CKH,1,Christkindl-Hits,PLAYALONG,digital,Trompete,,,,,,,,,PLAYALONG,Christkindl-Hits #1 - Playalongs Trompete,CKH#1 PA TRP,CKH#1_PA-TRP,Christkindl-Hits #1 - Playalongs Trompete ist ein Playalong-Produkt im MusikHeroes-Produktkatalog.,AUTO_DRAFT,GENERATED,Instrument: Trompete,Format: PLAYALONG,Kategorie: Playalong,,,,5.00,10.00,5.50,EUR,ERP_NET,0.00,true,,,,,,,,,,,,,,,,,,,,false,true,,,,,,,true,MusikHeroes_Playalongs digital,false,#1 Playalongs TRP,,Playalongs CKH#1 TRP,XLSX_SOT_NORMALIZED,Produktpalette(2).xlsx:MusikHeroes,22,EXACT,,false,,,
XW-501.07,XW-501.07,,,5c322f98-9c27-5b77-89fc-603007353712,PLAYALONG|christkindl-hits #1 - playalongs posaune,HIGH,true,CANONICAL,live,ACTIVE,true,false,MusikHeroes,MusikHeroes,Playalong,Christkindl-Hits,CKH,1,Christkindl-Hits,PLAYALONG,digital,Posaune,,,,,,,,,PLAYALONG,Christkindl-Hits #1 - Playalongs Posaune,CKH#1 PA POS,CKH#1_PA-POS,Christkindl-Hits #1 - Playalongs Posaune ist ein Playalong-Produkt im MusikHeroes-Produktkatalog.,AUTO_DRAFT,GENERATED,Instrument: Posaune,Format: PLAYALONG,Kategorie: Playalong,,,,5.00,10.00,5.50,EUR,ERP_NET,0.00,true,,,,,,,,,,,,,,,,,,,,false,true,,,,,,,true,MusikHeroes_Playalongs digital,false,#1 Playalongs POS,,Playalongs CKH#1 POS,XLSX_SOT_NORMALIZED,Produktpalette(2).xlsx:MusikHeroes,23,EXACT,,false,,,
XW-501.08,XW-501.08,,,206ed1e5-fdd4-5f96-babe-bda172016ce4,UNTERRICHTSHEFT|christkindl-hits #1 - f-tuba,HIGH,true,CANONICAL,live,ACTIVE,true,false,MusikHeroes,MusikHeroes,Unterrichtsheft,Christkindl-Hits,CKH,1,Christkindl-Hits,EDITION,physical,F-Tuba,,,,,,,,,PHYSICAL,Christkindl-Hits #1 - F-Tuba,CKH#1 FTB,CKH#1_FTB,Christkindl-Hits #1 - F-Tuba ist eine Heftausgabe im MusikHeroes-Produktkatalog.,AUTO_DRAFT,GENERATED,Instrument: F-Tuba,Format: PHYSICAL,Kategorie: Unterrichtsheft,,,,,10.00,,EUR,,,,,,,,,,,,,,,,,,,,,,,false,true,,,,,,,false,,false,Christkindl-Hits #1 FTB,,,XLSX_SOT_NORMALIZED,Produktpalette(2).xlsx:MusikHeroes,24,EXACT,,false,,,
XW-501.09,XW-501.09,,,116c5247-99b0-54d7-8809-02670d829539,UNTERRICHTSHEFT|christkindl-hits #1 - b-tuba,HIGH,true,CANONICAL,live,ACTIVE,true,false,MusikHeroes,MusikHeroes,Unterrichtsheft,Christkindl-Hits,CKH,1,Christkindl-Hits,EDITION,physical,B-Tuba,,,,,,,,,PHYSICAL,Christkindl-Hits #1 - B-Tuba,CKH#1 BTB,CKH#1_BTB,Christkindl-Hits #1 - B-Tuba ist eine Heftausgabe im MusikHeroes-Produktkatalog.,AUTO_DRAFT,GENERATED,Instrument: B-Tuba,Format: PHYSICAL,Kategorie: Unterrichtsheft,,,,22.64,10.00,24.90,EUR,ERP_NET,0.00,true,,,,,,,,,,,,,,,,,,,,false,true,,,,,,,true,MusikHeroes,false,Christkindl-Hits #1 BTB,,Christkindl-Hits #1 BTB,XLSX_SOT_NORMALIZED,Produktpalette(2).xlsx:MusikHeroes,25,EXACT,,false,,,
XW-501.10,XW-501.10,,,f00c1b3c-2351-528a-a687-19a9b9fb6657,RESERVED|XW-501.10,LOW,true,CANONICAL,draft,RESERVED,false,false,MusikHeroes,MusikHeroes,Reserviert,Christkindl-Hits,CKH,,,RESERVED,physical,,,,,,,,,,PHYSICAL,Reserviert - XW-501.10,Reserviert XW-501.10,XW-501.10,Reserviert - XW-501.10 ist eine reservierte Artikelnummer im XW Product Hub.,AUTO_DRAFT,GENERATED,Format: PHYSICAL,,,,,,,10.00,,EUR,,,,,,,,,,,,,,,,,,,,,,,false,false,,,,,,,false,,false,,,,XLSX_SOT_RESERVED,Produktpalette(2).xlsx:MusikHeroes,26,RESERVED,,false,,,
XW-501.11,XW-501.11,,,5489f516-032e-5fee-8413-2aa3a6ec1f43,RESERVED|XW-501.11,LOW,true,CANONICAL,draft,RESERVED,false,false,MusikHeroes,MusikHeroes,Reserviert,Christkindl-Hits,CKH,,,RESERVED,physical,,,,,,,,,,PHYSICAL,Reserviert - XW-501.11,Reserviert XW-501.11,XW-501.11,Reserviert - XW-501.11 ist eine reservierte Artikelnummer im XW Product Hub.,AUTO_DRAFT,GENERATED,Format: PHYSICAL,,,,,,,10.00,,EUR,,,,,,,,,,,,,,,,,,,,,,,false,false,,,,,,,false,,false,,,,XLSX_SOT_RESERVED,Produktpalette(2).xlsx:MusikHeroes,27,RESERVED,,false,,,
XW-501.12,XW-501.12,,,ad480977-798d-5901-8f94-c22ec79ae953,PLAYALONG|christkindl-hits #1 - playalongs in c,HIGH,true,CANONICAL,live,ACTIVE,true,false,MusikHeroes,MusikHeroes,Playalong,Christkindl-Hits,CKH,1,Christkindl-Hits,PLAYALONG,digital,,,C,,,,,,,PLAYALONG,Christkindl-Hits #1 - Playalongs in C,CKH#1 PA in C,CKH#1_PA-in C,Christkindl-Hits #1 - Playalongs in C ist ein Playalong-Produkt im MusikHeroes-Produktkatalog.,AUTO_DRAFT,GENERATED,Format: PLAYALONG,Kategorie: Playalong,,,,,5.00,10.00,5.50,EUR,ERP_NET,0.00,true,,,,,,,,,,,,,,,,,,,,false,true,,,,,,,true,MusikHeroes_Playalongs digital,false,#1 Playalongs in C,,Playalongs CKH#1 in C,XLSX_SOT_NORMALIZED,Produktpalette(2).xlsx:MusikHeroes,28,EXACT,,false,,,
XW-501.13,XW-501.13,,,d8d8c43e-6517-50db-b9ee-9711711f6371,ZUSATZSTIMME|christkindl-hits #1 - 2. stimme in b (hoch),HIGH,true,CANONICAL,live,ACTIVE,true,false,MusikHeroes,MusikHeroes,Zusatzstimme,Christkindl-Hits,CKH,1,Christkindl-Hits,ADDITIONAL_VOICE,digital,,2,B,hoch,,,,,,DIGITAL,Christkindl-Hits #1 - 2. Stimme in B (hoch),CKH#1 2B-h,CKH#1_2B-h,Christkindl-Hits #1 - 2. Stimme in B (hoch) ist eine Zusatzstimmen-Ausgabe im MusikHeroes-Produktkatalog.,AUTO_DRAFT,GENERATED,Format: DIGITAL,Kategorie: Zusatzstimme,,,,,5.00,10.00,5.50,EUR,ERP_NET,0.00,true,,,,,,,,,,,,,,,,,,,,false,true,,,,,,,true,MusikHeroes_Noten digital,false,#1 Zusatzstimme in B (hoch),,ZST CKH#1 - 2.St. B hoch,XLSX_SOT_NORMALIZED,Produktpalette(2).xlsx:MusikHeroes,29,EXACT,,false,,,
XW-501.13-P,XW-501.13-P,,XW-501.13,d8d8c43e-6517-50db-b9ee-9711711f6371,ZUSATZSTIMME|christkindl-hits #1 - 2. stimme in b (hoch),HIGH,false,FORMAT_VARIANT,live,ACTIVE,true,false,MusikHeroes,MusikHeroes,Zusatzstimme,Christkindl-Hits,CKH,1,Christkindl-Hits,ADDITIONAL_VOICE,digital,,2,B,hoch,,,,,,PRINT_AT_HOME,Christkindl-Hits #1 - 2. Stimme in B (hoch),CKH#1 2B-h,CKH#1_2B-h,2.Stimme in B (hoch) für Tenorhorn und andere Instrumente im Violinschlüssel in B als PRINT,SOURCE,WIX,2.Stimme in B (hoch) für Tenorhorn und andere Instrumente im Violinschlüssel in B als PRINT,,,,,B2B,9.00,10.00,9.90,EUR,ERP_NET,0.00,true,100.0,,,,,,,,,,,,,,,,,,,true,true,product_63bf5d9f-8f11-485d-5d40-774d45b36634,product_63bf5d9f-8f11-485d-5d40-774d45b36634,true,MH-ZST physisch GESAMT|B2B|MusikHeroes-Gesamt,4f718e_c9c37c0d6b1f4e8fbe6a6350a17b90a4~mv2.jpg|4f718e_3c44d341cafb49d09ace615ed42a2994~mv2.jpg,<p>2.Stimme in B (hoch) für Tenorhorn und andere Instrumente im Violinschlüssel in B<strong>&nbsp;</strong>als PRINT</p>,true,MusikHeroes_Print@Home,false,#1 Zusatzstimme in B (hoch) 🖨️,Christkindl-Hits #1 / 2.Stimme in B (hoch) [PRINT],ZST CKH#1_2B-hoch,XLSX_SOT_NORMALIZED,Produktpalette(2).xlsx:MusikHeroes,29,DERIVED,,false,,,
XW-501.14,XW-501.14,,,38fcdcf0-bd8e-5796-ab7f-d3fe57fb8f97,ZUSATZSTIMME|christkindl-hits #1 - 2. stimme in f,HIGH,true,CANONICAL,live,ACTIVE,true,false,MusikHeroes,MusikHeroes,Zusatzstimme,Christkindl-Hits,CKH,1,Christkindl-Hits,ADDITIONAL_VOICE,digital,,2,F,,,,,,,DIGITAL,Christkindl-Hits #1 - 2. Stimme in F,CKH#1 2F,CKH#1_2F,Christkindl-Hits #1 - 2. Stimme in F ist eine Zusatzstimmen-Ausgabe im MusikHeroes-Produktkatalog.,AUTO_DRAFT,GENERATED,Format: DIGITAL,Kategorie: Zusatzstimme,,,,,,10.00,,EUR,,,,,,,,,,,,,,,,,,,,,,,false,true,,,,,,,false,,false,#1 Zusatzstimme in F,,,XLSX_SOT_NORMALIZED,Produktpalette(2).xlsx:MusikHeroes,31,EXACT,,false,,,
XW-501.15,XW-501.15,,,bce3b2cb-ef98-59af-ad18-64d38f2d44d3,RESERVED|XW-501.15,LOW,true,CANONICAL,draft,RESERVED,false,false,MusikHeroes,MusikHeroes,Reserviert,Christkindl-Hits,CKH,,,RESERVED,physical,,,,,,,,,,PHYSICAL,Reserviert - XW-501.15,Reserviert XW-501.15,XW-501.15,Reserviert - XW-501.15 ist eine reservierte Artikelnummer im XW Product Hub.,AUTO_DRAFT,GENERATED,Format: PHYSICAL,,,,,,,10.00,,EUR,,,,,,,,,,,,,,,,,,,,,,,false,false,,,,,,,false,,false,-- FREI --,,,XLSX_SOT_RESERVED,Produktpalette(2).xlsx:MusikHeroes,32,RESERVED,,false,,,
XW-501.16,XW-501.16,,,ee96af4d-ebea-5440-ace9-3aa9c7060fb2,RESERVED|XW-501.16,LOW,true,CANONICAL,draft,RESERVED,false,false,MusikHeroes,MusikHeroes,Reserviert,Christkindl-Hits,CKH,,,RESERVED,physical,,,,,,,,,,PHYSICAL,Reserviert - XW-501.16,Reserviert XW-501.16,XW-501.16,Reserviert - XW-501.16 ist eine reservierte Artikelnummer im XW Product Hub.,AUTO_DRAFT,GENERATED,Format: PHYSICAL,,,,,,,10.00,,EUR,,,,,,,,,,,,,,,,,,,,,,,false,false,,,,,,,false,,false,-- FREI --,,,XLSX_SOT_RESERVED,Produktpalette(2).xlsx:MusikHeroes,33,RESERVED,,false,,,
XW-501.17,XW-501.17,,,2956e1f2-a2a7-57f1-86ac-01c5c2e35015,PLAYALONG|christkindl-hits #1 - playalongs horn,HIGH,true,CANONICAL,live,ACTIVE,true,false,MusikHeroes,MusikHeroes,Playalong,Christkindl-Hits,CKH,1,Christkindl-Hits,PLAYALONG,digital,Horn,,,,,,,,,PLAYALONG,Christkindl-Hits #1 - Playalongs Horn,CKH#1 PA HRN,CKH#1_PA-HRN,Christkindl-Hits #1 - Playalongs Horn ist ein Playalong-Produkt im MusikHeroes-Produktkatalog.,AUTO_DRAFT,GENERATED,Instrument: Horn,Format: PLAYALONG,Kategorie: Playalong,,,,,10.00,,EUR,,,,,,,,,,,,,,,,,,,,,,,false,true,,,,,,,false,,false,#1 Playalongs HRN,,,XLSX_SOT_NORMALIZED,Produktpalette(2).xlsx:MusikHeroes,34,EXACT,,false,,,
XW-501.18,XW-501.18,,,e3d0f18e-bbbd-52ad-b1fb-a6bdd189a156,RESERVED|XW-501.18,LOW,true,CANONICAL,draft,RESERVED,false,false,MusikHeroes,MusikHeroes,Reserviert,Christkindl-Hits,CKH,,,RESERVED,physical,,,,,,,,,,PHYSICAL,Reserviert - XW-501.18,Reserviert XW-501.18,XW-501.18,Reserviert - XW-501.18 ist eine reservierte Artikelnummer im XW Product Hub.,AUTO_DRAFT,GENERATED,Format: PHYSICAL,,,,,,,10.00,,EUR,,,,,,,,,,,,,,,,,,,,,,,false,false,,,,,,,false,,false,,,,XLSX_SOT_RESERVED,Produktpalette(2).xlsx:MusikHeroes,35,RESERVED,,false,,,
XW-501.19,XW-501.19,,,0565ed09-49d0-5416-9392-c45127972daf,RESERVED|XW-501.19,LOW,true,CANONICAL,draft,RESERVED,false,false,MusikHeroes,MusikHeroes,Reserviert,Christkindl-Hits,CKH,,,RESERVED,physical,,,,,,,,,,PHYSICAL,Reserviert - XW-501.19,Reserviert XW-501.19,XW-501.19,Reserviert - XW-501.19 ist eine reservierte Artikelnummer im XW Product Hub.,AUTO_DRAFT,GENERATED,Format: PHYSICAL,,,,,,,10.00,,EUR,,,,,,,,,,,,,,,,,,,,,,,false,false,,,,,,,false,,false,,,,XLSX_SOT_RESERVED,Produktpalette(2).xlsx:MusikHeroes,36,RESERVED,,false,,,
XW-501.20,XW-501.20,,,7d31d29b-29b8-5051-b622-7c87fbdea02c,RESERVED|XW-501.20,LOW,true,CANONICAL,draft,RESERVED,false,false,MusikHeroes,MusikHeroes,Reserviert,Christkindl-Hits,CKH,,,RESERVED,physical,,,,,,,,,,PHYSICAL,Reserviert - XW-501.20,Reserviert XW-501.20,XW-501.20,Reserviert - XW-501.20 ist eine reservierte Artikelnummer im XW Product Hub.,AUTO_DRAFT,GENERATED,Format: PHYSICAL,,,,,,,10.00,,EUR,,,,,,,,,,,,,,,,,,,,,,,false,false,,,,,,,false,,false,,,,XLSX_SOT_RESERVED,Produktpalette(2).xlsx:MusikHeroes,37,RESERVED,,false,,,
XW-502.01,XW-502.01,,,5d60b5d8-e045-5979-8f85-f6f4b16387cb,UNTERRICHTSHEFT|christkindl-hits #2 - trompete,HIGH,true,CANONICAL,live,ACTIVE,true,false,MusikHeroes,MusikHeroes,Unterrichtsheft,Christkindl-Hits,CKH,2,Christkindl-Hits,EDITION,physical,Trompete,,,,,,,,,PHYSICAL,Christkindl-Hits #2 - Trompete,CKH#2 TRP,CKH#2_TRP,Christkindl-Hits #2 - Trompete ist eine Heftausgabe im MusikHeroes-Produktkatalog.,AUTO_DRAFT,GENERATED,Instrument: Trompete,Format: PHYSICAL,Kategorie: Unterrichtsheft,,,,,10.00,,EUR,,,,,,,,,,,,,,,,,,,,,,,false,true,,,,,,,false,,false,Christkindl-Hits #2 TRP,,,XLSX_SOT_NORMALIZED,Produktpalette(2).xlsx:MusikHeroes,42,EXACT,,false,,,
XW-502.02,XW-502.02,,,90210b6f-8dac-52b9-abfb-ffa9a251c855,UNTERRICHTSHEFT|christkindl-hits #2 - posaune,HIGH,true,CANONICAL,live,ACTIVE,true,false,MusikHeroes,MusikHeroes,Unterrichtsheft,Christkindl-Hits,CKH,2,Christkindl-Hits,EDITION,physical,Posaune,,,,,,,,,PHYSICAL,Christkindl-Hits #2 - Posaune,CKH#2 POS,CKH#2_POS,Christkindl-Hits #2 - Posaune ist eine Heftausgabe im MusikHeroes-Produktkatalog.,AUTO_DRAFT,GENERATED,Instrument: Posaune,Format: PHYSICAL,Kategorie: Unterrichtsheft,,,,,10.00,,EUR,,,,,,,,,,,,,,,,,,,,,,,false,true,,,,,,,false,,false,Christkindl-Hits #2 POS,,,XLSX_SOT_NORMALIZED,Produktpalette(2).xlsx:MusikHeroes,43,EXACT,,false,,,
XW-502.03,XW-502.03,,,e7e0c32a-d1bb-5aa7-a7a4-d9accb6951f1,ZUSATZSTIMME|christkindl-hits #2 - 2. stimme in b,HIGH,true,CANONICAL,live,ACTIVE,true,false,MusikHeroes,MusikHeroes,Zusatzstimme,Christkindl-Hits,CKH,2,Christkindl-Hits,ADDITIONAL_VOICE,digital,,2,B,,,,,,,DIGITAL,Christkindl-Hits #2 - 2. Stimme in B,CKH#2 2B,CKH#2_2B,Christkindl-Hits #2 - 2. Stimme in B ist eine Zusatzstimmen-Ausgabe im MusikHeroes-Produktkatalog.,AUTO_DRAFT,GENERATED,Format: DIGITAL,Kategorie: Zusatzstimme,,,,,,10.00,,EUR,,,,,,,,,,,,,,,,,,,,,,,false,true,,,,,,,false,,false,#2 Zusatzstimme in B,,,XLSX_SOT_NORMALIZED,Produktpalette(2).xlsx:MusikHeroes,44,EXACT,,false,,,
XW-502.04,XW-502.04,,,d099155a-f84f-57f5-ad74-e3464c981ad6,ZUSATZSTIMME|christkindl-hits #2 - 2. stimme in c,HIGH,true,CANONICAL,live,ACTIVE,true,false,MusikHeroes,MusikHeroes,Zusatzstimme,Christkindl-Hits,CKH,2,Christkindl-Hits,ADDITIONAL_VOICE,digital,,2,C,,,,,,,DIGITAL,Christkindl-Hits #2 - 2. Stimme in C,CKH#2 2C,CKH#2_2C,Christkindl-Hits #2 - 2. Stimme in C ist eine Zusatzstimmen-Ausgabe im MusikHeroes-Produktkatalog.,AUTO_DRAFT,GENERATED,Format: DIGITAL,Kategorie: Zusatzstimme,,,,,,10.00,,EUR,,,,,,,,,,,,,,,,,,,,,,,false,true,,,,,,,false,,false,#2 Zusatzstimme in C,,,XLSX_SOT_NORMALIZED,Produktpalette(2).xlsx:MusikHeroes,45,EXACT,,false,,,
XW-502.05,XW-502.05,,,536b294b-979b-5497-88b3-9d256385131d,ZUSATZSTIMME|christkindl-hits #2 - begleitstimme in c,HIGH,true,CANONICAL,live,ACTIVE,true,false,MusikHeroes,MusikHeroes,Zusatzstimme,Christkindl-Hits,CKH,2,Christkindl-Hits,ADDITIONAL_VOICE,digital,,,C,,,,,,,DIGITAL,Christkindl-Hits #2 - Begleitstimme in C,CKH#2 Begl-C,CKH#2_Begl-C,Christkindl-Hits #2 - Begleitstimme in C ist eine Zusatzstimmen-Ausgabe im MusikHeroes-Produktkatalog.,AUTO_DRAFT,GENERATED,Format: DIGITAL,Kategorie: Zusatzstimme,,,,,,10.00,,EUR,,,,,,,,,,,,,,,,,,,,,,,false,true,,,,,,,false,,false,#2 Begleitstimme in C,,,XLSX_SOT_NORMALIZED,Produktpalette(2).xlsx:MusikHeroes,46,EXACT,,false,,,
XW-502.06,XW-502.06,,,dbcfe443-cd33-5a34-8d22-4dd214704edb,PLAYALONG|christkindl-hits #2 - playalongs trompete,HIGH,true,CANONICAL,live,ACTIVE,true,false,MusikHeroes,MusikHeroes,Playalong,Christkindl-Hits,CKH,2,Christkindl-Hits,PLAYALONG,digital,Trompete,,,,,,,,,PLAYALONG,Christkindl-Hits #2 - Playalongs Trompete,CKH#2 PA TRP,CKH#2_PA-TRP,Christkindl-Hits #2 - Playalongs Trompete ist ein Playalong-Produkt im MusikHeroes-Produktkatalog.,AUTO_DRAFT,GENERATED,Instrument: Trompete,Format: PLAYALONG,Kategorie: Playalong,,,,,10.00,,EUR,,,,,,,,,,,,,,,,,,,,,,,false,true,,,,,,,false,,false,#2 Playalongs TRP,,,XLSX_SOT_NORMALIZED,Produktpalette(2).xlsx:MusikHeroes,47,EXACT,,false,,,
XW-502.07,XW-502.07,,,ae9b9bcb-0bf6-543a-825d-a21e38288b39,PLAYALONG|christkindl-hits #2 - playalongs posaune,HIGH,true,CANONICAL,live,ACTIVE,true,false,MusikHeroes,MusikHeroes,Playalong,Christkindl-Hits,CKH,2,Christkindl-Hits,PLAYALONG,digital,Posaune,,,,,,,,,PLAYALONG,Christkindl-Hits #2 - Playalongs Posaune,CKH#2 PA POS,CKH#2_PA-POS,Christkindl-Hits #2 - Playalongs Posaune ist ein Playalong-Produkt im MusikHeroes-Produktkatalog.,AUTO_DRAFT,GENERATED,Instrument: Posaune,Format: PLAYALONG,Kategorie: Playalong,,,,,10.00,,EUR,,,,,,,,,,,,,,,,,,,,,,,false,true,,,,,,,false,,false,#2 Playalongs POS,,,XLSX_SOT_NORMALIZED,Produktpalette(2).xlsx:MusikHeroes,48,EXACT,,false,,,
XW-502.08,XW-502.08,,,0d99bc50-ac13-5ae4-8159-b54f08da554c,RESERVED|XW-502.08,LOW,true,CANONICAL,draft,RESERVED,false,false,MusikHeroes,MusikHeroes,Reserviert,Christkindl-Hits,CKH,,,RESERVED,physical,,,,,,,,,,PHYSICAL,Reserviert - XW-502.08,Reserviert XW-502.08,XW-502.08,Reserviert - XW-502.08 ist eine reservierte Artikelnummer im XW Product Hub.,AUTO_DRAFT,GENERATED,Format: PHYSICAL,,,,,,,10.00,,EUR,,,,,,,,,,,,,,,,,,,,,,,false,false,,,,,,,false,,false,,,,XLSX_SOT_RESERVED,Produktpalette(2).xlsx:MusikHeroes,49,RESERVED,,false,,,
XW-502.09,XW-502.09,,,f99ed7d9-6ac5-5870-8649-8571e4ae4155,RESERVED|XW-502.09,LOW,true,CANONICAL,draft,RESERVED,false,false,MusikHeroes,MusikHeroes,Reserviert,Christkindl-Hits,CKH,,,RESERVED,physical,,,,,,,,,,PHYSICAL,Reserviert - XW-502.09,Reserviert XW-502.09,XW-502.09,Reserviert - XW-502.09 ist eine reservierte Artikelnummer im XW Product Hub.,AUTO_DRAFT,GENERATED,Format: PHYSICAL,,,,,,,10.00,,EUR,,,,,,,,,,,,,,,,,,,,,,,false,false,,,,,,,false,,false,,,,XLSX_SOT_RESERVED,Produktpalette(2).xlsx:MusikHeroes,50,RESERVED,,false,,,
XW-502.10,XW-502.10,,,cd8a3196-b3c9-5ed3-9cdb-62b38c931218,RESERVED|XW-502.10,LOW,true,CANONICAL,draft,RESERVED,false,false,MusikHeroes,MusikHeroes,Reserviert,Christkindl-Hits,CKH,,,RESERVED,physical,,,,,,,,,,PHYSICAL,Reserviert - XW-502.10,Reserviert XW-502.10,XW-502.10,Reserviert - XW-502.10 ist eine reservierte Artikelnummer im XW Product Hub.,AUTO_DRAFT,GENERATED,Format: PHYSICAL,,,,,,,10.00,,EUR,,,,,,,,,,,,,,,,,,,,,,,false,false,,,,,,,false,,false,,,,XLSX_SOT_RESERVED,Produktpalette(2).xlsx:MusikHeroes,51,RESERVED,,false,,,
XW-502.11,XW-502.11,,,0d7df40d-1a33-5246-a9d6-5dafec70de0a,RESERVED|XW-502.11,LOW,true,CANONICAL,draft,RESERVED,false,false,MusikHeroes,MusikHeroes,Reserviert,Christkindl-Hits,CKH,,,RESERVED,physical,,,,,,,,,,PHYSICAL,Reserviert - XW-502.11,Reserviert XW-502.11,XW-502.11,Reserviert - XW-502.11 ist eine reservierte Artikelnummer im XW Product Hub.,AUTO_DRAFT,GENERATED,Format: PHYSICAL,,,,,,,10.00,,EUR,,,,,,,,,,,,,,,,,,,,,,,false,false,,,,,,,false,,false,,,,XLSX_SOT_RESERVED,Produktpalette(2).xlsx:MusikHeroes,52,RESERVED,,false,,,
XW-502.12,XW-502.12,,,5a95eb04-5fe3-5475-a0df-1d3e1102d87a,RESERVED|XW-502.12,LOW,true,CANONICAL,draft,RESERVED,false,false,MusikHeroes,MusikHeroes,Reserviert,Christkindl-Hits,CKH,,,RESERVED,physical,,,,,,,,,,PHYSICAL,Reserviert - XW-502.12,Reserviert XW-502.12,XW-502.12,Reserviert - XW-502.12 ist eine reservierte Artikelnummer im XW Product Hub.,AUTO_DRAFT,GENERATED,Format: PHYSICAL,,,,,,,10.00,,EUR,,,,,,,,,,,,,,,,,,,,,,,false,false,,,,,,,false,,false,,,,XLSX_SOT_RESERVED,Produktpalette(2).xlsx:MusikHeroes,53,RESERVED,,false,,,
XW-502.13,XW-502.13,,,eea81cf9-0419-5877-b4f4-fd327eb00627,RESERVED|XW-502.13,LOW,true,CANONICAL,draft,RESERVED,false,false,MusikHeroes,MusikHeroes,Reserviert,Christkindl-Hits,CKH,,,RESERVED,physical,,,,,,,,,,PHYSICAL,Reserviert - XW-502.13,Reserviert XW-502.13,XW-502.13,Reserviert - XW-502.13 ist eine reservierte Artikelnummer im XW Product Hub.,AUTO_DRAFT,GENERATED,Format: PHYSICAL,,,,,,,10.00,,EUR,,,,,,,,,,,,,,,,,,,,,,,false,false,,,,,,,false,,false,,,,XLSX_SOT_RESERVED,Produktpalette(2).xlsx:MusikHeroes,54,RESERVED,,false,,,
XW-502.14,XW-502.14,,,c4526f4a-213d-5d21-9597-cb6c2154cfd7,RESERVED|XW-502.14,LOW,true,CANONICAL,draft,RESERVED,false,false,MusikHeroes,MusikHeroes,Reserviert,Christkindl-Hits,CKH,,,RESERVED,physical,,,,,,,,,,PHYSICAL,Reserviert - XW-502.14,Reserviert XW-502.14,XW-502.14,Reserviert - XW-502.14 ist eine reservierte Artikelnummer im XW Product Hub.,AUTO_DRAFT,GENERATED,Format: PHYSICAL,,,,,,,10.00,,EUR,,,,,,,,,,,,,,,,,,,,,,,false,false,,,,,,,false,,false,-- FREI --,,,XLSX_SOT_RESERVED,Produktpalette(2).xlsx:MusikHeroes,55,RESERVED,,false,,,
XW-502.15,XW-502.15,,,974c9637-40db-57f8-9ea8-eee5a324551a,RESERVED|XW-502.15,LOW,true,CANONICAL,draft,RESERVED,false,false,MusikHeroes,MusikHeroes,Reserviert,Christkindl-Hits,CKH,,,RESERVED,physical,,,,,,,,,,PHYSICAL,Reserviert - XW-502.15,Reserviert XW-502.15,XW-502.15,Reserviert - XW-502.15 ist eine reservierte Artikelnummer im XW Product Hub.,AUTO_DRAFT,GENERATED,Format: PHYSICAL,,,,,,,10.00,,EUR,,,,,,,,,,,,,,,,,,,,,,,false,false,,,,,,,false,,false,-- FREI --,,,XLSX_SOT_RESERVED,Produktpalette(2).xlsx:MusikHeroes,56,RESERVED,,false,,,
XW-502.16,XW-502.16,,,5214f635-f8c8-5122-bd7e-0f21b689a0ab,PLAYALONG|christkindl-hits #2 - playalongs horn,HIGH,true,CANONICAL,live,ACTIVE,true,false,MusikHeroes,MusikHeroes,Playalong,Christkindl-Hits,CKH,2,Christkindl-Hits,PLAYALONG,digital,Horn,,,,,,,,,PLAYALONG,Christkindl-Hits #2 - Playalongs Horn,CKH#2 PA HRN,CKH#2_PA-HRN,Christkindl-Hits #2 - Playalongs Horn ist ein Playalong-Produkt im MusikHeroes-Produktkatalog.,AUTO_DRAFT,GENERATED,Instrument: Horn,Format: PLAYALONG,Kategorie: Playalong,,,,,10.00,,EUR,,,,,,,,,,,,,,,,,,,,,,,false,true,,,,,,,false,,false,#2 Playalongs HRN,,,XLSX_SOT_NORMALIZED,Produktpalette(2).xlsx:MusikHeroes,57,EXACT,,false,,,
XW-502.17,XW-502.17,,,6a7e359e-43cf-54d7-83df-40a76fd525d7,RESERVED|XW-502.17,LOW,true,CANONICAL,draft,RESERVED,false,false,MusikHeroes,MusikHeroes,Reserviert,Christkindl-Hits,CKH,,,RESERVED,physical,,,,,,,,,,PHYSICAL,Reserviert - XW-502.17,Reserviert XW-502.17,XW-502.17,Reserviert - XW-502.17 ist eine reservierte Artikelnummer im XW Product Hub.,AUTO_DRAFT,GENERATED,Format: PHYSICAL,,,,,,,10.00,,EUR,,,,,,,,,,,,,,,,,,,,,,,false,false,,,,,,,false,,false,,,,XLSX_SOT_RESERVED,Produktpalette(2).xlsx:MusikHeroes,58,RESERVED,,false,,,
XW-502.18,XW-502.18,,,81dc786c-d463-5d0d-a789-8e04a1e93831,RESERVED|XW-502.18,LOW,true,CANONICAL,draft,RESERVED,false,false,MusikHeroes,MusikHeroes,Reserviert,Christkindl-Hits,CKH,,,RESERVED,physical,,,,,,,,,,PHYSICAL,Reserviert - XW-502.18,Reserviert XW-502.18,XW-502.18,Reserviert - XW-502.18 ist eine reservierte Artikelnummer im XW Product Hub.,AUTO_DRAFT,GENERATED,Format: PHYSICAL,,,,,,,10.00,,EUR,,,,,,,,,,,,,,,,,,,,,,,false,false,,,,,,,false,,false,,,,XLSX_SOT_RESERVED,Produktpalette(2).xlsx:MusikHeroes,59,RESERVED,,false,,,
XW-502.19,XW-502.19,,,eed39e4f-5a6d-5de0-bfc2-e7f637434df7,RESERVED|XW-502.19,LOW,true,CANONICAL,draft,RESERVED,false,false,MusikHeroes,MusikHeroes,Reserviert,Christkindl-Hits,CKH,,,RESERVED,physical,,,,,,,,,,PHYSICAL,Reserviert - XW-502.19,Reserviert XW-502.19,XW-502.19,Reserviert - XW-502.19 ist eine reservierte Artikelnummer im XW Product Hub.,AUTO_DRAFT,GENERATED,Format: PHYSICAL,,,,,,,10.00,,EUR,,,,,,,,,,,,,,,,,,,,,,,false,false,,,,,,,false,,false,,,,XLSX_SOT_RESERVED,Produktpalette(2).xlsx:MusikHeroes,60,RESERVED,,false,,,
XW-502.20,XW-502.20,,,d3e32e21-25e1-5fda-80e9-93b9ef581d03,RESERVED|XW-502.20,LOW,true,CANONICAL,draft,RESERVED,false,false,MusikHeroes,MusikHeroes,Reserviert,Christkindl-Hits,CKH,,,RESERVED,physical,,,,,,,,,,PHYSICAL,Reserviert - XW-502.20,Reserviert XW-502.20,XW-502.20,Reserviert - XW-502.20 ist eine reservierte Artikelnummer im XW Product Hub.,AUTO_DRAFT,GENERATED,Format: PHYSICAL,,,,,,,10.00,,EUR,,,,,,,,,,,,,,,,,,,,,,,false,false,,,,,,,false,,false,,,,XLSX_SOT_RESERVED,Produktpalette(2).xlsx:MusikHeroes,61,RESERVED,,false,,,
XW-510.01,XW-510.01,,,ac0e13c2-a434-5278-bc14-c6a3ca36b721,UNTERRICHTSHEFT|christkindl-hits - trompete,HIGH,true,CANONICAL,live,ACTIVE,true,false,MusikHeroes,MusikHeroes,Unterrichtsheft,Christkindl-Hits,CKH,,Christkindl-Hits,EDITION,digital,Trompete,,,,,,,,,DIGITAL,Christkindl-Hits - Trompete,Christkindl-Hits TRP,Christkindl-Hits_TRP,Christkindl-Hits - Trompete ist eine Heftausgabe im MusikHeroes-Produktkatalog.,AUTO_DRAFT,GENERATED,Instrument: Trompete,Format: DIGITAL,Kategorie: Unterrichtsheft,,,,0.00,10.00,0.00,EUR,ERP_NET,0.00,true,,,,,,,,,,,,,,,,,,,,false,true,,,,,,,true,MusikHeroes_Noten digital,false,StarterKit Trompete [TIEF],,StarterKit - Trompete [TIEF],XLSX_SOT_NORMALIZED,Produktpalette(2).xlsx:MusikHeroes,4,EXACT,,false,,,
XW-510.02,XW-510.02,,XW-510.01,ac0e13c2-a434-5278-bc14-c6a3ca36b721,UNTERRICHTSHEFT|christkindl-hits - trompete,HIGH,false,ALTERNATE_SKU,live,ACTIVE,true,false,MusikHeroes,MusikHeroes,Unterrichtsheft,Christkindl-Hits,CKH,,Christkindl-Hits,EDITION,digital,Trompete,,,,,,,,,DIGITAL,Christkindl-Hits - Trompete,Christkindl-Hits TRP,Christkindl-Hits_TRP,Christkindl-Hits - Trompete ist eine Heftausgabe im MusikHeroes-Produktkatalog.,AUTO_DRAFT,GENERATED,Instrument: Trompete,Format: DIGITAL,Kategorie: Unterrichtsheft,,,,0.00,10.00,0.00,EUR,ERP_NET,0.00,true,,,,,,,,,,,,,,,,,,,,false,true,,,,,,,true,MusikHeroes_Noten digital,false,StarterKit Trompete [HOCH],,StarterKit - Trompete [HOCH],XLSX_SOT_NORMALIZED,Produktpalette(2).xlsx:MusikHeroes,5,EXACT,,false,,,
XW-510.03,XW-510.03,,,fe3e5b9b-6acb-5902-a6a6-3b1e18f0cab7,UNTERRICHTSHEFT|christkindl-hits - posaune,HIGH,true,CANONICAL,live,ACTIVE,true,false,MusikHeroes,MusikHeroes,Unterrichtsheft,Christkindl-Hits,CKH,,Christkindl-Hits,EDITION,digital,Posaune,,,,,,,,,DIGITAL,Christkindl-Hits - Posaune,Christkindl-Hits POS,Christkindl-Hits_POS,Christkindl-Hits - Posaune ist eine Heftausgabe im MusikHeroes-Produktkatalog.,AUTO_DRAFT,GENERATED,Instrument: Posaune,Format: DIGITAL,Kategorie: Unterrichtsheft,,,,0.00,10.00,0.00,EUR,ERP_NET,0.00,true,,,,,,,,,,,,,,,,,,,,false,true,,,,,,,true,MusikHeroes_Noten digital,false,StarterKit Posaune [TIEF],,StarterKit - Posaune [TIEF],XLSX_SOT_NORMALIZED,Produktpalette(2).xlsx:MusikHeroes,6,EXACT,,false,,,
XW-510.04,XW-510.04,,XW-510.03,fe3e5b9b-6acb-5902-a6a6-3b1e18f0cab7,UNTERRICHTSHEFT|christkindl-hits - posaune,HIGH,false,ALTERNATE_SKU,live,ACTIVE,true,false,MusikHeroes,MusikHeroes,Unterrichtsheft,Christkindl-Hits,CKH,,Christkindl-Hits,EDITION,digital,Posaune,,,,,,,,,DIGITAL,Christkindl-Hits - Posaune,Christkindl-Hits POS,Christkindl-Hits_POS,Christkindl-Hits - Posaune ist eine Heftausgabe im MusikHeroes-Produktkatalog.,AUTO_DRAFT,GENERATED,Instrument: Posaune,Format: DIGITAL,Kategorie: Unterrichtsheft,,,,0.00,10.00,0.00,EUR,ERP_NET,0.00,true,,,,,,,,,,,,,,,,,,,,false,true,,,,,,,true,MusikHeroes_Noten digital,false,StarterKit Posaune [HOCH],,StarterKit - Posaune [HOCH],XLSX_SOT_NORMALIZED,Produktpalette(2).xlsx:MusikHeroes,7,EXACT,,false,,,
XW-510.05,XW-510.05,,,39173c85-f2b8-59be-9fc4-4dccfd4fc889,UNTERRICHTSHEFT|ohrwürmer - f-tuba,HIGH,true,CANONICAL,live,ACTIVE,true,false,MusikHeroes,MusikHeroes,Unterrichtsheft,Ohrwürmer,OW,,Ohrwürmer,EDITION,physical,F-Tuba,,,,,,,,,PHYSICAL,Ohrwürmer - F-Tuba,Ohrwürmer FTB,Ohrwürmer_FTB,Ohrwürmer - F-Tuba ist eine Heftausgabe im MusikHeroes-Produktkatalog.,AUTO_DRAFT,GENERATED,Instrument: F-Tuba,Format: PHYSICAL,Kategorie: Unterrichtsheft,,,,,10.00,,EUR,,,,,,,,,,,,,,,,,,,,,,,false,true,,,,,,,false,,false,StarterKit F-Tuba [TIEF],,,XLSX_SOT_NORMALIZED,Produktpalette(2).xlsx:MusikHeroes,2,EXACT,,false,,,
XW-510.06,XW-510.06,,XW-510.05,39173c85-f2b8-59be-9fc4-4dccfd4fc889,UNTERRICHTSHEFT|ohrwürmer - f-tuba,HIGH,false,ALTERNATE_SKU,live,ACTIVE,true,false,MusikHeroes,MusikHeroes,Unterrichtsheft,Ohrwürmer,OW,,Ohrwürmer,EDITION,physical,F-Tuba,,,,,,,,,PHYSICAL,Ohrwürmer - F-Tuba,Ohrwürmer FTB,Ohrwürmer_FTB,Ohrwürmer - F-Tuba ist eine Heftausgabe im MusikHeroes-Produktkatalog.,AUTO_DRAFT,GENERATED,Instrument: F-Tuba,Format: PHYSICAL,Kategorie: Unterrichtsheft,,,,,10.00,,EUR,,,,,,,,,,,,,,,,,,,,,,,false,true,,,,,,,false,,false,StarterKit F-Tuba [HOCH],,,XLSX_SOT_NORMALIZED,Produktpalette(2).xlsx:MusikHeroes,3,EXACT,,false,,,
XW-510.07,XW-510.07,,XW-510.08,7b70c67e-cf59-55ab-8fe7-fbce720eba55,UNTERRICHTSHEFT|ohrwürmer - b-tuba,HIGH,false,FORMAT_VARIANT,live,ACTIVE,true,false,MusikHeroes,MusikHeroes,Unterrichtsheft,Ohrwürmer,OW,,Ohrwürmer,EDITION,digital,B-Tuba,,,,,,,,,DIGITAL,Ohrwürmer - B-Tuba,Ohrwürmer BTB,Ohrwürmer_BTB,Ohrwürmer - B-Tuba ist eine Heftausgabe im MusikHeroes-Produktkatalog.,AUTO_DRAFT,GENERATED,Instrument: B-Tuba,Format: DIGITAL,Kategorie: Unterrichtsheft,,,,0.00,10.00,0.00,EUR,ERP_NET,0.00,false,,,,,,,,,,,,,,,,,,,,false,true,,,,,,,true,MusikHeroes_Noten digital,false,StarterKit B-Tuba [TIEF],,StarterKit - B-Tuba [TIEF],XLSX_SOT_NORMALIZED,Produktpalette(2).xlsx:MusikHeroes,4,EXACT,,false,,,
XW-510.08,XW-510.08,,,7b70c67e-cf59-55ab-8fe7-fbce720eba55,UNTERRICHTSHEFT|ohrwürmer - b-tuba,HIGH,true,CANONICAL,live,ACTIVE,true,false,MusikHeroes,MusikHeroes,Unterrichtsheft,Ohrwürmer,OW,,Ohrwürmer,EDITION,physical,B-Tuba,,,,,,,,,PHYSICAL,Ohrwürmer - B-Tuba,Ohrwürmer BTB,Ohrwürmer_BTB,Ohrwürmer - B-Tuba ist eine Heftausgabe im MusikHeroes-Produktkatalog.,AUTO_DRAFT,GENERATED,Instrument: B-Tuba,Format: PHYSICAL,Kategorie: Unterrichtsheft,,,,,10.00,,EUR,,,,,,,,,,,,,,,,,,,,,,,false,true,,,,,,,false,,false,StarterKit B-Tuba [HOCH],,,XLSX_SOT_NORMALIZED,Produktpalette(2).xlsx:MusikHeroes,5,EXACT,,false,,,
XW-511.01,XW-511.01,,,66cb5089-1cb2-54ce-84dd-48210a0f16d0,UNTERRICHTSHEFT|ohrwürmer #1 - trompete,HIGH,true,CANONICAL,live,ACTIVE,true,false,MusikHeroes,MusikHeroes,Unterrichtsheft,Ohrwürmer,OW,1,Ohrwürmer,EDITION,physical,Trompete,,,,,,,,,PHYSICAL,Ohrwürmer #1 - Trompete,OW#1 TRP,OW#1_TRP,"Coole Songs mit Playalongs aus der Serie MusikHeroes
→ 97 coole Songs mit Playalongs für Trompete (Schwierigkeit: 1 – sehr leicht)
→ Solostimme für Trompete, Tenorhorn oder andere Instrumente im Violinschlüssel in B
→ Moderne Unterrichtsliteratur - durchdacht konzipiert, humorvoll präsentiert und stilvoll begleitet
→ Alle Playalongs sind mit Band im Studio eingespielt und mittels QR-Code kostenlos zu beziehen",SOURCE,AMAZON,97 coole Songs mit Playalongs für Trompete (Schwierigkeit: 1 – sehr leicht),"Solostimme für Trompete, Tenorhorn oder andere Instrumente im Violinschlüssel in B","Moderne Unterrichtsliteratur - durchdacht konzipiert, spannend aufbereitet, humorvoll präsentiert und stilvoll begleitet",Alle Playalongs sind mit einer „echten“ Band im Studio eingespielt und mittels QR-Code kostenlos zu beziehen,,B2B|AMAZON,22.64,10.00,24.90,EUR,ERP_NET,1698.00,true,300.0,9783903426016,3903426016,,3903426016,DERIVED_FROM_ISBN13_BOOK,false,,MISSING_IN_REPORT,XW-511.01,Aktiv,BRASS_AND_WOODWIND_INSTRUMENTS,ISBN,9783903426016,Versand durch Amazon (EU),,"MusikHeroes - Trompeten-Notenbuch mit Playalongs (Bb) - Messing, Holz",Ohrwürmer #1 - Trompete,"<br><p><strong>Coole Songs mit Playalongs aus der Serie <em>MusikHeroes</em></strong></p> <p>→ 97 coole Songs mit Playalongs für Trompete (Schwierigkeit: 1 – sehr leicht)</p> <p>→ Solostimme für Trompete, Tenorhorn oder andere Instrumente im Violinschlüssel in Bb</p> <p>→ Moderne Unterrichtsliteratur - durchdacht konzipiert, humorvoll präsentiert und stilvoll begleitet</p> <p>→ Alle Playalongs sind mit Band im Studio eingespielt und mittels QR-Code kostenlos zu beziehen</p><br>",true,true,product_3c5ea5d7-7d3a-1d2d-1f33-71a39263a732,product_3c5ea5d7-7d3a-1d2d-1f33-71a39263a732,true,MusikHeroes-Editionen|B2B|EDU|MusikHeroes-Gesamt|MH-Trompete,4f718e_fb3a024f56294212b0ccc30feb152ecd~mv2.jpeg|4f718e_80ad15d9a51b49678040063977f7c4ff~mv2.jpg|4f718e_042c82ff8e154cbc988c6134edbf4490~mv2.jpg|4f718e_4bdc9e761be34e9a80f4af470bfa856a~mv2.jpg,<p><strong>97 Coole Songs mit Playalongs</strong></p><p>für Instrumente im Violinschlüssel&nbsp;in Bb</p>,true,MusikHeroes,true,Ohrwürmer #1 TRP,Ohrwürmer #1 - Trompete,Ohrwürmer #1 TRP,XLSX_SOT_NORMALIZED,Produktpalette(2).xlsx:MusikHeroes,14,EXACT,,false,,,
XW-511.02,XW-511.02,,,324f7192-b338-59ce-9bba-2c2e211b3cc2,UNTERRICHTSHEFT|ohrwürmer #1 - posaune,HIGH,true,CANONICAL,live,ACTIVE,true,false,MusikHeroes,MusikHeroes,Unterrichtsheft,Ohrwürmer,OW,1,Ohrwürmer,EDITION,physical,Posaune,,,,,,,,,PHYSICAL,Ohrwürmer #1 - Posaune,OW#1 POS,OW#1_POS,"Coole Songs mit Playalongs aus der Serie MusikHeroes
→ 97 coole Songs mit Playalongs für Posaune (Schwierigkeit: 1 – sehr leicht)
→ Solostimme für Posaune, Euphonium oder andere Instrumente im Bassschlüssel in C
→ Moderne Unterrichtsliteratur - durchdacht konzipiert, humorvoll präsentiert und stilvoll begleitet
→ Alle Playalongs sind mit Band im Studio eingespielt und mittels QR-Code kostenlos zu beziehen",SOURCE,AMAZON,97 coole Songs mit Playalongs für Posaune (Schwierigkeit: 1 – sehr leicht),"Solostimme für Posaune, Euphonium oder andere Instrumente im Bassschlüssel in C","Moderne Unterrichtsliteratur - durchdacht konzipiert, spannend aufbereitet, humorvoll präsentiert und stilvoll begleitet",Alle Playalongs sind mit einer „echten“ Band im Studio eingespielt und mittels QR-Code kostenlos zu beziehen,,B2B|AMAZON,22.64,10.00,24.90,EUR,ERP_NET,1078.00,true,300.0,9783903426023,3903426024,,3903426024,DERIVED_FROM_ISBN13_BOOK,false,,MISSING_IN_REPORT,XW-511.02,Aktiv,DOWNLOADABLE_MUSIC_ALBUM,ISBN,9783903426023,,,Ohrwürmer #1 - Posaune [MusikHeroes],Ohrwürmer #1 - Posaune,"<br><p><strong>Coole Songs mit Playalongs aus der Serie <em>MusikHeroes</em></strong></p> <p>&rarr; 97 coole Songs mit Playalongs f&uuml;r Posaune (Schwierigkeit: 1 &ndash; sehr leicht)</p> <p>&rarr; Solostimme f&uuml;r Posaune, Euphonium oder andere Instrumente im Bassschl&uuml;ssel in C</p> <p>&rarr; Moderne Unterrichtsliteratur - durchdacht konzipiert, humorvoll präsentiert und stilvoll begleitet</p> <p>&rarr; Alle Playalongs sind mit Band im Studio eingespielt und mittels QR-Code kostenlos zu beziehen</p><br>",true,true,product_b340ac67-8bed-be59-032e-6a3a316e99da,product_b340ac67-8bed-be59-032e-6a3a316e99da,true,MusikHeroes-Editionen|B2B|EDU|MusikHeroes-Gesamt|MH-Posaune,4f718e_6b8941ab8e1d4fc79b9b1c24b2cb10a9~mv2.jpeg|4f718e_ebd9df2a9dc6477c9a9956b109308d1f~mv2.jpg|4f718e_522e6a8586824b0caa48f2899cc99341~mv2.jpg|4f718e_3be98c7ab7b840ddaf66e33e9fdfac57~mv2.jpg,<p><strong>97 Coole Songs mit Playalongs</strong></p><p>für Instrumente im Bassschlüssel in C</p>,true,MusikHeroes,true,Ohrwürmer #1 POS,Ohrwürmer #1 - Posaune,Ohrwürmer #1 POS,XLSX_SOT_NORMALIZED,Produktpalette(2).xlsx:MusikHeroes,15,EXACT,,false,,,
XW-511.03,XW-511.03,,,6cd6e681-2d57-5e8c-a2c9-3cbd714681e8,ZUSATZSTIMME|ohrwürmer #1 - 2. stimme in b (tief),HIGH,true,CANONICAL,live,ACTIVE,true,false,MusikHeroes,MusikHeroes,Zusatzstimme,Ohrwürmer,OW,1,Ohrwürmer,ADDITIONAL_VOICE,digital,,2,B,tief,,,,,,DIGITAL,Ohrwürmer #1 - 2. Stimme in B (tief),OW#1 2B-t,OW#1_2B-t,Ohrwürmer #1 - 2. Stimme in B (tief) ist eine Zusatzstimmen-Ausgabe im MusikHeroes-Produktkatalog.,AUTO_DRAFT,GENERATED,Format: DIGITAL,Kategorie: Zusatzstimme,,,,,5.00,10.00,5.50,EUR,ERP_NET,0.00,true,,,,,,,,,,,,,,,,,,,,false,true,,,,,,,true,MusikHeroes_Noten digital,false,#1 Zusatzstimme in B (tief),,ZST OW #1 - 2.Stimme B,XLSX_SOT_NORMALIZED,Produktpalette(2).xlsx:MusikHeroes,16,EXACT,,false,,,
XW-511.03-P,XW-511.03-P,,XW-511.03,6cd6e681-2d57-5e8c-a2c9-3cbd714681e8,ZUSATZSTIMME|ohrwürmer #1 - 2. stimme in b (tief),HIGH,false,FORMAT_VARIANT,live,ACTIVE,true,false,MusikHeroes,MusikHeroes,Zusatzstimme,Ohrwürmer,OW,1,Ohrwürmer,ADDITIONAL_VOICE,digital,,2,B,tief,,,,,,PRINT_AT_HOME,Ohrwürmer #1 - 2. Stimme in B (tief),OW#1 2B-t,OW#1_2B-t,2.Stimme in B (tief) für Trompete und andere Instrumente im Violinschlüssel in B als PRINT,SOURCE,WIX,2.Stimme in B (tief) für Trompete und andere Instrumente im Violinschlüssel in B als PRINT,,,,,B2B,9.00,10.00,9.90,EUR,ERP_NET,0.00,true,100.0,,,,,,,,,,,,,,,,,,,true,true,product_49fc4a4f-17b2-9746-4152-cf8ae7102172,product_49fc4a4f-17b2-9746-4152-cf8ae7102172,true,MH-ZST physisch GESAMT|B2B|MusikHeroes-Gesamt,4f718e_20f6dd38841540db98b010c6474b9368~mv2.jpg|4f718e_994364cf9c734d41b422da87d39b024e~mv2.jpg,<p>2.Stimme in B (tief) für Trompete und andere Instrumente im Violinschlüssel in B<strong>&nbsp;</strong>als PRINT</p>,true,MusikHeroes_Print@Home,false,#1 Zusatzstimme in B (tief) 🖨️,Ohrwürmer #1 / 2.Stimme in B (tief) [PRINT],ZST OW#1_2B-tief,XLSX_SOT_NORMALIZED,Produktpalette(2).xlsx:MusikHeroes,16,DERIVED,,false,,,
XW-511.04,XW-511.04,,,89d8b950-5874-5c2c-8e47-6dd93d98fda5,ZUSATZSTIMME|ohrwürmer #1 - 2. stimme in c,HIGH,true,CANONICAL,live,ACTIVE,true,false,MusikHeroes,MusikHeroes,Zusatzstimme,Ohrwürmer,OW,1,Ohrwürmer,ADDITIONAL_VOICE,digital,,2,C,,,,,,,DIGITAL,Ohrwürmer #1 - 2. Stimme in C,OW#1 2C,OW#1_2C,Ohrwürmer #1 - 2. Stimme in C ist eine Zusatzstimmen-Ausgabe im MusikHeroes-Produktkatalog.,AUTO_DRAFT,GENERATED,Format: DIGITAL,Kategorie: Zusatzstimme,,,,,5.00,10.00,5.50,EUR,ERP_NET,0.00,true,,,,,,,,,,,,,,,,,,,,false,true,,,,,,,true,MusikHeroes_Noten digital,false,#1 Zusatzstimme in C,,ZST OW #1 - 2.Stimme C,XLSX_SOT_NORMALIZED,Produktpalette(2).xlsx:MusikHeroes,18,EXACT,,false,,,
XW-511.04-P,XW-511.04-P,,XW-511.04,89d8b950-5874-5c2c-8e47-6dd93d98fda5,ZUSATZSTIMME|ohrwürmer #1 - 2. stimme in c,HIGH,false,FORMAT_VARIANT,live,ACTIVE,true,false,MusikHeroes,MusikHeroes,Zusatzstimme,Ohrwürmer,OW,1,Ohrwürmer,ADDITIONAL_VOICE,digital,,2,C,,,,,,,PRINT_AT_HOME,Ohrwürmer #1 - 2. Stimme in C,OW#1 2C,OW#1_2C,2.Stimme in C für Posaune und andere Instrumente im Bassschlüssel in C als PRINT,SOURCE,WIX,2.Stimme in C für Posaune und andere Instrumente im Bassschlüssel in C als PRINT,,,,,B2B,9.00,10.00,9.90,EUR,ERP_NET,0.00,true,100.0,,,,,,,,,,,,,,,,,,,true,true,product_d78883ea-c2b5-edae-39e0-27740493e594,product_d78883ea-c2b5-edae-39e0-27740493e594,true,MH-ZST physisch GESAMT|B2B|MusikHeroes-Gesamt,4f718e_7a9a0728937f49f49221af890ed066d0~mv2.jpg|4f718e_3e83f3c6f05c4e80a9bf9bd89e23c79d~mv2.jpg,<p>2.Stimme in C für Posaune und andere Instrumente im Bassschlüssel in C<strong>&nbsp;</strong>als PRINT</p>,true,MusikHeroes_Print@Home,false,#1 Zusatzstimme in C 🖨️,Ohrwürmer #1 / 2.Stimme in C [BS] [PRINT],ZST OW#1_2C [BS],XLSX_SOT_NORMALIZED,Produktpalette(2).xlsx:MusikHeroes,18,DERIVED,,false,,,
XW-511.05,XW-511.05,,,844433fa-112b-5076-b3f9-081646d83c74,ZUSATZSTIMME|ohrwürmer #1 - begleitstimme in c,HIGH,true,CANONICAL,live,ACTIVE,true,false,MusikHeroes,MusikHeroes,Zusatzstimme,Ohrwürmer,OW,1,Ohrwürmer,ADDITIONAL_VOICE,digital,,,C,,,,,,,DIGITAL,Ohrwürmer #1 - Begleitstimme in C,OW#1 Begl-C,OW#1_Begl-C,Ohrwürmer #1 - Begleitstimme in C ist eine Zusatzstimmen-Ausgabe im MusikHeroes-Produktkatalog.,AUTO_DRAFT,GENERATED,Format: DIGITAL,Kategorie: Zusatzstimme,,,,,5.00,10.00,5.50,EUR,ERP_NET,0.00,true,,,,,,,,,,,,,,,,,,,,false,true,,,,,,,true,MusikHeroes_Noten digital,false,#1 Begleitstimme in C,,ZST OW #1 - Begl. C,XLSX_SOT_NORMALIZED,Produktpalette(2).xlsx:MusikHeroes,20,EXACT,,false,,,
XW-511.05-P,XW-511.05-P,,XW-511.05,844433fa-112b-5076-b3f9-081646d83c74,ZUSATZSTIMME|ohrwürmer #1 - begleitstimme in c,HIGH,false,FORMAT_VARIANT,live,ACTIVE,true,false,MusikHeroes,MusikHeroes,Zusatzstimme,Ohrwürmer,OW,1,Ohrwürmer,ADDITIONAL_VOICE,digital,,,C,,,,,,,PRINT_AT_HOME,Ohrwürmer #1 - Begleitstimme in C,OW#1 Begl-C,OW#1_Begl-C,"Begleitstimme in C (""Leadsheet"") für Klavier, Gitarre, Akkordeon, Diat. Harmonika u.v.m. als PRINT",SOURCE,WIX,"Begleitstimme in C (""Leadsheet"") für Klavier, Gitarre, Akkordeon, Diat. Harmonika u.v.m. als PRINT",,,,,B2B,9.00,10.00,9.90,EUR,ERP_NET,0.00,true,100.0,,,,,,,,,,,,,,,,,,,true,true,product_78b5303f-7435-891a-88d7-0b0e8a6c5a2e,product_78b5303f-7435-891a-88d7-0b0e8a6c5a2e,true,MH-ZST physisch GESAMT|B2B|MusikHeroes-Gesamt,4f718e_7837eac2ccc24756a52991bae3f715ae~mv2.jpg|4f718e_509122f2624348f38aae52a9f4bc22ca~mv2.jpg,"<p>Begleitstimme in C (""Leadsheet"") für Klavier, Gitarre, Akkordeon, Diat. Harmonika u.v.m. als PRINT</p>",true,MusikHeroes_Print@Home,false,#1 Begleitstimme in C 🖨️,Ohrwürmer #1 / Begleitstimme in C [PRINT],ZST OW#1_LS,XLSX_SOT_NORMALIZED,Produktpalette(2).xlsx:MusikHeroes,20,DERIVED,,false,,,
XW-511.06,XW-511.06,,,78585296-a9ee-51b6-b68d-a0864b99f0d5,PLAYALONG|ohrwürmer #1 - playalongs trompete,HIGH,true,CANONICAL,live,ACTIVE,true,false,MusikHeroes,MusikHeroes,Playalong,Ohrwürmer,OW,1,Ohrwürmer,PLAYALONG,digital,Trompete,,,,,,,,,PLAYALONG,Ohrwürmer #1 - Playalongs Trompete,OW#1 PA TRP,OW#1_PA-TRP,Ohrwürmer #1 - Playalongs Trompete ist ein Playalong-Produkt im MusikHeroes-Produktkatalog.,AUTO_DRAFT,GENERATED,Instrument: Trompete,Format: PLAYALONG,Kategorie: Playalong,,,,5.00,10.00,5.50,EUR,ERP_NET,0.00,true,,,,,,,,,,,,,,,,,,,,false,true,,,,,,,true,MusikHeroes_Playalongs digital,false,#1 Playalongs TRP,,Playalongs OW #1 TRP,XLSX_SOT_NORMALIZED,Produktpalette(2).xlsx:MusikHeroes,22,EXACT,,false,,,
XW-511.07,XW-511.07,,,91b2d387-f796-5de1-9723-4f198408780b,PLAYALONG|ohrwürmer #1 - playalongs posaune,HIGH,true,CANONICAL,live,ACTIVE,true,false,MusikHeroes,MusikHeroes,Playalong,Ohrwürmer,OW,1,Ohrwürmer,PLAYALONG,digital,Posaune,,,,,,,,,PLAYALONG,Ohrwürmer #1 - Playalongs Posaune,OW#1 PA POS,OW#1_PA-POS,Ohrwürmer #1 - Playalongs Posaune ist ein Playalong-Produkt im MusikHeroes-Produktkatalog.,AUTO_DRAFT,GENERATED,Instrument: Posaune,Format: PLAYALONG,Kategorie: Playalong,,,,5.00,10.00,5.50,EUR,ERP_NET,0.00,true,,,,,,,,,,,,,,,,,,,,false,true,,,,,,,true,MusikHeroes_Playalongs digital,false,#1 Playalongs POS,,Playalongs OW #1 POS,XLSX_SOT_NORMALIZED,Produktpalette(2).xlsx:MusikHeroes,23,EXACT,,false,,,
XW-511.08,XW-511.08,,,e2f6a6ac-ee88-5526-9e98-b3cca34dc0ca,UNTERRICHTSHEFT|ohrwürmer #1 - f-tuba,HIGH,true,CANONICAL,live,ACTIVE,true,false,MusikHeroes,MusikHeroes,Unterrichtsheft,Ohrwürmer,OW,1,Ohrwürmer,EDITION,physical,F-Tuba,,,,,,,,,PHYSICAL,Ohrwürmer #1 - F-Tuba,OW#1 FTB,OW#1_FTB,"Coole Songs mit Playalongs aus der Serie MusikHeroes
→ 97 coole Songs mit Playalongs für F-Tuba (Schwierigkeit: 1 – sehr leicht)
→ Solostimme für F-Tuba im Bassschlüssel in C
→ Moderne Unterrichtsliteratur - durchdacht konzipiert, humorvoll präsentiert und stilvoll begleitet
→ Alle Playalongs sind mit Band im Studio eingespielt und mittels QR-Code kostenlos zu beziehen",SOURCE,AMAZON,97 coole Songs mit Playalongs für F-Tuba (Schwierigkeit: 1 – sehr leicht),Solostimme für F-Tuba im Bassschlüssel in C,"Moderne Unterrichtsliteratur - durchdacht konzipiert, spannend aufbereitet, humorvoll präsentiert und stilvoll begleitet",Alle Playalongs sind mit einer „echten“ Band im Studio eingespielt und mittels QR-Code kostenlos zu beziehen,,B2B|AMAZON,22.64,10.00,24.90,EUR,ERP_NET,493.00,true,300.0,9783903426139,390342613X,9783903426139,390342613X,DERIVED_FROM_ISBN13_BOOK,false,,MISSING_IN_REPORT,XW-511.08,Aktiv,BRASS_AND_WOODWIND_INSTRUMENTS,EAN,9783903426139,Versand durch Amazon (EU),,"MusikHeroes F-Tuba Noten - Moderne Unterrichtsliteratur mit 97 coole Songs und Playalongs (Schwierigkeit: 1 – sehr leicht), Solostimme im Bassschlüssel in C, Messing, mit Band eingespielt",Ohrwürmer #1 - F-Tuba,"<br><p><strong>Coole Songs mit Playalongs aus der Serie <em>MusikHeroes</em></strong></p> <p>→ 97 coole Songs mit Playalongs für F-Tuba (Schwierigkeit: 1 – sehr leicht)</p> <p>→ Solostimme für F-Tuba im Bassschlüssel in C</p> <p>→ Moderne Unterrichtsliteratur - durchdacht konzipiert, humorvoll präsentiert und stilvoll begleitet</p> <p>→ Alle Playalongs sind mit Band im Studio eingespielt und mittels QR-Code kostenlos zu beziehen</p><br>",true,true,product_9a67dd5b-7a4d-7049-3dee-448eaa99ee60,product_9a67dd5b-7a4d-7049-3dee-448eaa99ee60,true,MusikHeroes-Gesamt|MusikHeroes-Editionen|MH-F-Tuba|B2B,4f718e_a962ba6dd2ea488fa221d5d7ebcecfa7~mv2.jpg|4f718e_90b62089a82342b2b5a598720f6cc14d~mv2.jpg|4f718e_2d28ae45fead40d8905bba269895cf11~mv2.jpg|4f718e_e5a6ceca24114ae2a27f97461a52b095~mv2.jpg,<p><strong>97 Coole Songs mit Playalongs</strong></p><p>für F-Tuba oder Bassposaune in C</p>,true,MusikHeroes,true,Ohrwürmer #1 FTB,Ohrwürmer #1 - F-Tuba,Ohrwürmer #1 FTB,XLSX_SOT_NORMALIZED,Produktpalette(2).xlsx:MusikHeroes,24,EXACT,,false,,,
XW-511.09,XW-511.09,,,17e3934e-3b13-5ef3-aa68-fbea7c45499f,UNTERRICHTSHEFT|ohrwürmer #1 - b-tuba,HIGH,true,CANONICAL,live,ACTIVE,true,false,MusikHeroes,MusikHeroes,Unterrichtsheft,Ohrwürmer,OW,1,Ohrwürmer,EDITION,physical,B-Tuba,,,,,,,,,PHYSICAL,Ohrwürmer #1 - B-Tuba,OW#1 BTB,OW#1_BTB,"97 Coole Songs mit Playalongs
für B-Tuba in C",SOURCE,WIX,für B-Tuba in C,,,,,B2B,22.64,10.00,24.90,EUR,ERP_NET,315.00,true,300.0,,,,,,,,,,,,,,,,,,,true,true,product_e7bc1f8e-e949-9106-21cf-8dd2190bbf9e,product_e7bc1f8e-e949-9106-21cf-8dd2190bbf9e,true,MusikHeroes-Gesamt|MusikHeroes-Editionen|MH-B-Tuba|B2B,4f718e_3b974bacfd4e4e23ac4c114ed5c349ec~mv2.jpg|4f718e_f7cfcc94c45f40c7bb5183f1bf223643~mv2.jpg|4f718e_e12a5a324381452da184af1ed76e748d~mv2.jpg|4f718e_638a588496cb486e918ff61a0e1de31c~mv2.jpg,<p><strong>97 Coole Songs mit Playalongs</strong></p><p>für B-Tuba in C</p>,true,MusikHeroes,false,Ohrwürmer #1 BTB,Ohrwürmer #1 - B-Tuba,Ohrwürmer #1 BTB,XLSX_SOT_NORMALIZED,Produktpalette(2).xlsx:MusikHeroes,25,EXACT,,false,,,
XW-511.10,XW-511.10,,,7d77ea0f-672a-5574-8dac-ec44203e8c1a,PLAYALONG|ohrwürmer #1 - playalongs f-tuba,HIGH,true,CANONICAL,live,ACTIVE,true,false,MusikHeroes,MusikHeroes,Playalong,Ohrwürmer,OW,1,Ohrwürmer,PLAYALONG,digital,F-Tuba,,,,,,,,,PLAYALONG,Ohrwürmer #1 - Playalongs F-Tuba,OW#1 PA FTB,OW#1_PA-FTB,Ohrwürmer #1 - Playalongs F-Tuba ist ein Playalong-Produkt im MusikHeroes-Produktkatalog.,AUTO_DRAFT,GENERATED,Instrument: F-Tuba,Format: PLAYALONG,Kategorie: Playalong,,,,5.00,10.00,5.50,EUR,ERP_NET,0.00,true,,,,,,,,,,,,,,,,,,,,false,true,,,,,,,true,XeisWorks digital,false,#1 Playalongs FTB,,Playalongs OW#1 FTB,XLSX_SOT_NORMALIZED,Produktpalette(2).xlsx:MusikHeroes,26,EXACT,,false,,,
XW-511.11,XW-511.11,,,604da4b2-9c79-5eb2-a980-c2d787f0c248,PLAYALONG|ohrwürmer #1 - playalongs b-tuba,HIGH,true,CANONICAL,live,ACTIVE,true,false,MusikHeroes,MusikHeroes,Playalong,Ohrwürmer,OW,1,Ohrwürmer,PLAYALONG,digital,B-Tuba,,,,,,,,,PLAYALONG,Ohrwürmer #1 - Playalongs B-Tuba,OW#1 PA BTB,OW#1_PA-BTB,Ohrwürmer #1 - Playalongs B-Tuba ist ein Playalong-Produkt im MusikHeroes-Produktkatalog.,AUTO_DRAFT,GENERATED,Instrument: B-Tuba,Format: PLAYALONG,Kategorie: Playalong,,,,5.00,10.00,5.50,EUR,ERP_NET,0.00,true,,,,,,,,,,,,,,,,,,,,false,true,,,,,,,true,XeisWorks digital,false,#1 Playalongs BTB,,Playalongs OW#1 BTB,XLSX_SOT_NORMALIZED,Produktpalette(2).xlsx:MusikHeroes,27,EXACT,,false,,,
XW-511.12,XW-511.12,,,b74b9e70-9d6e-5818-a766-01aba81dca34,PLAYALONG|ohrwürmer #1 - playalongs in c,HIGH,true,CANONICAL,live,ACTIVE,true,false,MusikHeroes,MusikHeroes,Playalong,Ohrwürmer,OW,1,Ohrwürmer,PLAYALONG,digital,,,C,,,,,,,PLAYALONG,Ohrwürmer #1 - Playalongs in C,OW#1 PA in C,OW#1_PA-in C,Ohrwürmer #1 - Playalongs in C ist ein Playalong-Produkt im MusikHeroes-Produktkatalog.,AUTO_DRAFT,GENERATED,Format: PLAYALONG,Kategorie: Playalong,,,,,5.00,10.00,5.50,EUR,ERP_NET,0.00,true,,,,,,,,,,,,,,,,,,,,false,true,,,,,,,true,MusikHeroes_Playalongs digital,false,#1 Playalongs in C,,Playalongs OW#1 in C,XLSX_SOT_NORMALIZED,Produktpalette(2).xlsx:MusikHeroes,28,EXACT,,false,,,
XW-511.13,XW-511.13,,,fbc3bfa1-bfc6-5a37-b222-5b6442b10c3a,ZUSATZSTIMME|ohrwürmer #1 - 2. stimme in b (hoch),HIGH,true,CANONICAL,live,ACTIVE,true,false,MusikHeroes,MusikHeroes,Zusatzstimme,Ohrwürmer,OW,1,Ohrwürmer,ADDITIONAL_VOICE,digital,,2,B,hoch,,,,,,DIGITAL,Ohrwürmer #1 - 2. Stimme in B (hoch),OW#1 2B-h,OW#1_2B-h,Ohrwürmer #1 - 2. Stimme in B (hoch) ist eine Zusatzstimmen-Ausgabe im MusikHeroes-Produktkatalog.,AUTO_DRAFT,GENERATED,Format: DIGITAL,Kategorie: Zusatzstimme,,,,,5.00,10.00,5.50,EUR,ERP_NET,0.00,true,,,,,,,,,,,,,,,,,,,,false,true,,,,,,,true,MusikHeroes_Noten digital,false,#1 Zusatzstimme in B (hoch),,ZST OW#1- 2.St. B hoch,XLSX_SOT_NORMALIZED,Produktpalette(2).xlsx:MusikHeroes,29,EXACT,,false,,,
XW-511.13-P,XW-511.13-P,,XW-511.13,fbc3bfa1-bfc6-5a37-b222-5b6442b10c3a,ZUSATZSTIMME|ohrwürmer #1 - 2. stimme in b (hoch),HIGH,false,FORMAT_VARIANT,live,ACTIVE,true,false,MusikHeroes,MusikHeroes,Zusatzstimme,Ohrwürmer,OW,1,Ohrwürmer,ADDITIONAL_VOICE,digital,,2,B,hoch,,,,,,PRINT_AT_HOME,Ohrwürmer #1 - 2. Stimme in B (hoch),OW#1 2B-h,OW#1_2B-h,2.Stimme in B (hoch) für Tenorhorn und andere Instrumente im Violinschlüssel in B als PRINT,SOURCE,WIX,2.Stimme in B (hoch) für Tenorhorn und andere Instrumente im Violinschlüssel in B als PRINT,,,,,B2B,9.00,10.00,9.90,EUR,ERP_NET,0.00,true,100.0,,,,,,,,,,,,,,,,,,,true,true,product_0c0c367d-72f9-8256-0e7a-1b49a2e22b52,product_0c0c367d-72f9-8256-0e7a-1b49a2e22b52,true,MH-ZST physisch GESAMT|B2B|MusikHeroes-Gesamt,4f718e_0c0805225b894c1282ac7dab5a2af1e8~mv2.jpg|4f718e_b73e970f720f492f879aece2b1e62ea8~mv2.jpg,<p>2.Stimme in B (hoch) für Tenorhorn und andere Instrumente im Violinschlüssel in B<strong>&nbsp;</strong>als PRINT</p>,true,MusikHeroes_Print@Home,false,#1 Zusatzstimme in B (hoch)  🖨️,Ohrwürmer #1 / 2.Stimme in B (hoch) [PRINT],ZST OW#1_2B-hoch,XLSX_SOT_NORMALIZED,Produktpalette(2).xlsx:MusikHeroes,29,DERIVED,,false,,,
XW-511.14,XW-511.14,,,01648394-51fb-55a2-8494-71131d8ef272,ZUSATZSTIMME|ohrwürmer #1 - 2. stimme in f,HIGH,true,CANONICAL,live,ACTIVE,true,false,MusikHeroes,MusikHeroes,Zusatzstimme,Ohrwürmer,OW,1,Ohrwürmer,ADDITIONAL_VOICE,digital,,2,F,,,,,,,DIGITAL,Ohrwürmer #1 - 2. Stimme in F,OW#1 2F,OW#1_2F,Ohrwürmer #1 - 2. Stimme in F ist eine Zusatzstimmen-Ausgabe im MusikHeroes-Produktkatalog.,AUTO_DRAFT,GENERATED,Format: DIGITAL,Kategorie: Zusatzstimme,,,,,,10.00,,EUR,,,,,,,,,,,,,,,,,,,,,,,false,true,,,,,,,false,,false,#1 Zusatzstimme in F,,,XLSX_SOT_NORMALIZED,Produktpalette(2).xlsx:MusikHeroes,31,EXACT,,false,,,
XW-511.15,XW-511.15,,,9cb59aa4-0f0f-528f-a45d-c096668e18b7,RESERVED|XW-511.15,LOW,true,CANONICAL,draft,RESERVED,false,false,MusikHeroes,MusikHeroes,Reserviert,Ohrwürmer,OW,,,RESERVED,physical,,,,,,,,,,PHYSICAL,Reserviert - XW-511.15,Reserviert XW-511.15,XW-511.15,Reserviert - XW-511.15 ist eine reservierte Artikelnummer im XW Product Hub.,AUTO_DRAFT,GENERATED,Format: PHYSICAL,,,,,,,10.00,,EUR,,,,,,,,,,,,,,,,,,,,,,,false,false,,,,,,,false,,false,-- FREI --,,,XLSX_SOT_RESERVED,Produktpalette(2).xlsx:MusikHeroes,32,RESERVED,,false,,,
XW-511.16,XW-511.16,,,cf397c15-bbf5-54da-8695-7a400920b46e,RESERVED|XW-511.16,LOW,true,CANONICAL,draft,RESERVED,false,false,MusikHeroes,MusikHeroes,Reserviert,Ohrwürmer,OW,1,,RESERVED,digital,Horn,,,,,,,,,PLAYALONG,Reserviert - XW-511.16,Reserviert XW-511.16,XW-511.16,Reserviert - XW-511.16 ist eine reservierte Artikelnummer im XW Product Hub.,AUTO_DRAFT,GENERATED,Instrument: Horn,Format: PLAYALONG,,,,,5.00,10.00,5.50,EUR,ERP_NET,0.00,true,,,,,,,,,,,,,,,,,,,,false,false,,,,,,,true,MusikHeroes_Playalongs digital,false,-- FREI --,,Playalongs OW#1 HRN,XLSX_SOT_RESERVED,Produktpalette(2).xlsx:MusikHeroes,33,RESERVED,,true,SOT reserviert XW-511.16; sevdesk-Playalong auf XW-511.17 umnummerieren.,,SOT reserves this SKU; any external channel usage should be corrected.
XW-511.17,XW-511.17,,,41a1d35f-d786-5893-a150-c870bf0b10c7,PLAYALONG|ohrwürmer #1 - playalongs horn,HIGH,true,CANONICAL,live,ACTIVE,true,false,MusikHeroes,MusikHeroes,Playalong,Ohrwürmer,OW,1,Ohrwürmer,PLAYALONG,digital,Horn,,,,,,,,,PLAYALONG,Ohrwürmer #1 - Playalongs Horn,OW#1 PA HRN,OW#1_PA-HRN,Ohrwürmer #1 - Playalongs Horn ist ein Playalong-Produkt im MusikHeroes-Produktkatalog.,AUTO_DRAFT,GENERATED,Instrument: Horn,Format: PLAYALONG,Kategorie: Playalong,,,,,10.00,,EUR,,,,,,,,,,,,,,,,,,,,,,,false,true,,,,,,,false,,false,#1 Playalongs HRN,,,XLSX_SOT_NORMALIZED,Produktpalette(2).xlsx:MusikHeroes,34,EXACT,,true,Ziel-SKU für das derzeit fälschlich als XW-511.16 geführte Ohrwürmer-#1-Horn-Playalong.,,
XW-511.18,XW-511.18,,,eeb7a271-d309-5355-a70a-d05e961cd136,RESERVED|XW-511.18,LOW,true,CANONICAL,draft,RESERVED,false,false,MusikHeroes,MusikHeroes,Reserviert,Ohrwürmer,OW,,,RESERVED,physical,,,,,,,,,,PHYSICAL,Reserviert - XW-511.18,Reserviert XW-511.18,XW-511.18,Reserviert - XW-511.18 ist eine reservierte Artikelnummer im XW Product Hub.,AUTO_DRAFT,GENERATED,Format: PHYSICAL,,,,,,,10.00,,EUR,,,,,,,,,,,,,,,,,,,,,,,false,false,,,,,,,false,,false,,,,XLSX_SOT_RESERVED,Produktpalette(2).xlsx:MusikHeroes,35,RESERVED,,false,,,
XW-511.19,XW-511.19,,,2e6784b4-65bc-53b6-835e-30236fef9460,RESERVED|XW-511.19,LOW,true,CANONICAL,draft,RESERVED,false,false,MusikHeroes,MusikHeroes,Reserviert,Ohrwürmer,OW,,,RESERVED,physical,,,,,,,,,,PHYSICAL,Reserviert - XW-511.19,Reserviert XW-511.19,XW-511.19,Reserviert - XW-511.19 ist eine reservierte Artikelnummer im XW Product Hub.,AUTO_DRAFT,GENERATED,Format: PHYSICAL,,,,,,,10.00,,EUR,,,,,,,,,,,,,,,,,,,,,,,false,false,,,,,,,false,,false,,,,XLSX_SOT_RESERVED,Produktpalette(2).xlsx:MusikHeroes,36,RESERVED,,false,,,
XW-511.20,XW-511.20,,,8c161ede-5cf7-5c0c-9f70-a789275b4643,RESERVED|XW-511.20,LOW,true,CANONICAL,draft,RESERVED,false,false,MusikHeroes,MusikHeroes,Reserviert,Ohrwürmer,OW,,,RESERVED,physical,,,,,,,,,,PHYSICAL,Reserviert - XW-511.20,Reserviert XW-511.20,XW-511.20,Reserviert - XW-511.20 ist eine reservierte Artikelnummer im XW Product Hub.,AUTO_DRAFT,GENERATED,Format: PHYSICAL,,,,,,,10.00,,EUR,,,,,,,,,,,,,,,,,,,,,,,false,false,,,,,,,false,,false,,,,XLSX_SOT_RESERVED,Produktpalette(2).xlsx:MusikHeroes,37,RESERVED,,false,,,
XW-512.01,XW-512.01,,,6e7d28cc-4272-529a-bb4b-47c1cfdf216f,UNTERRICHTSHEFT|ohrwürmer #2 - trompete,HIGH,true,CANONICAL,live,ACTIVE,true,false,MusikHeroes,MusikHeroes,Unterrichtsheft,Ohrwürmer,OW,2,Ohrwürmer,EDITION,physical,Trompete,,,,,,,,,PHYSICAL,Ohrwürmer #2 - Trompete,OW#2 TRP,OW#2_TRP,"Coole Songs mit Playalongs aus der Serie MusikHeroes
→ 94 coole Songs mit Playalongs für Trompete (Schwierigkeit: 2 – leicht)
→ Solostimme für Trompete, Tenorhorn oder andere Instrumente im Violinschlüssel in B
→ Moderne Unterrichtsliteratur - durchdacht konzipiert, humorvoll präsentiert und stilvoll begleitet
→ Alle Playalongs sind mittels QR-Code kostenlos zu beziehen",SOURCE,AMAZON,94 coole Songs mit Playalongs für Trompete (Schwierigkeit: 2 – leicht),"Solostimme für Trompete, Tenorhorn oder andere Instrumente im Violinschlüssel in B","Moderne Unterrichtsliteratur - durchdacht konzipiert, humorvoll präsentiert und stilvoll begleitet",Alle Playalongs sind mittels QR-Code kostenlos zu beziehen,,B2B|AMAZON,22.64,10.00,24.90,EUR,ERP_NET,1975.00,true,300.0,9783903426092,3903426091,,3903426091,DERIVED_FROM_ISBN13_BOOK,false,,MISSING_IN_REPORT,XW-512.01,Aktiv,ABIS_BOOK,ISBN,9783903426092,Versand durch Amazon (EU),,Ohrwürmer #2 - Trompete [MusikHeroes],Ohrwürmer #2 - Trompete,"<br><p><strong>Coole Songs mit Playalongs aus der Serie <em>MusikHeroes</em></strong></p> <p>→ 94 coole Songs mit Playalongs für Trompete (Schwierigkeit: 2 – leicht)</p> <p>→ Solostimme für Trompete, Tenorhorn oder andere Instrumente im Violinschlüssel in Bb</p> <p>→ Moderne Unterrichtsliteratur - durchdacht konzipiert, humorvoll präsentiert und stilvoll begleitet</p> <p>→ Alle Playalongs sind mittels QR-Code kostenlos zu beziehen</p><br>",true,true,product_e9bd5a50-ef0c-0fc0-9ed1-b1274a4644f1,product_e9bd5a50-ef0c-0fc0-9ed1-b1274a4644f1,true,MusikHeroes-Editionen|MH-Trompete|B2B,4f718e_90de3a85f72b46bfb6887ee331d694d0~mv2.jpg|4f718e_799d5d7d5b8b41aaba95dee2c128431f~mv2.jpg|4f718e_e6f43f93574a4774a5c5210788d0f427~mv2.jpg|4f718e_5a4332a1af1e4c13a9680cc84e7d20d7~mv2.jpg,<p><strong>94 Coole Songs mit Playalongs</strong></p><p>für Instrumente im Violinschlüssel&nbsp;in Bb</p>,true,MusikHeroes,true,Ohrwürmer #2 TRP,Ohrwürmer #2 - Trompete,Ohrwürmer #2 TRP,XLSX_SOT_NORMALIZED,Produktpalette(2).xlsx:MusikHeroes,42,EXACT,,false,,,
XW-512.02,XW-512.02,,,303a2e26-73e1-519a-b830-b3732700cec7,UNTERRICHTSHEFT|ohrwürmer #2 - posaune,HIGH,true,CANONICAL,live,ACTIVE,true,false,MusikHeroes,MusikHeroes,Unterrichtsheft,Ohrwürmer,OW,2,Ohrwürmer,EDITION,physical,Posaune,,,,,,,,,PHYSICAL,Ohrwürmer #2 - Posaune,OW#2 POS,OW#2_POS,"Coole Songs mit Playalongs aus der Serie MusikHeroes
→ 94 coole Songs mit Playalongs für Posaune (Schwierigkeit: 2 – leicht)
→ Solostimme für Posaune, Euphonium oder andere Instrumente im Bassschlüssel in C
→ Moderne Unterrichtsliteratur - durchdacht konzipiert, humorvoll präsentiert und stilvoll begleitet
→ Alle Playalongs sind mittels QR-Code kostenlos zu beziehen",SOURCE,AMAZON,94 coole Songs mit Playalongs für Posaune (Schwierigkeit: 2 – leicht),"Solostimme für Posaune, Euphonium oder andere Instrumente im Bassschlüssel in C","Moderne Unterrichtsliteratur - durchdacht konzipiert, spannend aufbereitet, humorvoll präsentiert und stilvoll begleitet",Alle Playalongs sind mittels QR-Code kostenlos zu beziehen,,B2B|AMAZON,22.64,10.00,24.90,EUR,ERP_NET,960.00,true,300.0,9783903426108,3903426105,,3903426105,DERIVED_FROM_ISBN13_BOOK,false,,MISSING_IN_REPORT,XW-512.02,Aktiv,DOWNLOADABLE_MUSIC_ALBUM,ISBN,9783903426108,,,Ohrwürmer #2 - Posaune [MusikHeroes],Ohrwürmer #2 - Posaune,"<br><p><strong>Coole Songs mit Playalongs aus der Serie <em>MusikHeroes</em></strong></p> <p>&rarr; 94 coole Songs mit Playalongs f&uuml;r Posaune (Schwierigkeit: 2 &ndash; leicht)</p> <p>&rarr; Solostimme f&uuml;r Posaune, Euphonium oder andere Instrumente im Bassschl&uuml;ssel in C</p> <p>&rarr; Moderne Unterrichtsliteratur - durchdacht konzipiert, humorvoll präsentiert und stilvoll begleitet</p> <p>&rarr; Alle Playalongs sind mittels QR-Code kostenlos zu beziehen</p><br>",true,true,product_4f706196-7b63-cc4b-0ec5-4003a0886fec,product_4f706196-7b63-cc4b-0ec5-4003a0886fec,true,MusikHeroes-Editionen|MH-Posaune|B2B,4f718e_5191b9dce8424a668b0ac951acc45831~mv2.jpg|4f718e_4a888a61c196452486eb3a68cb888349~mv2.jpg|4f718e_a4e838a7ac65494fa3835af9924c0a8d~mv2.jpg|4f718e_ae0d32e0b71240f9ae4590db8e8c532a~mv2.jpg,<p><strong>94 Coole Songs mit Playalongs</strong></p><p>für Instrumente im Bassschlüssel in C</p>,true,MusikHeroes,true,Ohrwürmer #2 POS,Ohrwürmer #2 - Posaune,Ohrwürmer #2 POS,XLSX_SOT_NORMALIZED,Produktpalette(2).xlsx:MusikHeroes,43,EXACT,,false,,,
XW-512.03,XW-512.03,,,3bb8b196-42f3-5869-b96f-ac51bf08fb4f,ZUSATZSTIMME|ohrwürmer #2 - 2. stimme in b (tief),HIGH,true,CANONICAL,live,ACTIVE,true,false,MusikHeroes,MusikHeroes,Zusatzstimme,Ohrwürmer,OW,2,Ohrwürmer,ADDITIONAL_VOICE,digital,,2,B,tief,,,,,,DIGITAL,Ohrwürmer #2 - 2. Stimme in B (tief),OW#2 2B-t,OW#2_2B-t,Ohrwürmer #2 - 2. Stimme in B (tief) ist eine Zusatzstimmen-Ausgabe im MusikHeroes-Produktkatalog.,AUTO_DRAFT,GENERATED,Format: DIGITAL,Kategorie: Zusatzstimme,,,,,5.00,10.00,5.50,EUR,ERP_NET,0.00,true,,,,,,,,,,,,,,,,,,,,false,true,,,,,,,true,MusikHeroes_Noten digital,false,#2 Zusatzstimme in B (tief),,ZST OW #2 - 2.Stimme B,XLSX_SOT_NORMALIZED,Produktpalette(2).xlsx:MusikHeroes,44,EXACT,,false,,,
XW-512.03-P,XW-512.03-P,,XW-512.03,3bb8b196-42f3-5869-b96f-ac51bf08fb4f,ZUSATZSTIMME|ohrwürmer #2 - 2. stimme in b (tief),HIGH,false,FORMAT_VARIANT,live,ACTIVE,true,false,MusikHeroes,MusikHeroes,Zusatzstimme,Ohrwürmer,OW,2,Ohrwürmer,ADDITIONAL_VOICE,digital,,2,B,tief,,,,,,PRINT_AT_HOME,Ohrwürmer #2 - 2. Stimme in B (tief),OW#2 2B-t,OW#2_2B-t,2.Stimme in B (tief) für Trompete und andere Instrumente im Violinschlüssel in B als PRINT,SOURCE,WIX,2.Stimme in B (tief) für Trompete und andere Instrumente im Violinschlüssel in B als PRINT,,,,,B2B,9.00,10.00,9.90,EUR,ERP_NET,0.00,false,100.0,,,,,,,,,,,,,,,,,,,true,true,product_1718ce62-35e5-c5b1-0cad-45006267f19b,product_1718ce62-35e5-c5b1-0cad-45006267f19b,true,MH-ZST physisch GESAMT|B2B|MusikHeroes-Gesamt,4f718e_afb25dff936745a9a1a01659c708fb95~mv2.jpg|4f718e_16f172e08f4f4d38a4266f99c2dcd97f~mv2.jpg,<p>2.Stimme in B (tief) für Trompete und andere Instrumente im Violinschlüssel in B<strong>&nbsp;</strong>als PRINT</p>,true,MusikHeroes_Print@Home,false,#2 Zusatzstimme in B (tief) 🖨️,Ohrwürmer #2 / 2.Stimme in B (tief) [PRINT],Ohrwürmer #2,XLSX_SOT_NORMALIZED,Produktpalette(2).xlsx:MusikHeroes,44,DERIVED,,false,,,
XW-512.04,XW-512.04,,,2d7f8d1c-929c-5f09-a27a-f348823b4e4f,ZUSATZSTIMME|ohrwürmer #2 - 2. stimme in c,HIGH,true,CANONICAL,live,ACTIVE,true,false,MusikHeroes,MusikHeroes,Zusatzstimme,Ohrwürmer,OW,2,Ohrwürmer,ADDITIONAL_VOICE,digital,,2,C,,,,,,,DIGITAL,Ohrwürmer #2 - 2. Stimme in C,OW#2 2C,OW#2_2C,Ohrwürmer #2 - 2. Stimme in C ist eine Zusatzstimmen-Ausgabe im MusikHeroes-Produktkatalog.,AUTO_DRAFT,GENERATED,Format: DIGITAL,Kategorie: Zusatzstimme,,,,,5.00,10.00,5.50,EUR,ERP_NET,0.00,true,,,,,,,,,,,,,,,,,,,,false,true,,,,,,,true,MusikHeroes_Noten digital,false,#2 Zusatzstimme in C,,ZST OW #2 - 2.Stimme C,XLSX_SOT_NORMALIZED,Produktpalette(2).xlsx:MusikHeroes,46,EXACT,,false,,,
XW-512.04-P,XW-512.04-P,,XW-512.04,2d7f8d1c-929c-5f09-a27a-f348823b4e4f,ZUSATZSTIMME|ohrwürmer #2 - 2. stimme in c,HIGH,false,FORMAT_VARIANT,live,ACTIVE,true,false,MusikHeroes,MusikHeroes,Zusatzstimme,Ohrwürmer,OW,2,Ohrwürmer,ADDITIONAL_VOICE,digital,,2,C,,,,,,,PRINT_AT_HOME,Ohrwürmer #2 - 2. Stimme in C,OW#2 2C,OW#2_2C,2.Stimme in C für Posaune und andere Instrumente im Bassschlüssel in C als PRINT,SOURCE,WIX,2.Stimme in C für Posaune und andere Instrumente im Bassschlüssel in C als PRINT,,,,,B2B,9.00,10.00,9.90,EUR,ERP_NET,0.00,true,100.0,,,,,,,,,,,,,,,,,,,true,true,product_b194842a-aa13-baf4-a64b-98d35696d9c1,product_b194842a-aa13-baf4-a64b-98d35696d9c1,true,MH-ZST physisch GESAMT|B2B|MusikHeroes-Gesamt,4f718e_c2e9de0205824e95add7e19ef1467b0c~mv2.jpg|4f718e_9bced11033f64eec8ba0689c6fafb302~mv2.jpg,<p>2.Stimme in C für Posaune und andere Instrumente im Bassschlüssel in C<strong>&nbsp;</strong>als PRINT</p>,true,MusikHeroes_Print@Home,false,#2 Zusatzstimme in C 🖨️,Ohrwürmer #2 / 2.Stimme in C [BS] [PRINT],ZST OW#2_2C [BS],XLSX_SOT_NORMALIZED,Produktpalette(2).xlsx:MusikHeroes,46,DERIVED,,false,,,
XW-512.05,XW-512.05,,,5761b059-dcb0-5f26-8ac9-06c5c9e67812,ZUSATZSTIMME|ohrwürmer #2 - begleitstimme in c,HIGH,true,CANONICAL,live,ACTIVE,true,false,MusikHeroes,MusikHeroes,Zusatzstimme,Ohrwürmer,OW,2,Ohrwürmer,ADDITIONAL_VOICE,digital,,,C,,,,,,,DIGITAL,Ohrwürmer #2 - Begleitstimme in C,OW#2 Begl-C,OW#2_Begl-C,Ohrwürmer #2 - Begleitstimme in C ist eine Zusatzstimmen-Ausgabe im MusikHeroes-Produktkatalog.,AUTO_DRAFT,GENERATED,Format: DIGITAL,Kategorie: Zusatzstimme,,,,,5.00,10.00,5.50,EUR,ERP_NET,0.00,true,,,,,,,,,,,,,,,,,,,,false,true,,,,,,,true,MusikHeroes_Noten digital,false,#2 Begleitstimme in C,,ZST OW #2 - Begl. C,XLSX_SOT_NORMALIZED,Produktpalette(2).xlsx:MusikHeroes,48,EXACT,,false,,,
XW-512.05-P,XW-512.05-P,,XW-512.05,5761b059-dcb0-5f26-8ac9-06c5c9e67812,ZUSATZSTIMME|ohrwürmer #2 - begleitstimme in c,HIGH,false,FORMAT_VARIANT,live,ACTIVE,true,false,MusikHeroes,MusikHeroes,Zusatzstimme,Ohrwürmer,OW,2,Ohrwürmer,ADDITIONAL_VOICE,digital,,,C,,,,,,,PRINT_AT_HOME,Ohrwürmer #2 - Begleitstimme in C,OW#2 Begl-C,OW#2_Begl-C,"Begleitstimme in C (""Leadsheet"") für Klavier, Gitarre, Akkordeon, Diat. Harmonika u.v.m. als PRINT",SOURCE,WIX,"Begleitstimme in C (""Leadsheet"") für Klavier, Gitarre, Akkordeon, Diat. Harmonika u.v.m. als PRINT",,,,,B2B,9.00,10.00,9.90,EUR,ERP_NET,0.00,true,100.0,,,,,,,,,,,,,,,,,,,true,true,product_8203195a-13e4-2634-0201-2a1a15a763bf,product_8203195a-13e4-2634-0201-2a1a15a763bf,true,MH-ZST physisch GESAMT|B2B|MusikHeroes-Gesamt,4f718e_70438a5b678e4146a9aacf0cf0a7ac34~mv2.jpg|4f718e_e6e65eb3ba7d449088c88e05841b5660~mv2.jpg,"<p>Begleitstimme in C (""Leadsheet"") für Klavier, Gitarre, Akkordeon, Diat. Harmonika u.v.m. als PRINT</p>",true,MusikHeroes_Print@Home,false,#2 Begleitstimme in C 🖨️,Ohrwürmer #2 / Begleitstimme in C [PRINT],ZST OW#2_LS,XLSX_SOT_NORMALIZED,Produktpalette(2).xlsx:MusikHeroes,48,DERIVED,,false,,,
XW-512.06,XW-512.06,,,ed4e09f4-6aff-5041-82e6-7ba04cce5782,PLAYALONG|ohrwürmer #2 - playalongs trompete,HIGH,true,CANONICAL,live,ACTIVE,true,false,MusikHeroes,MusikHeroes,Playalong,Ohrwürmer,OW,2,Ohrwürmer,PLAYALONG,digital,Trompete,,,,,,,,,PLAYALONG,Ohrwürmer #2 - Playalongs Trompete,OW#2 PA TRP,OW#2_PA-TRP,Ohrwürmer #2 - Playalongs Trompete ist ein Playalong-Produkt im MusikHeroes-Produktkatalog.,AUTO_DRAFT,GENERATED,Instrument: Trompete,Format: PLAYALONG,Kategorie: Playalong,,,,5.00,10.00,5.50,EUR,ERP_NET,0.00,true,,,,,,,,,,,,,,,,,,,,false,true,,,,,,,true,MusikHeroes_Playalongs digital,false,#2 Playalongs TRP,,Playalongs OW#2 TRP,XLSX_SOT_NORMALIZED,Produktpalette(2).xlsx:MusikHeroes,50,EXACT,,false,,,
XW-512.07,XW-512.07,,,4d02234e-895e-5d25-ba3d-bb5402bf8c59,PLAYALONG|ohrwürmer #2 - playalongs posaune,HIGH,true,CANONICAL,live,ACTIVE,true,false,MusikHeroes,MusikHeroes,Playalong,Ohrwürmer,OW,2,Ohrwürmer,PLAYALONG,digital,Posaune,,,,,,,,,PLAYALONG,Ohrwürmer #2 - Playalongs Posaune,OW#2 PA POS,OW#2_PA-POS,Ohrwürmer #2 - Playalongs Posaune ist ein Playalong-Produkt im MusikHeroes-Produktkatalog.,AUTO_DRAFT,GENERATED,Instrument: Posaune,Format: PLAYALONG,Kategorie: Playalong,,,,5.00,10.00,5.50,EUR,ERP_NET,0.00,true,,,,,,,,,,,,,,,,,,,,false,true,,,,,,,true,MusikHeroes_Playalongs digital,false,#2 Playalongs POS,,Playalongs OW#2 POS,XLSX_SOT_NORMALIZED,Produktpalette(2).xlsx:MusikHeroes,51,EXACT,,false,,,
XW-512.08,XW-512.08,,,12a8279c-036f-519a-901c-e54c34ae53a9,UNTERRICHTSHEFT|ohrwürmer #2 - f-tuba,HIGH,true,CANONICAL,live,ACTIVE,true,false,MusikHeroes,MusikHeroes,Unterrichtsheft,Ohrwürmer,OW,2,Ohrwürmer,EDITION,physical,F-Tuba,,,,,,,,,PHYSICAL,Ohrwürmer #2 - F-Tuba,OW#2 FTB,OW#2_FTB,"Coole Songs mit Playalongs aus der Serie MusikHeroes
→ 94 coole Songs mit Playalongs für F-Tuba (Schwierigkeit: 2 – leicht)
→ Solostimme für F-Tuba im Bassschlüssel in C
→ Moderne Unterrichtsliteratur - durchdacht konzipiert, humorvoll präsentiert und stilvoll begleitet
→ Alle Playalongs sind mittels QR-Code kostenlos zu beziehen",SOURCE,AMAZON,94 coole Songs mit Playalongs für F-Tuba (Schwierigkeit: 2 – leicht),Solostimme für F-Tuba im Bassschlüssel in C,"Moderne Unterrichtsliteratur - durchdacht konzipiert, spannend aufbereitet, humorvoll präsentiert und stilvoll begleitet",Alle Playalongs sind mittels QR-Code kostenlos zu beziehen,,B2B|AMAZON,22.64,10.00,24.90,EUR,ERP_NET,493.00,true,300.0,9783903426146,3903426148,9783903426146,3903426148,DERIVED_FROM_ISBN13_BOOK,false,,MISSING_IN_REPORT,XW-512.08,Aktiv,BRASS_AND_WOODWIND_INSTRUMENTS,EAN,9783903426146,Versand durch Amazon (EU),,Ohrwürmer #2 - F-Tuba,Ohrwürmer #2 - F-Tuba,"<br><p><strong>Coole Songs mit Playalongs aus der Serie <em>MusikHeroes</em></strong></p> <p>→ 94 coole Songs mit Playalongs für F-Tuba (Schwierigkeit: 2 – leicht)</p> <p>→ Solostimme für F-Tuba im Bassschlüssel in C</p> <p>→ Moderne Unterrichtsliteratur - durchdacht konzipiert, humorvoll präsentiert und stilvoll begleitet</p> <p>→ Alle Playalongs sind mittels QR-Code kostenlos zu beziehen</p><br>",true,true,product_03d79986-d82c-83c5-b23c-ef0a26add194,product_03d79986-d82c-83c5-b23c-ef0a26add194,true,MusikHeroes-Editionen|MH-F-Tuba|MusikHeroes-Gesamt|B2B,4f718e_48eac2274b95480f89e1fa653c3942c5~mv2.jpg|4f718e_76602e90419a40d1b937f05a60288f71~mv2.jpg|4f718e_c16b1d4c306648fcb78bd1639c102321~mv2.jpg|4f718e_14f76c8723ae4ecaa95afc2c0ddf23c0~mv2.jpg,<p><strong>94 Coole Songs mit Playalongs</strong></p><p>für F-Tuba oder Bassposaune in C</p>,true,MusikHeroes,true,Ohrwürmer #2 FTB,Ohrwürmer #2 - F-Tuba,Ohrwürmer #2 FTB,XLSX_SOT_NORMALIZED,Produktpalette(2).xlsx:MusikHeroes,52,EXACT,,false,,,
XW-512.09,XW-512.09,,,55ca7eb9-171e-5614-b8ed-2073bbd56c12,UNTERRICHTSHEFT|ohrwürmer #2 - b-tuba,HIGH,true,CANONICAL,live,ACTIVE,true,false,MusikHeroes,MusikHeroes,Unterrichtsheft,Ohrwürmer,OW,2,Ohrwürmer,EDITION,physical,B-Tuba,,,,,,,,,PHYSICAL,Ohrwürmer #2 - B-Tuba,OW#2 BTB,OW#2_BTB,"Coole Songs mit Playalongs aus der Serie MusikHeroes
→ 94 coole Songs mit Playalongs für B-Tuba (Schwierigkeit: 2 – leicht)
→ Solostimme für B-Tuba im Bassschlüssel in C
→ Moderne Unterrichtsliteratur - durchdacht konzipiert, humorvoll präsentiert und stilvoll begleitet
→ Alle Playalongs sind mittels QR-Code kostenlos zu beziehen",SOURCE,AMAZON,94 coole Songs mit Playalongs für B-Tuba (Schwierigkeit: 2 – leicht),Solostimme für B-Tuba im Bassschlüssel in C,"Moderne Unterrichtsliteratur - durchdacht konzipiert, spannend aufbereitet, humorvoll präsentiert und stilvoll begleitet",Alle Playalongs sind mittels QR-Code kostenlos zu beziehen,,B2B|AMAZON,22.64,10.00,24.90,EUR,ERP_NET,233.00,true,300.0,9783903426184,3903426180,9783903426184,3903426180,DERIVED_FROM_ISBN13_BOOK,false,,MISSING_IN_REPORT,XW-512.09,Aktiv,BRASS_AND_WOODWIND_INSTRUMENTS,EAN,9783903426184,Versand durch Amazon (EU),,Ohrwürmer #2 - B-Tuba,Ohrwürmer #2 - B-Tuba,"<br><p><strong>Coole Songs mit Playalongs aus der Serie <em>MusikHeroes</em></strong></p> <p>→ 94 coole Songs mit Playalongs für B-Tuba (Schwierigkeit: 2 – leicht)</p> <p>→ Solostimme für B-Tuba im Bassschlüssel in C</p> <p>→ Moderne Unterrichtsliteratur - durchdacht konzipiert, humorvoll präsentiert und stilvoll begleitet</p> <p>→ Alle Playalongs sind mittels QR-Code kostenlos zu beziehen</p><br>",true,true,product_77d53dc4-f51d-0951-53b5-65b64db87946,product_77d53dc4-f51d-0951-53b5-65b64db87946,true,MusikHeroes-Editionen|MusikHeroes-Gesamt|MH-B-Tuba|B2B,4f718e_9205fadbbeca40ee9af2a2c4a366233d~mv2.jpg|4f718e_e423adfcdb0e43d4a56cc6fc1b32caba~mv2.jpg|4f718e_e97cf5c0499f43de9697232195905266~mv2.jpg|4f718e_c698030f80d7431aa08ff650dba990f9~mv2.jpg,<p><strong>94 Coole Songs mit Playalongs</strong></p><p>für B-Tuba in C</p>,true,MusikHeroes,true,Ohrwürmer #2 BTB,Ohrwürmer #2 - B-Tuba,Ohrwürmer #2 BTB,XLSX_SOT_NORMALIZED,Produktpalette(2).xlsx:MusikHeroes,53,EXACT,,false,,,
XW-512.10,XW-512.10,,,222540c3-f4f7-5d38-b296-2bd2aae2a628,PLAYALONG|ohrwürmer #2 - playalongs f-tuba,HIGH,true,CANONICAL,live,ACTIVE,true,false,MusikHeroes,MusikHeroes,Playalong,Ohrwürmer,OW,2,Ohrwürmer,PLAYALONG,digital,F-Tuba,,,,,,,,,PLAYALONG,Ohrwürmer #2 - Playalongs F-Tuba,OW#2 PA FTB,OW#2_PA-FTB,Ohrwürmer #2 - Playalongs F-Tuba ist ein Playalong-Produkt im MusikHeroes-Produktkatalog.,AUTO_DRAFT,GENERATED,Instrument: F-Tuba,Format: PLAYALONG,Kategorie: Playalong,,,,5.00,10.00,5.50,EUR,ERP_NET,0.00,true,,,,,,,,,,,,,,,,,,,,false,true,,,,,,,true,XeisWorks digital,false,#2 Playalongs FTB,,Playalongs OW#2 FTB,XLSX_SOT_NORMALIZED,Produktpalette(2).xlsx:MusikHeroes,54,EXACT,,false,,,
XW-512.11,XW-512.11,,,fbc271d8-94bd-5474-bd2a-77145c5388ae,PLAYALONG|ohrwürmer #2 - playalongs b-tuba,HIGH,true,CANONICAL,live,ACTIVE,true,false,MusikHeroes,MusikHeroes,Playalong,Ohrwürmer,OW,2,Ohrwürmer,PLAYALONG,digital,B-Tuba,,,,,,,,,PLAYALONG,Ohrwürmer #2 - Playalongs B-Tuba,OW#2 PA BTB,OW#2_PA-BTB,Ohrwürmer #2 - Playalongs B-Tuba ist ein Playalong-Produkt im MusikHeroes-Produktkatalog.,AUTO_DRAFT,GENERATED,Instrument: B-Tuba,Format: PLAYALONG,Kategorie: Playalong,,,,5.00,10.00,5.50,EUR,ERP_NET,0.00,true,,,,,,,,,,,,,,,,,,,,false,true,,,,,,,true,XeisWorks digital,false,#2 Playalongs BTB,,Playalongs OW#2 BTB,XLSX_SOT_NORMALIZED,Produktpalette(2).xlsx:MusikHeroes,55,EXACT,,false,,,
XW-512.12,XW-512.12,,,a45a563e-7ba1-59be-8f9c-29b24343e081,PLAYALONG|ohrwürmer #2 - playalongs in c,HIGH,true,CANONICAL,live,ACTIVE,true,false,MusikHeroes,MusikHeroes,Playalong,Ohrwürmer,OW,2,Ohrwürmer,PLAYALONG,digital,,,C,,,,,,,PLAYALONG,Ohrwürmer #2 - Playalongs in C,OW#2 PA in C,OW#2_PA-in C,Ohrwürmer #2 - Playalongs in C ist ein Playalong-Produkt im MusikHeroes-Produktkatalog.,AUTO_DRAFT,GENERATED,Format: PLAYALONG,Kategorie: Playalong,,,,,5.00,10.00,5.50,EUR,ERP_NET,0.00,true,,,,,,,,,,,,,,,,,,,,false,true,,,,,,,true,MusikHeroes_Playalongs digital,false,#2 Playalongs in C,,Playalongs OW#2 in C,XLSX_SOT_NORMALIZED,Produktpalette(2).xlsx:MusikHeroes,56,EXACT,,false,,,
XW-512.13,XW-512.13,,,eb8be539-d177-5106-a78a-6f635c88dec6,ZUSATZSTIMME|ohrwürmer #2 - 2. stimme in b (hoch),HIGH,true,CANONICAL,live,ACTIVE,true,false,MusikHeroes,MusikHeroes,Zusatzstimme,Ohrwürmer,OW,2,Ohrwürmer,ADDITIONAL_VOICE,digital,,2,B,hoch,,,,,,DIGITAL,Ohrwürmer #2 - 2. Stimme in B (hoch),OW#2 2B-h,OW#2_2B-h,Ohrwürmer #2 - 2. Stimme in B (hoch) ist eine Zusatzstimmen-Ausgabe im MusikHeroes-Produktkatalog.,AUTO_DRAFT,GENERATED,Format: DIGITAL,Kategorie: Zusatzstimme,,,,,5.00,10.00,5.50,EUR,ERP_NET,0.00,true,,,,,,,,,,,,,,,,,,,,false,true,,,,,,,true,MusikHeroes_Noten digital,false,#2 Zusatzstimme in B (hoch),,ZST OW#2- 2.St. B hoch,XLSX_SOT_NORMALIZED,Produktpalette(2).xlsx:MusikHeroes,57,EXACT,,false,,,
XW-512.13-P,XW-512.13-P,,XW-512.13,eb8be539-d177-5106-a78a-6f635c88dec6,ZUSATZSTIMME|ohrwürmer #2 - 2. stimme in b (hoch),HIGH,false,FORMAT_VARIANT,live,ACTIVE,true,false,MusikHeroes,MusikHeroes,Zusatzstimme,Ohrwürmer,OW,2,Ohrwürmer,ADDITIONAL_VOICE,digital,,2,B,hoch,,,,,,PRINT_AT_HOME,Ohrwürmer #2 - 2. Stimme in B (hoch),OW#2 2B-h,OW#2_2B-h,2.Stimme in B (hoch) für Tenorhorn und andere Instrumente im Violinschlüssel in B als PRINT,SOURCE,WIX,2.Stimme in B (hoch) für Tenorhorn und andere Instrumente im Violinschlüssel in B als PRINT,,,,,B2B,9.00,10.00,9.90,EUR,ERP_NET,0.00,true,100.0,,,,,,,,,,,,,,,,,,,true,true,product_c42e957f-25ba-cf81-e811-391dce52d016,product_c42e957f-25ba-cf81-e811-391dce52d016,true,MH-ZST physisch GESAMT|B2B|MusikHeroes-Gesamt,4f718e_afb25dff936745a9a1a01659c708fb95~mv2.jpg|4f718e_16f172e08f4f4d38a4266f99c2dcd97f~mv2.jpg,<p>2.Stimme in B (hoch) für Tenorhorn und andere Instrumente im Violinschlüssel in B<strong>&nbsp;</strong>als PRINT</p>,true,MusikHeroes_Print@Home,false,#2 Zusatzstimme in B (hoch) 🖨️,Ohrwürmer #2 / 2.Stimme in B (hoch) [PRINT],ZST OW#2_2B-hoch,XLSX_SOT_NORMALIZED,Produktpalette(2).xlsx:MusikHeroes,57,DERIVED,,false,,,
XW-512.14,XW-512.14,,,9ab130c7-3655-50c5-a180-470e8d25688d,ZUSATZSTIMME|ohrwürmer #2 - 2. stimme in f,HIGH,true,CANONICAL,live,ACTIVE,true,false,MusikHeroes,MusikHeroes,Zusatzstimme,Ohrwürmer,OW,2,Ohrwürmer,ADDITIONAL_VOICE,digital,,2,F,,,,,,,DIGITAL,Ohrwürmer #2 - 2. Stimme in F,OW#2 2F,OW#2_2F,Ohrwürmer #2 - 2. Stimme in F ist eine Zusatzstimmen-Ausgabe im MusikHeroes-Produktkatalog.,AUTO_DRAFT,GENERATED,Format: DIGITAL,Kategorie: Zusatzstimme,,,,,,10.00,,EUR,,,,,,,,,,,,,,,,,,,,,,,false,true,,,,,,,false,,false,#2 Zusatzstimme in F,,,XLSX_SOT_NORMALIZED,Produktpalette(2).xlsx:MusikHeroes,59,EXACT,,false,,,
XW-512.15,XW-512.15,,,caed22ff-3d51-5f3b-b26f-51f5d4c22586,RESERVED|XW-512.15,LOW,true,CANONICAL,draft,RESERVED,false,false,MusikHeroes,MusikHeroes,Reserviert,Ohrwürmer,OW,,,RESERVED,physical,,,,,,,,,,PHYSICAL,Reserviert - XW-512.15,Reserviert XW-512.15,XW-512.15,Reserviert - XW-512.15 ist eine reservierte Artikelnummer im XW Product Hub.,AUTO_DRAFT,GENERATED,Format: PHYSICAL,,,,,,,10.00,,EUR,,,,,,,,,,,,,,,,,,,,,,,false,false,,,,,,,false,,false,-- FREI --,,,XLSX_SOT_RESERVED,Produktpalette(2).xlsx:MusikHeroes,60,RESERVED,,false,,,
XW-512.16,XW-512.16,,,5eecd6ee-4abd-5510-92f3-89bccad23d89,RESERVED|XW-512.16,LOW,true,CANONICAL,draft,RESERVED,false,false,MusikHeroes,MusikHeroes,Reserviert,Ohrwürmer,OW,,,RESERVED,physical,,,,,,,,,,PHYSICAL,Reserviert - XW-512.16,Reserviert XW-512.16,XW-512.16,Reserviert - XW-512.16 ist eine reservierte Artikelnummer im XW Product Hub.,AUTO_DRAFT,GENERATED,Format: PHYSICAL,,,,,,,10.00,,EUR,,,,,,,,,,,,,,,,,,,,,,,false,false,,,,,,,false,,false,-- FREI --,,,XLSX_SOT_RESERVED,Produktpalette(2).xlsx:MusikHeroes,61,RESERVED,,false,,,
XW-512.17,XW-512.17,,,c642e5a3-4698-5622-a5ce-4873a5ae6438,PLAYALONG|ohrwürmer #2 - playalongs horn,HIGH,true,CANONICAL,live,ACTIVE,true,false,MusikHeroes,MusikHeroes,Playalong,Ohrwürmer,OW,2,Ohrwürmer,PLAYALONG,digital,Horn,,,,,,,,,PLAYALONG,Ohrwürmer #2 - Playalongs Horn,OW#2 PA HRN,OW#2_PA-HRN,Ohrwürmer #2 - Playalongs Horn ist ein Playalong-Produkt im MusikHeroes-Produktkatalog.,AUTO_DRAFT,GENERATED,Instrument: Horn,Format: PLAYALONG,Kategorie: Playalong,,,,5.14,10.00,5.65,EUR,ERP_NET,0.00,false,,,,,,,,,,,,,,,,,,,,false,true,,,,,,,true,MusikHeroes_Playalongs digital,false,#2 Playalongs HRN,,Playalongs Ohrwürmer #2 HORN,XLSX_SOT_NORMALIZED,Produktpalette(2).xlsx:MusikHeroes,62,EXACT,,false,,,
XW-512.18,XW-512.18,,,deab6483-2171-50af-b21e-74122eb2729a,RESERVED|XW-512.18,LOW,true,CANONICAL,draft,RESERVED,false,false,MusikHeroes,MusikHeroes,Reserviert,Ohrwürmer,OW,,,RESERVED,physical,,,,,,,,,,PHYSICAL,Reserviert - XW-512.18,Reserviert XW-512.18,XW-512.18,Reserviert - XW-512.18 ist eine reservierte Artikelnummer im XW Product Hub.,AUTO_DRAFT,GENERATED,Format: PHYSICAL,,,,,,,10.00,,EUR,,,,,,,,,,,,,,,,,,,,,,,false,false,,,,,,,false,,false,,,,XLSX_SOT_RESERVED,Produktpalette(2).xlsx:MusikHeroes,63,RESERVED,,false,,,
XW-512.19,XW-512.19,,,2a83958a-07e5-5d7f-aa4e-7554ae173da7,RESERVED|XW-512.19,LOW,true,CANONICAL,draft,RESERVED,false,false,MusikHeroes,MusikHeroes,Reserviert,Ohrwürmer,OW,,,RESERVED,physical,,,,,,,,,,PHYSICAL,Reserviert - XW-512.19,Reserviert XW-512.19,XW-512.19,Reserviert - XW-512.19 ist eine reservierte Artikelnummer im XW Product Hub.,AUTO_DRAFT,GENERATED,Format: PHYSICAL,,,,,,,10.00,,EUR,,,,,,,,,,,,,,,,,,,,,,,false,false,,,,,,,false,,false,,,,XLSX_SOT_RESERVED,Produktpalette(2).xlsx:MusikHeroes,64,RESERVED,,false,,,
XW-512.20,XW-512.20,,,9eedc794-74e0-5eeb-8370-7b599d1e0c32,RESERVED|XW-512.20,LOW,true,CANONICAL,draft,RESERVED,false,false,MusikHeroes,MusikHeroes,Reserviert,Ohrwürmer,OW,,,RESERVED,physical,,,,,,,,,,PHYSICAL,Reserviert - XW-512.20,Reserviert XW-512.20,XW-512.20,Reserviert - XW-512.20 ist eine reservierte Artikelnummer im XW Product Hub.,AUTO_DRAFT,GENERATED,Format: PHYSICAL,,,,,,,10.00,,EUR,,,,,,,,,,,,,,,,,,,,,,,false,false,,,,,,,false,,false,,,,XLSX_SOT_RESERVED,Produktpalette(2).xlsx:MusikHeroes,65,RESERVED,,false,,,
XW-521.01,XW-521.01,,,1bd4e7e2-1bd1-5ff5-a880-f517787b93bc,UNTERRICHTSHEFT|tanzl & g'stanzl #1 - trompete,HIGH,true,CANONICAL,live,ACTIVE,true,false,MusikHeroes,MusikHeroes,Unterrichtsheft,Tanzl & G'stanzl,T&G,1,Tanzl & G'stanzl,EDITION,physical,Trompete,,,,,,,,,PHYSICAL,Tanzl & G'stanzl #1 - Trompete,T&G#1 TRP,T&G#1_TRP,"Volksmusik zum Einsteigen aus der Serie MusikHeroes
→ Über 40 coole Volksmusikstücke mit Playalongs für Trompete (Schwierigkeit: 1 – sehr leicht)
→ Solostimme für Trompete, Tenorhorn oder andere Instrumente im Violinschlüssel in B
→ Moderne Unterrichtsliteratur - durchdacht konzipiert, humorvoll präsentiert und stilvoll begleitet
→ Alle Playalongs sind mit einer echten Band eingespielt und mittels QR-Code kostenlos zu beziehen",SOURCE,AMAZON,Über 40 coole Volksmusikstücke mit Playalongs für Trompete (Schwierigkeit: 1 – sehr leicht),"Solostimme für Trompete, Tenorhorn oder andere Instrumente im Violinschlüssel in B","Moderne Unterrichtsliteratur - durchdacht konzipiert, humorvoll präsentiert und stilvoll begleitet",Alle Playalongs sind mit einer echten Band eingespielt und mittels QR-Code kostenlos zu beziehen,,B2B|AMAZON,22.64,10.00,24.90,EUR,ERP_NET,580.00,true,300.0,9783903426030,3903426032,,3903426032,DERIVED_FROM_ISBN13_BOOK,false,,MISSING_IN_REPORT,XW-521.01,Aktiv,ABIS_BOOK,ISBN,9783903426030,Versand durch Amazon (EU),,Tanzl & G'stanzl #1 - Trompete [MusikHeroes],Tanzl & G'stanzl #1 - Trompete,"<br><p><strong>Volksmusik zum Einsteigen aus der Serie <em>MusikHeroes</em></strong></p> <p>&rarr; &Uuml;ber 40 coole Volksmusikst&uuml;cke mit Playalongs f&uuml;r Trompete (Schwierigkeit: 1 &ndash; sehr leicht)</p> <p>&rarr; Solostimme f&uuml;r Trompete, Tenorhorn oder andere Instrumente im Violinschl&uuml;ssel in Bb</p> <p>&rarr; Moderne Unterrichtsliteratur - durchdacht konzipiert, humorvoll präsentiert und stilvoll begleitet</p> <p>&rarr; Alle Playalongs sind mit einer echten Band eingespielt und mittels QR-Code kostenlos zu beziehen</p><br>",true,true,product_61124ffc-eecf-1b7c-53ef-2a3e3a46994d,product_61124ffc-eecf-1b7c-53ef-2a3e3a46994d,true,MusikHeroes-Gesamt|MusikHeroes-Editionen|MH-Trompete|B2B,4f718e_6c6ef5de5c7046c88677c45217ab8941~mv2.jpeg|4f718e_c10d5bf64aa0455db8bb51108d6368db~mv2.jpg|4f718e_aaf567ed863d4a1cb9997eb31b34c1e2~mv2.jpg|4f718e_e3c0ff105fee4106aa0712db57578b06~mv2.jpg,<p><strong>41&nbsp;alpenländische Volksmusikstücke mit Playalongs</strong></p><p>für Instrumente im Violinschlüssel in Bb</p>,true,MusikHeroes,true,Tanz-&G'stanzl #1 TRP,Tanzl&G'stanzl #1 - Trompete,Tanzl & G'stanzl #1 TRP,XLSX_SOT_NORMALIZED,Produktpalette(2).xlsx:MusikHeroes,14,EXACT,,false,,,
XW-521.02,XW-521.02,,,efac39f4-1c42-52b6-8354-1ff5b256bcfd,UNTERRICHTSHEFT|tanzl & g'stanzl #1 - posaune,HIGH,true,CANONICAL,live,ACTIVE,true,false,MusikHeroes,MusikHeroes,Unterrichtsheft,Tanzl & G'stanzl,T&G,1,Tanzl & G'stanzl,EDITION,physical,Posaune,,,,,,,,,PHYSICAL,Tanzl & G'stanzl #1 - Posaune,T&G#1 POS,T&G#1_POS,"Volksmusik zum Einsteigen aus der Serie MusikHeroes
→ Über 40 coole Volksmusikstücke mit Playalongs für Posaune (Schwierigkeit: 1 – sehr leicht)
→ Solostimme für Posaune, Euphonium oder andere Instrumente im Bassschlüssel in C
→ Moderne Unterrichtsliteratur - durchdacht konzipiert, humorvoll präsentiert und stilvoll begleitet
→ Alle Playalongs sind mit einer echten Band eingespielt und mittels QR-Code kostenlos zu beziehen",SOURCE,AMAZON,Über 40 coole Volksmusikstücke mit Playalongs für Posaune (Schwierigkeit: 1 – sehr leicht),"Solostimme für Posaune, Euphonium oder andere Instrumente im Bassschlüssel in C","Moderne Unterrichtsliteratur - durchdacht konzipiert, spannend aufbereitet, humorvoll präsentiert und stilvoll begleitet",Alle Playalongs sind mit einer „echten“ Band im Studio eingespielt und mittels QR-Code kostenlos zu beziehen,,B2B|AMAZON,22.64,10.00,24.90,EUR,ERP_NET,660.00,true,300.0,9783903426047,3903426040,,3903426040,DERIVED_FROM_ISBN13_BOOK,false,,MISSING_IN_REPORT,XW-521.02,Aktiv,DOWNLOADABLE_MUSIC_ALBUM,ISBN,9783903426047,,,Tanzl & G'stanzl #1 - Posaune [MusikHeroes],Tanzl & G'stanzl #1 - Posaune,"<br><p><strong>Volksmusik zum Einsteigen aus der Serie <em>MusikHeroes</em></strong></p> <p>&rarr; &Uuml;ber 40 coole Volksmusikst&uuml;cke mit Playalongs f&uuml;r Posaune (Schwierigkeit: 1 &ndash; sehr leicht)</p> <p>&rarr; Solostimme f&uuml;r Posaune, Euphonium oder andere Instrumente im Bassschl&uuml;ssel in C</p> <p>&rarr; Moderne Unterrichtsliteratur - durchdacht konzipiert, humorvoll präsentiert und stilvoll begleitet</p> <p>&rarr; Alle Playalongs sind mit einer echten Band eingespielt und mittels QR-Code kostenlos zu beziehen</p><br>",true,true,product_2366db11-d880-b6db-5d99-3eb45cb42ade,product_2366db11-d880-b6db-5d99-3eb45cb42ade,true,MusikHeroes-Gesamt|MusikHeroes-Editionen|MH-Posaune|B2B,4f718e_2676cb43a0514acf95e56567ec683791~mv2.jpeg|4f718e_19b0246d238248f6979d5efdf0bb42ef~mv2.jpg|4f718e_68069ef4b104408aa90435d332a1d0ea~mv2.jpg|4f718e_ce1025dea1ef470bb747589cfb7dfe80~mv2.jpg,<p><strong>41&nbsp;einfache alpenländische Volksmusikstücke mit Playalongs</strong></p><p>für Instrumente im Bassschlüssel in C</p>,true,MusikHeroes,true,Tanz-&G'stanzl #1 POS,Tanzl&G'stanzl #1 - Posaune,Tanzl & G'stanzl #1 POS,XLSX_SOT_NORMALIZED,Produktpalette(2).xlsx:MusikHeroes,15,EXACT,,false,,,
XW-521.03,XW-521.03,,,e302999a-7e1b-53d7-8aeb-4ad87bea88cc,ZUSATZSTIMME|tanzl & g'stanzl #1 - 2. stimme in b (tief),HIGH,true,CANONICAL,live,ACTIVE,true,false,MusikHeroes,MusikHeroes,Zusatzstimme,Tanzl & G'stanzl,T&G,1,Tanzl & G'stanzl,ADDITIONAL_VOICE,digital,,2,B,tief,,,,,,DIGITAL,Tanzl & G'stanzl #1 - 2. Stimme in B (tief),T&G#1 2B-t,T&G#1_2B-t,Tanzl & G'stanzl #1 - 2. Stimme in B (tief) ist eine Zusatzstimmen-Ausgabe im MusikHeroes-Produktkatalog.,AUTO_DRAFT,GENERATED,Format: DIGITAL,Kategorie: Zusatzstimme,,,,,5.00,10.00,5.50,EUR,ERP_NET,0.00,true,,,,,,,,,,,,,,,,,,,,false,true,,,,,,,true,MusikHeroes_Noten digital,false,#1 Zusatzstimme in B (tief),,ZST T&G #1 - 2.Stimme B,XLSX_SOT_NORMALIZED,Produktpalette(2).xlsx:MusikHeroes,16,EXACT,,false,,,
XW-521.03-P,XW-521.03-P,,XW-521.03,e302999a-7e1b-53d7-8aeb-4ad87bea88cc,ZUSATZSTIMME|tanzl & g'stanzl #1 - 2. stimme in b (tief),HIGH,false,FORMAT_VARIANT,live,ACTIVE,true,false,MusikHeroes,MusikHeroes,Zusatzstimme,Tanzl & G'stanzl,T&G,1,Tanzl & G'stanzl,ADDITIONAL_VOICE,digital,,2,B,tief,,,,,,PRINT_AT_HOME,Tanzl & G'stanzl #1 - 2. Stimme in B (tief),T&G#1 2B-t,T&G#1_2B-t,2.Stimme in B (tief) für Trompete und andere Instrumente im Violinschlüssel in B als PRINT,SOURCE,WIX,2.Stimme in B (tief) für Trompete und andere Instrumente im Violinschlüssel in B als PRINT,,,,,B2B,9.00,10.00,9.90,EUR,ERP_NET,0.00,true,100.0,,,,,,,,,,,,,,,,,,,true,true,product_33245bb9-f78e-da7e-a454-e809a6cc8999,product_33245bb9-f78e-da7e-a454-e809a6cc8999,true,MH-ZST physisch GESAMT|B2B|MusikHeroes-Gesamt,4f718e_2c5b57e7259f43f8a7d6634d3da3de1c~mv2.jpg|4f718e_6086408824ce4e1f9ba06bd996b54d10~mv2.jpg,<p>2.Stimme in B (tief) für Trompete und andere Instrumente im Violinschlüssel in B<strong>&nbsp;</strong>als PRINT</p>,true,MusikHeroes_Print@Home,false,#1 Zusatzstimme in B (tief) 🖨️,Tanzl&G'stanzl #1 / 2.Stimme in B (tief) [PRINT],ZST T&G#1_2B-tief,XLSX_SOT_NORMALIZED,Produktpalette(2).xlsx:MusikHeroes,16,DERIVED,,false,,,
XW-521.04,XW-521.04,,,1aee8465-e3bf-53f7-817a-f72abac68d87,ZUSATZSTIMME|tanzl & g'stanzl #1 - 2. stimme in c,HIGH,true,CANONICAL,live,ACTIVE,true,false,MusikHeroes,MusikHeroes,Zusatzstimme,Tanzl & G'stanzl,T&G,1,Tanzl & G'stanzl,ADDITIONAL_VOICE,digital,,2,C,,,,,,,DIGITAL,Tanzl & G'stanzl #1 - 2. Stimme in C,T&G#1 2C,T&G#1_2C,Tanzl & G'stanzl #1 - 2. Stimme in C ist eine Zusatzstimmen-Ausgabe im MusikHeroes-Produktkatalog.,AUTO_DRAFT,GENERATED,Format: DIGITAL,Kategorie: Zusatzstimme,,,,,5.00,10.00,5.50,EUR,ERP_NET,0.00,true,,,,,,,,,,,,,,,,,,,,false,true,,,,,,,true,MusikHeroes_Noten digital,false,#1 Zusatzstimme in C,,ZST T&G #1 - 2.Stimme C,XLSX_SOT_NORMALIZED,Produktpalette(2).xlsx:MusikHeroes,18,EXACT,,false,,,
XW-521.04-P,XW-521.04-P,,XW-521.04,1aee8465-e3bf-53f7-817a-f72abac68d87,ZUSATZSTIMME|tanzl & g'stanzl #1 - 2. stimme in c,HIGH,false,FORMAT_VARIANT,live,ACTIVE,true,false,MusikHeroes,MusikHeroes,Zusatzstimme,Tanzl & G'stanzl,T&G,1,Tanzl & G'stanzl,ADDITIONAL_VOICE,digital,,2,C,,,,,,,PRINT_AT_HOME,Tanzl & G'stanzl #1 - 2. Stimme in C,T&G#1 2C,T&G#1_2C,2.Stimme in C für Posaune und andere Instrumente im Bassschlüssel in C als PRINT,SOURCE,WIX,2.Stimme in C für Posaune und andere Instrumente im Bassschlüssel in C als PRINT,,,,,B2B,9.00,10.00,9.90,EUR,ERP_NET,0.00,true,100.0,,,,,,,,,,,,,,,,,,,true,true,product_b452774c-82ac-6f88-9c50-9fd31d808bff,product_b452774c-82ac-6f88-9c50-9fd31d808bff,true,MH-ZST physisch GESAMT|B2B|MusikHeroes-Gesamt,4f718e_aa140a4f315c4ee88471b5e37f5bd7a3~mv2.jpg|4f718e_fb698f1fc6e840abacfd61e438cf2f4c~mv2.jpg,<p>2.Stimme in C für Posaune und andere Instrumente im Bassschlüssel in C<strong>&nbsp;</strong>als PRINT</p>,true,MusikHeroes_Print@Home,false,#1 Zusatzstimme in C 🖨️,Tanzl&G'stanzl #1 / 2.Stimme in C [BS] [PRINT],ZST T&G#1_2C [BS],XLSX_SOT_NORMALIZED,Produktpalette(2).xlsx:MusikHeroes,18,DERIVED,,false,,,
XW-521.05,XW-521.05,,,f8cc93ae-4917-5950-8409-ee86ec292c58,ZUSATZSTIMME|tanzl & g'stanzl #1 - begleitstimme in c,HIGH,true,CANONICAL,live,ACTIVE,true,false,MusikHeroes,MusikHeroes,Zusatzstimme,Tanzl & G'stanzl,T&G,1,Tanzl & G'stanzl,ADDITIONAL_VOICE,digital,,,C,,,,,,,DIGITAL,Tanzl & G'stanzl #1 - Begleitstimme in C,T&G#1 Begl-C,T&G#1_Begl-C,Tanzl & G'stanzl #1 - Begleitstimme in C ist eine Zusatzstimmen-Ausgabe im MusikHeroes-Produktkatalog.,AUTO_DRAFT,GENERATED,Format: DIGITAL,Kategorie: Zusatzstimme,,,,,5.00,10.00,5.50,EUR,ERP_NET,0.00,true,,,,,,,,,,,,,,,,,,,,false,true,,,,,,,true,MusikHeroes_Noten digital,false,#1 Begleitstimme in C,,ZST T&G #1 - Begl. C,XLSX_SOT_NORMALIZED,Produktpalette(2).xlsx:MusikHeroes,20,EXACT,,false,,,
XW-521.05-P,XW-521.05-P,,XW-521.05,f8cc93ae-4917-5950-8409-ee86ec292c58,ZUSATZSTIMME|tanzl & g'stanzl #1 - begleitstimme in c,HIGH,false,FORMAT_VARIANT,live,ACTIVE,true,false,MusikHeroes,MusikHeroes,Zusatzstimme,Tanzl & G'stanzl,T&G,1,Tanzl & G'stanzl,ADDITIONAL_VOICE,digital,,,C,,,,,,,PRINT_AT_HOME,Tanzl & G'stanzl #1 - Begleitstimme in C,T&G#1 Begl-C,T&G#1_Begl-C,"Begleitstimme in C (""Leadsheet"") für Klavier, Gitarre, Akkordeon, Diat. Harmonika u.v.m. als PRINT",SOURCE,WIX,"Begleitstimme in C (""Leadsheet"") für Klavier, Gitarre, Akkordeon, Diat. Harmonika u.v.m. als PRINT",,,,,B2B,9.00,10.00,9.90,EUR,ERP_NET,0.00,true,100.0,,,,,,,,,,,,,,,,,,,true,true,product_e80910b2-9550-046f-29e7-4785277f3e28,product_e80910b2-9550-046f-29e7-4785277f3e28,true,MH-ZST physisch GESAMT|B2B|MusikHeroes-Gesamt,4f718e_7f912647bb3d400782c0e910a43890d4~mv2.jpg|4f718e_64442454778649cd96520dfd5e615106~mv2.jpg,"<p>Begleitstimme in C (""Leadsheet"") für Klavier, Gitarre, Akkordeon, Diat. Harmonika u.v.m. als PRINT</p>",true,MusikHeroes_Print@Home,false,#1 Begleitstimme in C 🖨️,Tanzl&G'stanzl #1 / Begleitstimme in C [PRINT],ZST T&G#1_LS,XLSX_SOT_NORMALIZED,Produktpalette(2).xlsx:MusikHeroes,20,DERIVED,,false,,,
XW-521.06,XW-521.06,,,40c41583-3dd8-5f93-a1dd-121ef4d57f87,PLAYALONG|tanzl & g'stanzl #1 - playalongs trompete,HIGH,true,CANONICAL,live,ACTIVE,true,false,MusikHeroes,MusikHeroes,Playalong,Tanzl & G'stanzl,T&G,1,Tanzl & G'stanzl,PLAYALONG,digital,Trompete,,,,,,,,,PLAYALONG,Tanzl & G'stanzl #1 - Playalongs Trompete,T&G#1 PA TRP,T&G#1_PA-TRP,Tanzl & G'stanzl #1 - Playalongs Trompete ist ein Playalong-Produkt im MusikHeroes-Produktkatalog.,AUTO_DRAFT,GENERATED,Instrument: Trompete,Format: PLAYALONG,Kategorie: Playalong,,,,5.00,10.00,5.50,EUR,ERP_NET,0.00,true,,,,,,,,,,,,,,,,,,,,false,true,,,,,,,true,MusikHeroes_Playalongs digital,false,#1 Playalongs TRP,,Playalongs T&G #1 TRP,XLSX_SOT_NORMALIZED,Produktpalette(2).xlsx:MusikHeroes,22,EXACT,,false,,,
XW-521.07,XW-521.07,,,06557a4a-646a-5d13-a423-4105e9fe10a4,PLAYALONG|tanzl & g'stanzl #1 - playalongs posaune,HIGH,true,CANONICAL,live,ACTIVE,true,false,MusikHeroes,MusikHeroes,Playalong,Tanzl & G'stanzl,T&G,1,Tanzl & G'stanzl,PLAYALONG,digital,Posaune,,,,,,,,,PLAYALONG,Tanzl & G'stanzl #1 - Playalongs Posaune,T&G#1 PA POS,T&G#1_PA-POS,Tanzl & G'stanzl #1 - Playalongs Posaune ist ein Playalong-Produkt im MusikHeroes-Produktkatalog.,AUTO_DRAFT,GENERATED,Instrument: Posaune,Format: PLAYALONG,Kategorie: Playalong,,,,5.00,10.00,5.50,EUR,ERP_NET,0.00,true,,,,,,,,,,,,,,,,,,,,false,true,,,,,,,true,MusikHeroes_Playalongs digital,false,#1 Playalongs POS,,Playalongs T&G #1 POS,XLSX_SOT_NORMALIZED,Produktpalette(2).xlsx:MusikHeroes,23,EXACT,,false,,,
XW-521.08,XW-521.08,,,2dd54c2f-cd5b-548d-b1b1-bd7373451983,UNTERRICHTSHEFT|tanzl & g'stanzl #1 - f-tuba,HIGH,true,CANONICAL,live,ACTIVE,true,false,MusikHeroes,MusikHeroes,Unterrichtsheft,Tanzl & G'stanzl,T&G,1,Tanzl & G'stanzl,EDITION,physical,F-Tuba,,,,,,,,,PHYSICAL,Tanzl & G'stanzl #1 - F-Tuba,T&G#1 FTB,T&G#1_FTB,"Volksmusik zum Einsteigen aus der Serie MusikHeroes
→ Über 40 coole Volksmusikstücke mit Playalongs für F-Tuba (Schwierigkeit: 1 – sehr leicht)
→ Solostimme für F-Tuba im Bassschlüssel in C
→ Moderne Unterrichtsliteratur - durchdacht konzipiert, humorvoll präsentiert und stilvoll begleitet
→ Alle Playalongs sind mit einer echten Band eingespielt und mittels QR-Code kostenlos zu beziehen",SOURCE,AMAZON,Über 40 coole Volksmusikstücke mit Playalongs für F-Tuba (Schwierigkeit: 1 – sehr leicht),Solostimme für F-Tuba im Bassschlüssel in C,"Moderne Unterrichtsliteratur - durchdacht konzipiert, humorvoll präsentiert und stilvoll begleitet",Alle Playalongs sind mit einer echten Band eingespielt und mittels QR-Code kostenlos zu beziehen,,B2B|AMAZON,22.64,10.00,24.90,EUR,ERP_NET,492.00,true,300.0,9783903426153,3903426156,9783903426153,3903426156,DERIVED_FROM_ISBN13_BOOK,false,,MISSING_IN_REPORT,XW-521.08,Aktiv,ABIS_BOOK,EAN,9783903426153,Versand durch Amazon (EU),,Tanzl & G'stanzl #1 - F-Tuba,Tanzl & G'stanzl #1 - F-Tuba,"<br><p><strong>Volksmusik zum Einsteigen aus der Serie <em>MusikHeroes</em></strong></p> <p>&rarr; &Uuml;ber 40 coole Volksmusikst&uuml;cke mit Playalongs f&uuml;r F-Tuba (Schwierigkeit: 1 &ndash; sehr leicht)</p> <p>&rarr; Solostimme f&uuml;r F-Tuba im Bassschlüssel in C</p> <p>&rarr; Moderne Unterrichtsliteratur - durchdacht konzipiert, humorvoll präsentiert und stilvoll begleitet</p> <p>&rarr; Alle Playalongs sind mit einer echten Band eingespielt und mittels QR-Code kostenlos zu beziehen</p><br>",true,true,product_527e7961-6cf4-5761-0aa3-057f94cc9d9a,product_527e7961-6cf4-5761-0aa3-057f94cc9d9a,true,MusikHeroes-Gesamt|MusikHeroes-Editionen|MH-F-Tuba|B2B,4f718e_b2b27a98e7ef405ca0796b08c654ddbb~mv2.jpg|4f718e_092c7eee8a024dbeb168f67bafdf761c~mv2.jpg|4f718e_e8886a833dc848ac8720c19aa05cb651~mv2.jpg|4f718e_01a3aaf8c6294d1b956d8839dc199f59~mv2.jpg,<p>41&nbsp;einfache alpenländische Volksmusikstücke mit Playalongs</p><p>für F-Tuba oder Bassposaune in C</p>,true,MusikHeroes,true,Tanz-&G'stanzl #1 FTB,Tanzl&G'stanzl #1 - F-Tuba,Tanzl & G'stanzl #1 FTB,XLSX_SOT_NORMALIZED,Produktpalette(2).xlsx:MusikHeroes,24,EXACT,,false,,,
XW-521.09,XW-521.09,,,45fd7c6a-676f-5e01-98aa-2478d4560757,UNTERRICHTSHEFT|tanzl & g'stanzl #1 - b-tuba,HIGH,true,CANONICAL,live,ACTIVE,true,false,MusikHeroes,MusikHeroes,Unterrichtsheft,Tanzl & G'stanzl,T&G,1,Tanzl & G'stanzl,EDITION,physical,B-Tuba,,,,,,,,,PHYSICAL,Tanzl & G'stanzl #1 - B-Tuba,T&G#1 BTB,T&G#1_BTB,"Volksmusik zum Einsteigen aus der Serie MusikHeroes
→ Über 40 coole Volksmusikstücke mit Playalongs für B-Tuba (Schwierigkeit: 1 – sehr leicht)
→ Solostimme für B-Tuba im Bassschlüssel in C
→ Moderne Unterrichtsliteratur - durchdacht konzipiert, humorvoll präsentiert und stilvoll begleitet
→ Alle Playalongs sind mit einer echten Band eingespielt und mittels QR-Code kostenlos zu beziehen",SOURCE,AMAZON,Über 40 coole Volksmusikstücke mit Playalongs für B-Tuba (Schwierigkeit: 1 – sehr leicht),Solostimme für B-Tuba im Bassschlüssel in C,"Moderne Unterrichtsliteratur - durchdacht konzipiert, humorvoll präsentiert und stilvoll begleitet",Alle Playalongs sind mit einer echten Band eingespielt und mittels QR-Code kostenlos zu beziehen,,B2B|AMAZON,22.64,10.00,24.90,EUR,ERP_NET,492.00,true,300.0,9783903426191,3903426199,9783903426191,3903426199,DERIVED_FROM_ISBN13_BOOK,false,,MISSING_IN_REPORT,XW-521.09,Aktiv,ABIS_BOOK,EAN,9783903426191,Versand durch Amazon (EU),,Tanzl & G'stanzl #1 - B-Tuba,Tanzl & G'stanzl #1 - B-Tuba,"<br><p><strong>Volksmusik zum Einsteigen aus der Serie <em>MusikHeroes</em></strong></p> <p>&rarr; &Uuml;ber 40 coole Volksmusikst&uuml;cke mit Playalongs f&uuml;r B-Tuba (Schwierigkeit: 1 &ndash; sehr leicht)</p> <p>&rarr; Solostimme f&uuml;r B-Tuba im Bassschlüssel in C</p> <p>&rarr; Moderne Unterrichtsliteratur - durchdacht konzipiert, humorvoll präsentiert und stilvoll begleitet</p> <p>&rarr; Alle Playalongs sind mit einer echten Band eingespielt und mittels QR-Code kostenlos zu beziehen</p><br>",true,true,product_b138fad3-f260-ade5-32bc-2f2fc50b955a,product_b138fad3-f260-ade5-32bc-2f2fc50b955a,true,MusikHeroes-Gesamt|MusikHeroes-Editionen|MH-B-Tuba|B2B,4f718e_2b04b3550e4445e99af24c398d3b8739~mv2.jpg|4f718e_ffb6ffc5c2d342589961107470694837~mv2.jpg|4f718e_a3c47cb02fcf45fa8e45d0f166ed7d3c~mv2.jpg|4f718e_d4848f2d83e94afd94e7916f1b5879a2~mv2.jpg,<p>41&nbsp;einfache alpenländische Volksmusikstücke mit Playalongs</p><p>für B-Tuba in C</p>,true,MusikHeroes,true,Tanz-&G'stanzl #1 BTB,Tanzl&G'stanzl #1 - B-Tuba,Tanzl & G'stanzl #1 BTB,XLSX_SOT_NORMALIZED,Produktpalette(2).xlsx:MusikHeroes,25,EXACT,,false,,,
XW-521.10,XW-521.10,,,bc3d5d64-880e-592b-af13-7c53bfe66c77,PLAYALONG|tanzl & g'stanzl #1 - playalongs f-tuba,HIGH,true,CANONICAL,live,ACTIVE,true,false,MusikHeroes,MusikHeroes,Playalong,Tanzl & G'stanzl,T&G,1,Tanzl & G'stanzl,PLAYALONG,digital,F-Tuba,,,,,,,,,PLAYALONG,Tanzl & G'stanzl #1 - Playalongs F-Tuba,T&G#1 PA FTB,T&G#1_PA-FTB,Tanzl & G'stanzl #1 - Playalongs F-Tuba ist ein Playalong-Produkt im MusikHeroes-Produktkatalog.,AUTO_DRAFT,GENERATED,Instrument: F-Tuba,Format: PLAYALONG,Kategorie: Playalong,,,,5.00,10.00,5.50,EUR,ERP_NET,0.00,true,,,,,,,,,,,,,,,,,,,,false,true,,,,,,,true,MusikHeroes_Playalongs digital,false,#1 Playalongs FTB,,Playalongs T&G #1 FTB,XLSX_SOT_NORMALIZED,Produktpalette(2).xlsx:MusikHeroes,26,EXACT,,false,,,
XW-521.11,XW-521.11,,,9d3baaa1-273a-5f36-aaca-53120c7523c8,PLAYALONG|tanzl & g'stanzl #1 - playalongs b-tuba,HIGH,true,CANONICAL,live,ACTIVE,true,false,MusikHeroes,MusikHeroes,Playalong,Tanzl & G'stanzl,T&G,1,Tanzl & G'stanzl,PLAYALONG,digital,B-Tuba,,,,,,,,,PLAYALONG,Tanzl & G'stanzl #1 - Playalongs B-Tuba,T&G#1 PA BTB,T&G#1_PA-BTB,Tanzl & G'stanzl #1 - Playalongs B-Tuba ist ein Playalong-Produkt im MusikHeroes-Produktkatalog.,AUTO_DRAFT,GENERATED,Instrument: B-Tuba,Format: PLAYALONG,Kategorie: Playalong,,,,5.00,10.00,5.50,EUR,ERP_NET,0.00,true,,,,,,,,,,,,,,,,,,,,false,true,,,,,,,true,MusikHeroes_Playalongs digital,false,#1 Playalongs BTB,,Playalongs T&G #1 BTB,XLSX_SOT_NORMALIZED,Produktpalette(2).xlsx:MusikHeroes,27,EXACT,,false,,,
XW-521.12,XW-521.12,,,6c95c022-851c-5289-8e00-559305702a30,PLAYALONG|tanzl & g'stanzl #1 - playalongs in c,HIGH,true,CANONICAL,live,ACTIVE,true,false,MusikHeroes,MusikHeroes,Playalong,Tanzl & G'stanzl,T&G,1,Tanzl & G'stanzl,PLAYALONG,digital,,,C,,,,,,,PLAYALONG,Tanzl & G'stanzl #1 - Playalongs in C,T&G#1 PA in C,T&G#1_PA-in C,Tanzl & G'stanzl #1 - Playalongs in C ist ein Playalong-Produkt im MusikHeroes-Produktkatalog.,AUTO_DRAFT,GENERATED,Format: PLAYALONG,Kategorie: Playalong,,,,,5.00,10.00,5.50,EUR,ERP_NET,0.00,true,,,,,,,,,,,,,,,,,,,,false,true,,,,,,,true,MusikHeroes_Playalongs digital,false,#1 Playalongs in C,,Playalongs T&G#1 in C,XLSX_SOT_NORMALIZED,Produktpalette(2).xlsx:MusikHeroes,28,EXACT,,false,,,
XW-521.13,XW-521.13,,,9d0cd822-266d-5ede-99d7-a6316effebee,ZUSATZSTIMME|tanzl & g'stanzl #1 - 2. stimme in b (hoch),HIGH,true,CANONICAL,live,ACTIVE,true,false,MusikHeroes,MusikHeroes,Zusatzstimme,Tanzl & G'stanzl,T&G,1,Tanzl & G'stanzl,ADDITIONAL_VOICE,digital,,2,B,hoch,,,,,,DIGITAL,Tanzl & G'stanzl #1 - 2. Stimme in B (hoch),T&G#1 2B-h,T&G#1_2B-h,Tanzl & G'stanzl #1 - 2. Stimme in B (hoch) ist eine Zusatzstimmen-Ausgabe im MusikHeroes-Produktkatalog.,AUTO_DRAFT,GENERATED,Format: DIGITAL,Kategorie: Zusatzstimme,,,,,5.00,10.00,5.50,EUR,ERP_NET,0.00,true,,,,,,,,,,,,,,,,,,,,false,true,,,,,,,true,MusikHeroes_Noten digital,false,#1 Zusatzstimme in B (hoch),,ZST T&G#1 - 2.St. B hoch,XLSX_SOT_NORMALIZED,Produktpalette(2).xlsx:MusikHeroes,29,EXACT,,false,,,
XW-521.13-P,XW-521.13-P,,XW-521.13,9d0cd822-266d-5ede-99d7-a6316effebee,ZUSATZSTIMME|tanzl & g'stanzl #1 - 2. stimme in b (hoch),HIGH,false,FORMAT_VARIANT,live,ACTIVE,true,false,MusikHeroes,MusikHeroes,Zusatzstimme,Tanzl & G'stanzl,T&G,1,Tanzl & G'stanzl,ADDITIONAL_VOICE,digital,,2,B,hoch,,,,,,PRINT_AT_HOME,Tanzl & G'stanzl #1 - 2. Stimme in B (hoch),T&G#1 2B-h,T&G#1_2B-h,2.Stimme in B (hoch) für Tenorhorn und andere Instrumente im Violinschlüssel in B als PRINT,SOURCE,WIX,2.Stimme in B (hoch) für Tenorhorn und andere Instrumente im Violinschlüssel in B als PRINT,,,,,B2B,9.00,10.00,9.90,EUR,ERP_NET,0.00,true,100.0,,,,,,,,,,,,,,,,,,,true,true,product_8936276f-978b-9757-24f5-404ee4c0354d,product_8936276f-978b-9757-24f5-404ee4c0354d,true,MH-ZST physisch GESAMT|B2B|MusikHeroes-Gesamt,4f718e_370a9e383ed243058be2ac4ccdc58fef~mv2.jpg|4f718e_c6b6e5f646eb4ac59eea8af80200ed5c~mv2.jpg,<p>2.Stimme in B (hoch) für Tenorhorn und andere Instrumente im Violinschlüssel in B<strong>&nbsp;</strong>als PRINT</p>,true,MusikHeroes_Print@Home,false,#1 Zusatzstimme in B (hoch) 🖨️,Tanzl&G'stanzl #1 / 2.Stimme in B (hoch) [PRINT],ZST T&G#1_2B-hoch,XLSX_SOT_NORMALIZED,Produktpalette(2).xlsx:MusikHeroes,29,DERIVED,,false,,,
XW-521.14,XW-521.14,,,61d773d1-5606-5bc7-bd30-5398d37055fb,ZUSATZSTIMME|tanzl & g'stanzl #1 - 2. stimme in f,HIGH,true,CANONICAL,live,ACTIVE,true,false,MusikHeroes,MusikHeroes,Zusatzstimme,Tanzl & G'stanzl,T&G,1,Tanzl & G'stanzl,ADDITIONAL_VOICE,digital,,2,F,,,,,,,DIGITAL,Tanzl & G'stanzl #1 - 2. Stimme in F,T&G#1 2F,T&G#1_2F,Tanzl & G'stanzl #1 - 2. Stimme in F ist eine Zusatzstimmen-Ausgabe im MusikHeroes-Produktkatalog.,AUTO_DRAFT,GENERATED,Format: DIGITAL,Kategorie: Zusatzstimme,,,,,,10.00,,EUR,,,,,,,,,,,,,,,,,,,,,,,false,true,,,,,,,false,,false,#1 Zusatzstimme in F,,,XLSX_SOT_NORMALIZED,Produktpalette(2).xlsx:MusikHeroes,31,EXACT,,false,,,
XW-521.15,XW-521.15,,,2bd0d985-486b-5a08-a819-5247196a65aa,ZUSATZSTIMME|tanzl & g'stanzl #1 - bassl-stimme in b,HIGH,true,CANONICAL,live,ACTIVE,true,false,MusikHeroes,MusikHeroes,Zusatzstimme,Tanzl & G'stanzl,T&G,1,Tanzl & G'stanzl,ADDITIONAL_VOICE,digital,,,B,,,,,,,DIGITAL,Tanzl & G'stanzl #1 - Bassl-Stimme in B,T&G#1 Bassl-B,T&G#1_Bassl-B,Tanzl & G'stanzl #1 - Bassl-Stimme in B ist eine Zusatzstimmen-Ausgabe im MusikHeroes-Produktkatalog.,AUTO_DRAFT,GENERATED,Format: DIGITAL,Kategorie: Zusatzstimme,,,,,,10.00,,EUR,,,,,,,,,,,,,,,,,,,,,,,false,true,,,,,,,false,,false,#1 Bassl-Stimme in B,,,XLSX_SOT_NORMALIZED,Produktpalette(2).xlsx:MusikHeroes,32,EXACT,,false,,,
XW-521.16,XW-521.16,,,2524b899-5f8b-522a-b142-bc278cd22365,ZUSATZSTIMME|tanzl & g'stanzl #1 - bassl-stimme in c,HIGH,true,CANONICAL,live,ACTIVE,true,false,MusikHeroes,MusikHeroes,Zusatzstimme,Tanzl & G'stanzl,T&G,1,Tanzl & G'stanzl,ADDITIONAL_VOICE,digital,,,C,,,,,,,DIGITAL,Tanzl & G'stanzl #1 - Bassl-Stimme in C,T&G#1 Bassl-C,T&G#1_Bassl-C,Tanzl & G'stanzl #1 - Bassl-Stimme in C ist eine Zusatzstimmen-Ausgabe im MusikHeroes-Produktkatalog.,AUTO_DRAFT,GENERATED,Format: DIGITAL,Kategorie: Zusatzstimme,,,,,,10.00,,EUR,,,,,,,,,,,,,,,,,,,,,,,false,true,,,,,,,false,,false,#1 Bassl-Stimme in C,,,XLSX_SOT_NORMALIZED,Produktpalette(2).xlsx:MusikHeroes,33,EXACT,,false,,,
XW-521.17,XW-521.17,,,ac6df757-492c-5294-9835-6c196a2491d5,PLAYALONG|tanzl & g'stanzl #1 - playalongs horn,HIGH,true,CANONICAL,live,ACTIVE,true,false,MusikHeroes,MusikHeroes,Playalong,Tanzl & G'stanzl,T&G,1,Tanzl & G'stanzl,PLAYALONG,digital,Horn,,,,,,,,,PLAYALONG,Tanzl & G'stanzl #1 - Playalongs Horn,T&G#1 PA HRN,T&G#1_PA-HRN,Tanzl & G'stanzl #1 - Playalongs Horn ist ein Playalong-Produkt im MusikHeroes-Produktkatalog.,AUTO_DRAFT,GENERATED,Instrument: Horn,Format: PLAYALONG,Kategorie: Playalong,,,,,10.00,,EUR,,,,,,,,,,,,,,,,,,,,,,,false,true,,,,,,,false,,false,#1 Playalongs HRN,,,XLSX_SOT_NORMALIZED,Produktpalette(2).xlsx:MusikHeroes,34,EXACT,,false,,,
XW-521.18,XW-521.18,,,495007a5-156e-5bae-aff3-2cc5d0db13de,RESERVED|XW-521.18,LOW,true,CANONICAL,draft,RESERVED,false,false,MusikHeroes,MusikHeroes,Reserviert,Tanzl & G'stanzl,T&G,,,RESERVED,physical,,,,,,,,,,PHYSICAL,Reserviert - XW-521.18,Reserviert XW-521.18,XW-521.18,Reserviert - XW-521.18 ist eine reservierte Artikelnummer im XW Product Hub.,AUTO_DRAFT,GENERATED,Format: PHYSICAL,,,,,,,10.00,,EUR,,,,,,,,,,,,,,,,,,,,,,,false,false,,,,,,,false,,false,,,,XLSX_SOT_RESERVED,Produktpalette(2).xlsx:MusikHeroes,35,RESERVED,,false,,,
XW-521.19,XW-521.19,,,d37fdc51-ec7a-5b11-bd92-2ddfd1520685,RESERVED|XW-521.19,LOW,true,CANONICAL,draft,RESERVED,false,false,MusikHeroes,MusikHeroes,Reserviert,Tanzl & G'stanzl,T&G,,,RESERVED,physical,,,,,,,,,,PHYSICAL,Reserviert - XW-521.19,Reserviert XW-521.19,XW-521.19,Reserviert - XW-521.19 ist eine reservierte Artikelnummer im XW Product Hub.,AUTO_DRAFT,GENERATED,Format: PHYSICAL,,,,,,,10.00,,EUR,,,,,,,,,,,,,,,,,,,,,,,false,false,,,,,,,false,,false,,,,XLSX_SOT_RESERVED,Produktpalette(2).xlsx:MusikHeroes,36,RESERVED,,false,,,
XW-521.20,XW-521.20,,,81e044e4-380a-5c2d-a369-b3f5880f2034,RESERVED|XW-521.20,LOW,true,CANONICAL,draft,RESERVED,false,false,MusikHeroes,MusikHeroes,Reserviert,Tanzl & G'stanzl,T&G,,,RESERVED,physical,,,,,,,,,,PHYSICAL,Reserviert - XW-521.20,Reserviert XW-521.20,XW-521.20,Reserviert - XW-521.20 ist eine reservierte Artikelnummer im XW Product Hub.,AUTO_DRAFT,GENERATED,Format: PHYSICAL,,,,,,,10.00,,EUR,,,,,,,,,,,,,,,,,,,,,,,false,false,,,,,,,false,,false,,,,XLSX_SOT_RESERVED,Produktpalette(2).xlsx:MusikHeroes,37,RESERVED,,false,,,
XW-522.01,XW-522.01,,,d24f83cf-0bb9-57f5-aa0f-3c7cb2458955,UNTERRICHTSHEFT|tanzl & g'stanzl #2 - trompete,HIGH,true,CANONICAL,live,ACTIVE,true,false,MusikHeroes,MusikHeroes,Unterrichtsheft,Tanzl & G'stanzl,T&G,2,Tanzl & G'stanzl,EDITION,physical,Trompete,,,,,,,,,PHYSICAL,Tanzl & G'stanzl #2 - Trompete,T&G#2 TRP,T&G#2_TRP,"Volksmusik für Aufsteiger aus der Serie MusikHeroes
→ 38 coole Volksmusikstücke mit Playalongs für Trompete (Schwierigkeit: 2 – leicht)
→ Solostimme für Trompete, Tenorhorn oder andere Instrumente im Violinschlüssel in B
→ Moderne Unterrichtsliteratur - durchdacht konzipiert, humorvoll präsentiert und stilvoll begleitet
→ Alle Playalongs sind mit einer echten Band eingespielt und mittels QR-Code kostenlos zu beziehen",SOURCE,AMAZON,38 coole Volksmusikstücke mit Playalongs für Trompete (Schwierigkeit: 2 – leicht),"Solostimme für Trompete, Tenorhorn oder andere Instrumente im Violinschlüssel in B","Moderne Unterrichtsliteratur - durchdacht konzipiert, humorvoll präsentiert und stilvoll begleitet",Alle Playalongs sind mit einer echten Band eingespielt und mittels QR-Code kostenlos zu beziehen,,B2B|AMAZON,22.64,10.00,24.90,EUR,ERP_NET,720.00,true,300.0,9783903426078,3903426075,,3903426075,DERIVED_FROM_ISBN13_BOOK,false,,MISSING_IN_REPORT,XW-522.01,Aktiv,ABIS_BOOK,ISBN,9783903426078,Versand durch Amazon (EU),,Tanzl & G'stanzl #2 - Trompete,Tanzl & G'stanzl #2 - Trompete,"<br><p><strong>Volksmusik für Aufsteiger aus der Serie <em>MusikHeroes</em></strong></p> <p>&rarr; 38 coole Volksmusikst&uuml;cke mit Playalongs f&uuml;r Trompete (Schwierigkeit: 2 &ndash; leicht)</p> <p>&rarr; Solostimme f&uuml;r Trompete, Tenorhorn oder andere Instrumente im Violinschl&uuml;ssel in Bb</p> <p>&rarr; Moderne Unterrichtsliteratur - durchdacht konzipiert, humorvoll präsentiert und stilvoll begleitet</p> <p>&rarr; Alle Playalongs sind mit einer echten Band eingespielt und mittels QR-Code kostenlos zu beziehen</p><br>",true,true,product_4dc84e7b-4518-0afc-59b3-b12b7affbe5a,product_4dc84e7b-4518-0afc-59b3-b12b7affbe5a,true,MusikHeroes-Gesamt|MusikHeroes-Editionen|MH-Trompete|B2B,4f718e_066194b26dd24eb1855d1946ed123fa6~mv2.jpg|4f718e_4882498599ab4e568eed2d78aa2c6f77~mv2.jpg|4f718e_a3548a8e627144208a5ec22d3c1fc822~mv2.jpg|4f718e_89fe145124aa4681b24305562e34c6b9~mv2.jpg,<p><strong>38 alpenländische Volksmusikstücke mit Playalongs</strong></p><p>für Instrumente im Violinschlüssel in Bb</p>,true,MusikHeroes,true,Tanz-&G'stanzl #2 TRP,Tanzl&G'stanzl #2 - Trompete,Tanzl & G'stanzl #2 TRP,XLSX_SOT_NORMALIZED,Produktpalette(2).xlsx:MusikHeroes,42,EXACT,,false,,,
XW-522.02,XW-522.02,,,57eea40f-3f95-59b4-908d-baf314ec0393,UNTERRICHTSHEFT|tanzl & g'stanzl #2 - posaune,HIGH,true,CANONICAL,live,ACTIVE,true,false,MusikHeroes,MusikHeroes,Unterrichtsheft,Tanzl & G'stanzl,T&G,2,Tanzl & G'stanzl,EDITION,physical,Posaune,,,,,,,,,PHYSICAL,Tanzl & G'stanzl #2 - Posaune,T&G#2 POS,T&G#2_POS,"Volksmusik für Aufsteiger aus der Serie MusikHeroes
→ 38 coole Volksmusikstücke mit Playalongs für Posaune (Schwierigkeit: 2 – leicht)
→ Solostimme für Posaune, Euphonium oder andere Instrumente im Bassschlüssel in C
→ Moderne Unterrichtsliteratur - durchdacht konzipiert, humorvoll präsentiert und stilvoll begleitet
→ Alle Playalongs sind mit einer echten Band eingespielt und mittels QR-Code kostenlos zu beziehen",SOURCE,AMAZON,38 coole Volksmusikstücke mit Playalongs für Posaune (Schwierigkeit: 2 – leicht),"Solostimme für Posaune, Euphonium oder andere Instrumente im Bassschlüssel in C","Moderne Unterrichtsliteratur - durchdacht konzipiert, humorvoll präsentiert und stilvoll begleitet",Alle Playalongs sind mit einer echten Band eingespielt und mittels QR-Code kostenlos zu beziehen,,B2B|AMAZON,22.64,10.00,24.90,EUR,ERP_NET,540.00,true,300.0,9783903426085,3903426083,,3903426083,DERIVED_FROM_ISBN13_BOOK,false,,MISSING_IN_REPORT,XW-522.02,Aktiv,ABIS_BOOK,ISBN,9783903426085,Versand durch Amazon (EU),,Tanzl & G'stanzl #2 - Posaune,Tanzl & G'stanzl #2 - Posaune,"<br><p><strong>Volksmusik für Aufsteiger aus der Serie <em>MusikHeroes</em></strong></p> <p>&rarr; 38 coole Volksmusikst&uuml;cke mit Playalongs f&uuml;r Posaune (Schwierigkeit: 2 &ndash; leicht)</p> <p>&rarr; Solostimme f&uuml;r Posaune, Euphonium oder andere Instrumente im Bassschl&uuml;ssel in C</p> <p>&rarr; Moderne Unterrichtsliteratur - durchdacht konzipiert, humorvoll präsentiert und stilvoll begleitet</p> <p>&rarr; Alle Playalongs sind mit einer echten Band eingespielt und mittels QR-Code kostenlos zu beziehen</p><br>",true,true,product_b61dc34d-d8bd-d943-92b0-6755515982ed,product_b61dc34d-d8bd-d943-92b0-6755515982ed,true,MusikHeroes-Gesamt|MusikHeroes-Editionen|MH-Posaune|B2B,4f718e_d0477753b2944d23b3126c7dd4bf7ece~mv2.jpg|4f718e_8781f3a4af044b4d9ac0918bea4dcec7~mv2.jpg|4f718e_ba80855a800147ed8acade38efde42d5~mv2.jpg|4f718e_0430ea71e2bb430287792ddbca18731b~mv2.jpg,<p><strong>38 alpenländische Volksmusikstücke mit Playalongs</strong></p><p>für Instrumente im Bassschlüssel in C</p>,true,MusikHeroes,true,Tanz-&G'stanzl #2 POS,Tanzl&G'stanzl #2 - Posaune,Tanzl & G'stanzl #2 POS,XLSX_SOT_NORMALIZED,Produktpalette(2).xlsx:MusikHeroes,43,EXACT,,false,,,
XW-522.03,XW-522.03,,,26a18bea-b026-576e-95fd-a7d2622456aa,ZUSATZSTIMME|tanzl & g'stanzl #2 - 2. stimme in b (tief),HIGH,true,CANONICAL,live,ACTIVE,true,false,MusikHeroes,MusikHeroes,Zusatzstimme,Tanzl & G'stanzl,T&G,2,Tanzl & G'stanzl,ADDITIONAL_VOICE,digital,,2,B,tief,,,,,,DIGITAL,Tanzl & G'stanzl #2 - 2. Stimme in B (tief),T&G#2 2B-t,T&G#2_2B-t,Tanzl & G'stanzl #2 - 2. Stimme in B (tief) ist eine Zusatzstimmen-Ausgabe im MusikHeroes-Produktkatalog.,AUTO_DRAFT,GENERATED,Format: DIGITAL,Kategorie: Zusatzstimme,,,,,5.00,10.00,5.50,EUR,ERP_NET,0.00,true,,,,,,,,,,,,,,,,,,,,false,true,,,,,,,true,MusikHeroes_Noten digital,false,#2 Zusatzstimme in B (tief),,ZST T&G #2 - 2.Stimme B,XLSX_SOT_NORMALIZED,Produktpalette(2).xlsx:MusikHeroes,44,EXACT,,false,,,
XW-522.03-P,XW-522.03-P,,XW-522.03,26a18bea-b026-576e-95fd-a7d2622456aa,ZUSATZSTIMME|tanzl & g'stanzl #2 - 2. stimme in b (tief),HIGH,false,FORMAT_VARIANT,live,ACTIVE,true,false,MusikHeroes,MusikHeroes,Zusatzstimme,Tanzl & G'stanzl,T&G,2,Tanzl & G'stanzl,ADDITIONAL_VOICE,digital,,2,B,tief,,,,,,PRINT_AT_HOME,Tanzl & G'stanzl #2 - 2. Stimme in B (tief),T&G#2 2B-t,T&G#2_2B-t,2.Stimme in B (tief) für Trompete und andere Instrumente im Violinschlüssel in B als PRINT,SOURCE,WIX,2.Stimme in B (tief) für Trompete und andere Instrumente im Violinschlüssel in B als PRINT,,,,,B2B,9.00,10.00,9.90,EUR,ERP_NET,2.00,true,100.0,,,,,,,,,,,,,,,,,,,true,true,product_cb0637de-709e-0d91-42d3-8686b3d8c296,product_cb0637de-709e-0d91-42d3-8686b3d8c296,true,MH-ZST physisch GESAMT|B2B|MusikHeroes-Gesamt,4f718e_6b9409a82f0042868ee6035e094ca432~mv2.jpg|4f718e_29a1aaf9e1e941558882c1d449bb4101~mv2.jpg,<p>2.Stimme in B (tief) für Trompete und andere Instrumente im Violinschlüssel in B<strong>&nbsp;</strong>als PRINT</p>,true,MusikHeroes_Print@Home,false,#2 Zusatzstimme in B (tief) 🖨️,Tanzl&G'stanzl #2 / 2.Stimme in B (tief) [PRINT],ZST T&G#2_2B-tief,XLSX_SOT_NORMALIZED,Produktpalette(2).xlsx:MusikHeroes,44,DERIVED,,false,,,
XW-522.04,XW-522.04,,,2d32470c-cd1b-54f3-aaf1-6cea54b0676e,ZUSATZSTIMME|tanzl & g'stanzl #2 - 2. stimme in c,HIGH,true,CANONICAL,live,ACTIVE,true,false,MusikHeroes,MusikHeroes,Zusatzstimme,Tanzl & G'stanzl,T&G,2,Tanzl & G'stanzl,ADDITIONAL_VOICE,digital,,2,C,,,,,,,DIGITAL,Tanzl & G'stanzl #2 - 2. Stimme in C,T&G#2 2C,T&G#2_2C,Tanzl & G'stanzl #2 - 2. Stimme in C ist eine Zusatzstimmen-Ausgabe im MusikHeroes-Produktkatalog.,AUTO_DRAFT,GENERATED,Format: DIGITAL,Kategorie: Zusatzstimme,,,,,5.00,10.00,5.50,EUR,ERP_NET,0.00,true,,,,,,,,,,,,,,,,,,,,false,true,,,,,,,true,MusikHeroes_Noten digital,false,#2 Zusatzstimme in C,,ZST T&G #2 - 2.Stimme C,XLSX_SOT_NORMALIZED,Produktpalette(2).xlsx:MusikHeroes,46,EXACT,,false,,,
XW-522.04-P,XW-522.04-P,,XW-522.04,2d32470c-cd1b-54f3-aaf1-6cea54b0676e,ZUSATZSTIMME|tanzl & g'stanzl #2 - 2. stimme in c,HIGH,false,FORMAT_VARIANT,live,ACTIVE,true,false,MusikHeroes,MusikHeroes,Zusatzstimme,Tanzl & G'stanzl,T&G,2,Tanzl & G'stanzl,ADDITIONAL_VOICE,digital,,2,C,,,,,,,PRINT_AT_HOME,Tanzl & G'stanzl #2 - 2. Stimme in C,T&G#2 2C,T&G#2_2C,2.Stimme in C für Posaune und andere Instrumente im Bassschlüssel in C als PRINT,SOURCE,WIX,2.Stimme in C für Posaune und andere Instrumente im Bassschlüssel in C als PRINT,,,,,B2B,9.00,10.00,9.90,EUR,ERP_NET,0.00,true,100.0,,,,,,,,,,,,,,,,,,,true,true,product_6202df91-5b03-0dc0-bd87-95c2547fb5a9,product_6202df91-5b03-0dc0-bd87-95c2547fb5a9,true,MH-ZST physisch GESAMT|B2B|MusikHeroes-Gesamt,4f718e_072b6773b4684be8b5261e7ab69523d3~mv2.jpg|4f718e_855642ae93e946d595d9634eb63cb258~mv2.jpg,<p>2.Stimme in C für Posaune und andere Instrumente im Bassschlüssel in C<strong>&nbsp;</strong>als PRINT</p>,true,MusikHeroes_Print@Home,false,#2 Zusatzstimme in C 🖨️,Tanzl&G'stanzl #2 / 2.Stimme in C [BS] [PRINT],ZST T&G#2_2C [BS],XLSX_SOT_NORMALIZED,Produktpalette(2).xlsx:MusikHeroes,46,DERIVED,,false,,,
XW-522.05,XW-522.05,,,164adeda-904e-5b6c-adb9-b36dd35767f8,ZUSATZSTIMME|tanzl & g'stanzl #2 - begleitstimme in c,HIGH,true,CANONICAL,live,ACTIVE,true,false,MusikHeroes,MusikHeroes,Zusatzstimme,Tanzl & G'stanzl,T&G,2,Tanzl & G'stanzl,ADDITIONAL_VOICE,digital,,,C,,,,,,,DIGITAL,Tanzl & G'stanzl #2 - Begleitstimme in C,T&G#2 Begl-C,T&G#2_Begl-C,Tanzl & G'stanzl #2 - Begleitstimme in C ist eine Zusatzstimmen-Ausgabe im MusikHeroes-Produktkatalog.,AUTO_DRAFT,GENERATED,Format: DIGITAL,Kategorie: Zusatzstimme,,,,,5.00,10.00,5.50,EUR,ERP_NET,0.00,true,,,,,,,,,,,,,,,,,,,,false,true,,,,,,,true,MusikHeroes_Noten digital,false,#2 Begleitstimme in C,,ZST T&G #2 - Begl. C,XLSX_SOT_NORMALIZED,Produktpalette(2).xlsx:MusikHeroes,48,EXACT,,false,,,
XW-522.05-P,XW-522.05-P,,XW-522.05,164adeda-904e-5b6c-adb9-b36dd35767f8,ZUSATZSTIMME|tanzl & g'stanzl #2 - begleitstimme in c,HIGH,false,FORMAT_VARIANT,live,ACTIVE,true,false,MusikHeroes,MusikHeroes,Zusatzstimme,Tanzl & G'stanzl,T&G,2,Tanzl & G'stanzl,ADDITIONAL_VOICE,digital,,,C,,,,,,,PRINT_AT_HOME,Tanzl & G'stanzl #2 - Begleitstimme in C,T&G#2 Begl-C,T&G#2_Begl-C,"Begleitstimme in C (""Leadsheet"") für Klavier, Gitarre, Akkordeon, Diat. Harmonika u.v.m. als PRINT",SOURCE,WIX,"Begleitstimme in C (""Leadsheet"") für Klavier, Gitarre, Akkordeon, Diat. Harmonika u.v.m. als PRINT",,,,,B2B,9.00,10.00,9.90,EUR,ERP_NET,0.00,true,100.0,,,,,,,,,,,,,,,,,,,true,true,product_f1c0d23f-63df-776e-7c8d-b814d867802e,product_f1c0d23f-63df-776e-7c8d-b814d867802e,true,MH-ZST physisch GESAMT|B2B|MusikHeroes-Gesamt,4f718e_0751f5adfbd44f3c972aacaa82de697c~mv2.jpg|4f718e_f823d92da1874ea19dd835ab0fc47a95~mv2.jpg,"<p>Begleitstimme in C (""Leadsheet"") für Klavier, Gitarre, Akkordeon, Diat. Harmonika u.v.m. als PRINT</p>",true,MusikHeroes_Print@Home,false,#2 Begleitstimme in C 🖨️,Tanzl&G'stanzl #2 / Begleitstimme in C [PRINT],ZST T&G#2_LS,XLSX_SOT_NORMALIZED,Produktpalette(2).xlsx:MusikHeroes,48,DERIVED,,false,,,
XW-522.06,XW-522.06,,,d7b91216-1fe6-5205-8197-c2b3e439cc8c,PLAYALONG|tanzl & g'stanzl #2 - playalongs trompete,HIGH,true,CANONICAL,live,ACTIVE,true,false,MusikHeroes,MusikHeroes,Playalong,Tanzl & G'stanzl,T&G,2,Tanzl & G'stanzl,PLAYALONG,digital,Trompete,,,,,,,,,PLAYALONG,Tanzl & G'stanzl #2 - Playalongs Trompete,T&G#2 PA TRP,T&G#2_PA-TRP,Tanzl & G'stanzl #2 - Playalongs Trompete ist ein Playalong-Produkt im MusikHeroes-Produktkatalog.,AUTO_DRAFT,GENERATED,Instrument: Trompete,Format: PLAYALONG,Kategorie: Playalong,,,,5.00,10.00,5.50,EUR,ERP_NET,0.00,true,,,,,,,,,,,,,,,,,,,,false,true,,,,,,,true,MusikHeroes_Playalongs digital,false,#2 Playalongs TRP,,Playalongs T&G #2 TRP,XLSX_SOT_NORMALIZED,Produktpalette(2).xlsx:MusikHeroes,50,EXACT,,false,,,
XW-522.07,XW-522.07,,,4d57c5bc-bd45-5cd4-b276-790d4f1e2641,PLAYALONG|tanzl & g'stanzl #2 - playalongs posaune,HIGH,true,CANONICAL,live,ACTIVE,true,false,MusikHeroes,MusikHeroes,Playalong,Tanzl & G'stanzl,T&G,2,Tanzl & G'stanzl,PLAYALONG,digital,Posaune,,,,,,,,,PLAYALONG,Tanzl & G'stanzl #2 - Playalongs Posaune,T&G#2 PA POS,T&G#2_PA-POS,Tanzl & G'stanzl #2 - Playalongs Posaune ist ein Playalong-Produkt im MusikHeroes-Produktkatalog.,AUTO_DRAFT,GENERATED,Instrument: Posaune,Format: PLAYALONG,Kategorie: Playalong,,,,5.00,10.00,5.50,EUR,ERP_NET,0.00,true,,,,,,,,,,,,,,,,,,,,false,true,,,,,,,true,MusikHeroes_Playalongs digital,false,#2 Playalongs POS,,Playalongs T&G #2 POS,XLSX_SOT_NORMALIZED,Produktpalette(2).xlsx:MusikHeroes,51,EXACT,,false,,,
XW-522.08,XW-522.08,,,e6a0f69c-c09f-5869-94d0-9ef664299304,UNTERRICHTSHEFT|tanzl & g'stanzl #2 - f-tuba,HIGH,true,CANONICAL,live,ACTIVE,true,false,MusikHeroes,MusikHeroes,Unterrichtsheft,Tanzl & G'stanzl,T&G,2,Tanzl & G'stanzl,EDITION,physical,F-Tuba,,,,,,,,,PHYSICAL,Tanzl & G'stanzl #2 - F-Tuba,T&G#2 FTB,T&G#2_FTB,"Volksmusik für Aufsteiger aus der Serie MusikHeroes
→ 38 coole Volksmusikstücke mit Playalongs für F-Tuba (Schwierigkeit: 2 – leicht)
→ Solostimme für F-Tuba im Bassschlüssel in C
→ Moderne Unterrichtsliteratur - durchdacht konzipiert, humorvoll präsentiert und stilvoll begleitet
→ Alle Playalongs sind mit einer echten Band eingespielt und mittels QR-Code kostenlos zu beziehen",SOURCE,AMAZON,38 coole Volksmusikstücke mit Playalongs für F-Tuba (Schwierigkeit: 2 – leicht),Solostimme für F-Tuba im Bassschlüssel in C,"Moderne Unterrichtsliteratur - durchdacht konzipiert, humorvoll präsentiert und stilvoll begleitet",Alle Playalongs sind mit einer echten Band eingespielt und mittels QR-Code kostenlos zu beziehen,,B2B|AMAZON,22.64,10.00,24.90,EUR,ERP_NET,492.00,true,300.0,9783903426160,3903426164,9783903426160,3903426164,DERIVED_FROM_ISBN13_BOOK,false,,MISSING_IN_REPORT,XW-522.08,Aktiv,ABIS_BOOK,EAN,9783903426160,Versand durch Amazon (EU),,Tanzl & G'stanzl #2 - F-Tuba,Tanzl & G'stanzl #2 - F-Tuba,"<br><p><strong>Volksmusik für Aufsteiger aus der Serie <em>MusikHeroes</em></strong></p> <p>&rarr; 38 coole Volksmusikst&uuml;cke mit Playalongs f&uuml;r F-Tuba (Schwierigkeit: 2 &ndash; leicht)</p> <p>&rarr; Solostimme f&uuml;r F-Tuba im Bassschl&uuml;ssel in C</p> <p>&rarr; Moderne Unterrichtsliteratur - durchdacht konzipiert, humorvoll präsentiert und stilvoll begleitet</p> <p>&rarr; Alle Playalongs sind mit einer echten Band eingespielt und mittels QR-Code kostenlos zu beziehen</p><br>",true,true,product_48b45c61-40ec-ed24-9973-cac5863b7c58,product_48b45c61-40ec-ed24-9973-cac5863b7c58,true,MusikHeroes-Gesamt|MusikHeroes-Editionen|MH-F-Tuba|B2B,4f718e_0939cb9566ed4341b34e1131c884be23~mv2.jpg|4f718e_f11ff927914942818fe3665c9124d49b~mv2.jpg|4f718e_7bfab451ec5a4dd4ac5a0d31072e475e~mv2.jpg|4f718e_1905a801f4014419a6c6b06576eacb2a~mv2.jpg,<p>38 einfache alpenländische Volksmusikstücke mit Playalongs</p><p>für F-Tuba oder Bassposaune in C</p>,true,MusikHeroes,true,Tanz-&G'stanzl #2 FTB,Tanzl&G'stanzl #2 - F-Tuba,Tanzl & G'stanzl #2 FTB,XLSX_SOT_NORMALIZED,Produktpalette(2).xlsx:MusikHeroes,52,EXACT,,false,,,
XW-522.09,XW-522.09,,,df3b1f71-9756-52ab-9a93-393eecdeda95,UNTERRICHTSHEFT|tanzl & g'stanzl #2 - b-tuba,HIGH,true,CANONICAL,live,ACTIVE,true,false,MusikHeroes,MusikHeroes,Unterrichtsheft,Tanzl & G'stanzl,T&G,2,Tanzl & G'stanzl,EDITION,physical,B-Tuba,,,,,,,,,PHYSICAL,Tanzl & G'stanzl #2 - B-Tuba,T&G#2 BTB,T&G#2_BTB,"Volksmusik für Aufsteiger aus der Serie MusikHeroes
→ 38 coole Volksmusikstücke mit Playalongs für B-Tuba (Schwierigkeit: 2 – leicht)
→ Solostimme für B-Tuba im Bassschlüssel in C
→ Moderne Unterrichtsliteratur - durchdacht konzipiert, humorvoll präsentiert und stilvoll begleitet
→ Alle Playalongs sind mit einer echten Band eingespielt und mittels QR-Code kostenlos zu beziehen",SOURCE,AMAZON,38 coole Volksmusikstücke mit Playalongs für B-Tuba (Schwierigkeit: 2 – leicht),Solostimme für B-Tuba im Bassschlüssel in C,"Moderne Unterrichtsliteratur - durchdacht konzipiert, humorvoll präsentiert und stilvoll begleitet",Alle Playalongs sind mit einer echten Band eingespielt und mittels QR-Code kostenlos zu beziehen,,B2B|AMAZON,22.64,10.00,24.90,EUR,ERP_NET,492.00,true,300.0,9783903426207,3903426202,9783903426207,3903426202,DERIVED_FROM_ISBN13_BOOK,false,,MISSING_IN_REPORT,XW-522.09,Aktiv,ABIS_BOOK,EAN,9783903426207,Versand durch Amazon (EU),,Tanzl & G'stanzl #2 - B-Tuba,Tanzl & G'stanzl #2 - B-Tuba,"<br><p><strong>Volksmusik für Aufsteiger aus der Serie <em>MusikHeroes</em></strong></p> <p>&rarr; 38 coole Volksmusikst&uuml;cke mit Playalongs f&uuml;r B-Tuba (Schwierigkeit: 2 &ndash; leicht)</p> <p>&rarr; Solostimme f&uuml;r B-Tuba im Bassschl&uuml;ssel in C</p> <p>&rarr; Moderne Unterrichtsliteratur - durchdacht konzipiert, humorvoll präsentiert und stilvoll begleitet</p> <p>&rarr; Alle Playalongs sind mit einer echten Band eingespielt und mittels QR-Code kostenlos zu beziehen</p><br>",true,true,product_9041eff7-338d-b4a3-5664-1035847300c0,product_9041eff7-338d-b4a3-5664-1035847300c0,true,MusikHeroes-Gesamt|MusikHeroes-Editionen|MH-B-Tuba|B2B,4f718e_482674b6852c4f74b7df357b0a4fb0ef~mv2.jpg|4f718e_7ad7a198695c4e2c82b519c84a1c0e3e~mv2.jpg|4f718e_1f6be771786247719a201f750eddd116~mv2.jpg|4f718e_8f103ba730c7480cbf26b74ad79e82ec~mv2.jpg,<p>38 einfache alpenländische Volksmusikstücke mit Playalongs</p><p>für B-Tuba in C</p>,true,MusikHeroes,true,Tanz-&G'stanzl #2 BTB,Tanzl&G'stanzl #2 - B-Tuba,Tanzl & G'stanzl #2 BTB,XLSX_SOT_NORMALIZED,Produktpalette(2).xlsx:MusikHeroes,53,EXACT,,false,,,
XW-522.10,XW-522.10,,,dbc36cc5-41d2-55e2-8831-f4e43779cc37,PLAYALONG|tanzl & g'stanzl #2 - playalongs f-tuba,HIGH,true,CANONICAL,live,ACTIVE,true,false,MusikHeroes,MusikHeroes,Playalong,Tanzl & G'stanzl,T&G,2,Tanzl & G'stanzl,PLAYALONG,digital,F-Tuba,,,,,,,,,PLAYALONG,Tanzl & G'stanzl #2 - Playalongs F-Tuba,T&G#2 PA FTB,T&G#2_PA-FTB,Tanzl & G'stanzl #2 - Playalongs F-Tuba ist ein Playalong-Produkt im MusikHeroes-Produktkatalog.,AUTO_DRAFT,GENERATED,Instrument: F-Tuba,Format: PLAYALONG,Kategorie: Playalong,,,,5.00,10.00,5.50,EUR,ERP_NET,0.00,true,,,,,,,,,,,,,,,,,,,,false,true,,,,,,,true,MusikHeroes_Playalongs digital,false,#2 Playalongs FTB,,Playalongs T&G#2 FTB,XLSX_SOT_NORMALIZED,Produktpalette(2).xlsx:MusikHeroes,54,EXACT,,false,,,
XW-522.11,XW-522.11,,,2b13090e-b3e7-55ca-a909-3375ab51e7e7,PLAYALONG|tanzl & g'stanzl #2 - playalongs b-tuba,HIGH,true,CANONICAL,live,ACTIVE,true,false,MusikHeroes,MusikHeroes,Playalong,Tanzl & G'stanzl,T&G,2,Tanzl & G'stanzl,PLAYALONG,digital,B-Tuba,,,,,,,,,PLAYALONG,Tanzl & G'stanzl #2 - Playalongs B-Tuba,T&G#2 PA BTB,T&G#2_PA-BTB,Tanzl & G'stanzl #2 - Playalongs B-Tuba ist ein Playalong-Produkt im MusikHeroes-Produktkatalog.,AUTO_DRAFT,GENERATED,Instrument: B-Tuba,Format: PLAYALONG,Kategorie: Playalong,,,,5.00,10.00,5.50,EUR,ERP_NET,0.00,true,,,,,,,,,,,,,,,,,,,,false,true,,,,,,,true,MusikHeroes_Playalongs digital,false,#2 Playalongs BTB,,Playalongs T&G#2 BTB,XLSX_SOT_NORMALIZED,Produktpalette(2).xlsx:MusikHeroes,55,EXACT,,false,,,
XW-522.12,XW-522.12,,,9dfff0df-10ee-5c15-b3b6-191fc09284e9,PLAYALONG|tanzl & g'stanzl #2 - playalongs in c,HIGH,true,CANONICAL,live,ACTIVE,true,false,MusikHeroes,MusikHeroes,Playalong,Tanzl & G'stanzl,T&G,2,Tanzl & G'stanzl,PLAYALONG,digital,,,C,,,,,,,PLAYALONG,Tanzl & G'stanzl #2 - Playalongs in C,T&G#2 PA in C,T&G#2_PA-in C,Tanzl & G'stanzl #2 - Playalongs in C ist ein Playalong-Produkt im MusikHeroes-Produktkatalog.,AUTO_DRAFT,GENERATED,Format: PLAYALONG,Kategorie: Playalong,,,,,5.00,10.00,5.50,EUR,ERP_NET,0.00,true,,,,,,,,,,,,,,,,,,,,false,true,,,,,,,true,MusikHeroes_Playalongs digital,false,#2 Playalongs in C,,Playalongs T&G#2 in C,XLSX_SOT_NORMALIZED,Produktpalette(2).xlsx:MusikHeroes,56,EXACT,,false,,,
XW-522.13,XW-522.13,,,ce791b0c-4951-5878-93e4-e11a8e4895c3,ZUSATZSTIMME|tanzl & g'stanzl #2 - 2. stimme in b (hoch),HIGH,true,CANONICAL,live,ACTIVE,true,false,MusikHeroes,MusikHeroes,Zusatzstimme,Tanzl & G'stanzl,T&G,2,Tanzl & G'stanzl,ADDITIONAL_VOICE,digital,,2,B,hoch,,,,,,DIGITAL,Tanzl & G'stanzl #2 - 2. Stimme in B (hoch),T&G#2 2B-h,T&G#2_2B-h,Tanzl & G'stanzl #2 - 2. Stimme in B (hoch) ist eine Zusatzstimmen-Ausgabe im MusikHeroes-Produktkatalog.,AUTO_DRAFT,GENERATED,Format: DIGITAL,Kategorie: Zusatzstimme,,,,,5.00,10.00,5.50,EUR,ERP_NET,0.00,true,,,,,,,,,,,,,,,,,,,,false,true,,,,,,,true,MusikHeroes_Noten digital,false,#2 Zusatzstimme in B (hoch),,ZST T&G#2- 2.St. B hoch,XLSX_SOT_NORMALIZED,Produktpalette(2).xlsx:MusikHeroes,57,EXACT,,false,,,
XW-522.13-P,XW-522.13-P,,XW-522.13,ce791b0c-4951-5878-93e4-e11a8e4895c3,ZUSATZSTIMME|tanzl & g'stanzl #2 - 2. stimme in b (hoch),HIGH,false,FORMAT_VARIANT,live,ACTIVE,true,false,MusikHeroes,MusikHeroes,Zusatzstimme,Tanzl & G'stanzl,T&G,2,Tanzl & G'stanzl,ADDITIONAL_VOICE,digital,,2,B,hoch,,,,,,PRINT_AT_HOME,Tanzl & G'stanzl #2 - 2. Stimme in B (hoch),T&G#2 2B-h,T&G#2_2B-h,2.Stimme in B (hoch) für Tenorhorn und andere Instrumente im Violinschlüssel in B als PRINT,SOURCE,WIX,2.Stimme in B (hoch) für Tenorhorn und andere Instrumente im Violinschlüssel in B als PRINT,,,,,B2B,9.00,10.00,9.90,EUR,ERP_NET,0.00,true,100.0,,,,,,,,,,,,,,,,,,,true,true,product_ef892fae-4550-309a-f131-1df0d11f70c9,product_ef892fae-4550-309a-f131-1df0d11f70c9,true,MH-ZST physisch GESAMT|B2B|MusikHeroes-Gesamt,4f718e_5eabb3afd636409cbbbf32f22ced6a8a~mv2.jpg|4f718e_852f05d00e35499b849e4e666fc2a942~mv2.jpg,<p>2.Stimme in B (hoch) für Tenorhorn und andere Instrumente im Violinschlüssel in B<strong>&nbsp;</strong>als PRINT</p>,true,MusikHeroes_Print@Home,false,#2 Zusatzstimme in B (hoch) 🖨️,Tanzl&G'stanzl #2 / 2.Stimme in B (hoch) [PRINT],ZST T&G#2_2B-hoch,XLSX_SOT_NORMALIZED,Produktpalette(2).xlsx:MusikHeroes,57,DERIVED,,false,,,
XW-522.14,XW-522.14,,,cc50b009-1cd0-55a2-8a65-25cca2268018,ZUSATZSTIMME|tanzl & g'stanzl #2 - bassl-stimme in b,HIGH,true,CANONICAL,live,ACTIVE,true,false,MusikHeroes,MusikHeroes,Zusatzstimme,Tanzl & G'stanzl,T&G,2,Tanzl & G'stanzl,ADDITIONAL_VOICE,digital,,,B,,,,,,,DIGITAL,Tanzl & G'stanzl #2 - Bassl-Stimme in B,T&G#2 Bassl-B,T&G#2_Bassl-B,Tanzl & G'stanzl #2 - Bassl-Stimme in B ist eine Zusatzstimmen-Ausgabe im MusikHeroes-Produktkatalog.,AUTO_DRAFT,GENERATED,Format: DIGITAL,Kategorie: Zusatzstimme,,,,,,10.00,,EUR,,,,,,,,,,,,,,,,,,,,,,,false,true,,,,,,,false,,false,#2 Bassl-Stimme in B,,,XLSX_SOT_NORMALIZED,Produktpalette(2).xlsx:MusikHeroes,59,EXACT,,false,,,
XW-522.15,XW-522.15,,,220065ce-78c8-5aac-a02f-c2ed4cc8f69f,ZUSATZSTIMME|tanzl & g'stanzl #2 - bassl-stimme in c,HIGH,true,CANONICAL,live,ACTIVE,true,false,MusikHeroes,MusikHeroes,Zusatzstimme,Tanzl & G'stanzl,T&G,2,Tanzl & G'stanzl,ADDITIONAL_VOICE,digital,,,C,,,,,,,DIGITAL,Tanzl & G'stanzl #2 - Bassl-Stimme in C,T&G#2 Bassl-C,T&G#2_Bassl-C,Tanzl & G'stanzl #2 - Bassl-Stimme in C ist eine Zusatzstimmen-Ausgabe im MusikHeroes-Produktkatalog.,AUTO_DRAFT,GENERATED,Format: DIGITAL,Kategorie: Zusatzstimme,,,,,,10.00,,EUR,,,,,,,,,,,,,,,,,,,,,,,false,true,,,,,,,false,,false,#2 Bassl-Stimme in C,,,XLSX_SOT_NORMALIZED,Produktpalette(2).xlsx:MusikHeroes,60,EXACT,,false,,,
XW-522.16,XW-522.16,,,ccf4dff1-8e0f-543b-b7c7-9d6338c4a212,PLAYALONG|tanzl & g'stanzl #2 - playalongs horn,HIGH,true,CANONICAL,live,ACTIVE,true,false,MusikHeroes,MusikHeroes,Playalong,Tanzl & G'stanzl,T&G,2,Tanzl & G'stanzl,PLAYALONG,digital,Horn,,,,,,,,,PLAYALONG,Tanzl & G'stanzl #2 - Playalongs Horn,T&G#2 PA HRN,T&G#2_PA-HRN,Tanzl & G'stanzl #2 - Playalongs Horn ist ein Playalong-Produkt im MusikHeroes-Produktkatalog.,AUTO_DRAFT,GENERATED,Instrument: Horn,Format: PLAYALONG,Kategorie: Playalong,,,,,10.00,,EUR,,,,,,,,,,,,,,,,,,,,,,,false,true,,,,,,,false,,false,#2 Playalongs HRN,,,XLSX_SOT_NORMALIZED,Produktpalette(2).xlsx:MusikHeroes,61,EXACT,,false,,,
XW-522.17,XW-522.17,,,23e7d2eb-593e-5802-96b7-44082fa25886,RESERVED|XW-522.17,LOW,true,CANONICAL,draft,RESERVED,false,false,MusikHeroes,MusikHeroes,Reserviert,Tanzl & G'stanzl,T&G,,,RESERVED,physical,,,,,,,,,,PHYSICAL,Reserviert - XW-522.17,Reserviert XW-522.17,XW-522.17,Reserviert - XW-522.17 ist eine reservierte Artikelnummer im XW Product Hub.,AUTO_DRAFT,GENERATED,Format: PHYSICAL,,,,,,,10.00,,EUR,,,,,,,,,,,,,,,,,,,,,,,false,false,,,,,,,false,,false,,,,XLSX_SOT_RESERVED,Produktpalette(2).xlsx:MusikHeroes,62,RESERVED,,false,,,
XW-522.18,XW-522.18,,,3c6c055b-cdae-5374-a583-be35624eed72,RESERVED|XW-522.18,LOW,true,CANONICAL,draft,RESERVED,false,false,MusikHeroes,MusikHeroes,Reserviert,Tanzl & G'stanzl,T&G,,,RESERVED,physical,,,,,,,,,,PHYSICAL,Reserviert - XW-522.18,Reserviert XW-522.18,XW-522.18,Reserviert - XW-522.18 ist eine reservierte Artikelnummer im XW Product Hub.,AUTO_DRAFT,GENERATED,Format: PHYSICAL,,,,,,,10.00,,EUR,,,,,,,,,,,,,,,,,,,,,,,false,false,,,,,,,false,,false,,,,XLSX_SOT_RESERVED,Produktpalette(2).xlsx:MusikHeroes,63,RESERVED,,false,,,
XW-522.19,XW-522.19,,,93cf9d7f-25a0-516b-b05f-e24b9b6b4df0,RESERVED|XW-522.19,LOW,true,CANONICAL,draft,RESERVED,false,false,MusikHeroes,MusikHeroes,Reserviert,Tanzl & G'stanzl,T&G,,,RESERVED,physical,,,,,,,,,,PHYSICAL,Reserviert - XW-522.19,Reserviert XW-522.19,XW-522.19,Reserviert - XW-522.19 ist eine reservierte Artikelnummer im XW Product Hub.,AUTO_DRAFT,GENERATED,Format: PHYSICAL,,,,,,,10.00,,EUR,,,,,,,,,,,,,,,,,,,,,,,false,false,,,,,,,false,,false,,,,XLSX_SOT_RESERVED,Produktpalette(2).xlsx:MusikHeroes,64,RESERVED,,false,,,
XW-522.20,XW-522.20,,,d44bd642-c0f7-5caa-a2ff-0d27aff739e2,RESERVED|XW-522.20,LOW,true,CANONICAL,draft,RESERVED,false,false,MusikHeroes,MusikHeroes,Reserviert,Tanzl & G'stanzl,T&G,,,RESERVED,physical,,,,,,,,,,PHYSICAL,Reserviert - XW-522.20,Reserviert XW-522.20,XW-522.20,Reserviert - XW-522.20 ist eine reservierte Artikelnummer im XW Product Hub.,AUTO_DRAFT,GENERATED,Format: PHYSICAL,,,,,,,10.00,,EUR,,,,,,,,,,,,,,,,,,,,,,,false,false,,,,,,,false,,false,,,,XLSX_SOT_RESERVED,Produktpalette(2).xlsx:MusikHeroes,65,RESERVED,,false,,,
XW-531.01,XW-531.01,,,3d331f92-212a-5bd3-8014-1385a6854170,UNTERRICHTSHEFT|warmups #1 - trompete,HIGH,true,CANONICAL,live,ACTIVE,true,false,MusikHeroes,MusikHeroes,Unterrichtsheft,WarmUps,WU,1,WarmUps,EDITION,physical,Trompete,,,,,,,,,PHYSICAL,WarmUps #1 - Trompete,WU#1 TRP,WU#1_TRP,"Aufwärmsongs mit Playalongs aus der Serie MusikHeroes
→ 25 Einspiel-Compilations mit Playalongs für Trompete (Schwierigkeit: 1 – sehr leicht)
→ Solostimme für Trompete, Tenorhorn oder andere Instrumente im Violinschlüssel in B
→ Moderne Unterrichtsliteratur - durchdacht konzipiert, humorvoll präsentiert und stilvoll begleitet
→ Alle Playalongs sind mittels QR-Code kostenlos zu beziehen",SOURCE,AMAZON,25 Einspiel-Compilations mit Playalongs für Trompete (Schwierigkeit: 1 – sehr leicht),"Solostimme für Trompete, Tenorhorn oder andere Instrumente im Violinschlüssel in B","Moderne Unterrichtsliteratur - durchdacht konzipiert, humorvoll präsentiert und stilvoll begleitet",Alle Playalongs sind mittels QR-Code kostenlos zu beziehen,,B2B|AMAZON,22.64,10.00,24.90,EUR,ERP_NET,988.00,true,300.0,9783903426115,3903426113,,3903426113,DERIVED_FROM_ISBN13_BOOK,false,,MISSING_IN_REPORT,XW-531.01,Aktiv,ABIS_BOOK,ISBN,9783903426115,Versand durch Amazon (EU),,WarmUps #1 - Trompete,WarmUps #1 - Trompete,"<br><p><strong>Aufwärmsongs mit Playalongs aus der Serie <em>MusikHeroes</em></strong></p> <p>→ 25 Einspiel-Compilations mit Playalongs für Trompete (Schwierigkeit: 1 – sehr leicht)</p> <p>→ Solostimme für Trompete, Tenorhorn oder andere Instrumente im Violinschlüssel in Bb</p> <p>→ Moderne Unterrichtsliteratur - durchdacht konzipiert, humorvoll präsentiert und stilvoll begleitet</p> <p>→ Alle Playalongs sind mittels QR-Code kostenlos zu beziehen</p><br>",true,true,product_b2c15f43-8b9f-b487-386d-667ec85d13b8,product_b2c15f43-8b9f-b487-386d-667ec85d13b8,true,MusikHeroes unveröffentlicht|MusikHeroes-Editionen|MH-Trompete|B2B,4f718e_94fe0d36b8444e3b8c17c196f7b39b51~mv2.jpg|4f718e_aed94c3c16e54ddb8bd2dce99d359a85~mv2.jpg|4f718e_e5e1196afd4e4a3bb0714a0e00c1e580~mv2.jpg|4f718e_7880ba5cbe884dc9b76397c8f9923589~mv2.jpg,<p><strong>Aufwärmsongs&nbsp;mit Playalongs</strong></p><p>für Trompete oder Tenorhorn</p>,true,MusikHeroes,true,WarmUps #1 TRP,WarmUps #1 - Trompete,WarmUps #1 TRP,XLSX_SOT_NORMALIZED,Produktpalette(2).xlsx:MusikHeroes,14,EXACT,,false,,,
XW-531.02,XW-531.02,,,3d0bcb91-c4b7-5b33-8cc4-023809bd7d1f,UNTERRICHTSHEFT|warmups #1 - posaune,HIGH,true,CANONICAL,live,ACTIVE,true,false,MusikHeroes,MusikHeroes,Unterrichtsheft,WarmUps,WU,1,WarmUps,EDITION,physical,Posaune,,,,,,,,,PHYSICAL,WarmUps #1 - Posaune,WU#1 POS,WU#1_POS,"Aufwärmsongs mit Playalongs aus der Serie MusikHeroes
→ 25 Einspiel-Compilations mit Playalongs für Posaune (Schwierigkeit: 1 – sehr leicht)
→ Solostimme für Posaune, Euphonium oder andere Instrumente im Bassschlüssel in C
→ Moderne Unterrichtsliteratur - durchdacht konzipiert, humorvoll präsentiert und stilvoll begleitet
→ Alle Playalongs sind mittels QR-Code kostenlos zu beziehen",SOURCE,AMAZON,25 Einspiel-Compilations mit Playalongs für Posaune (Schwierigkeit: 1 – sehr leicht),"Solostimme für Posaune, Euphonium oder andere Instrumente im Bassschlüssel in C","Moderne Unterrichtsliteratur - durchdacht konzipiert, humorvoll präsentiert und stilvoll begleitet",Alle Playalongs sind mittels QR-Code kostenlos zu beziehen,,B2B|AMAZON,22.64,10.00,24.90,EUR,ERP_NET,995.00,true,300.0,9783903426122,3903426121,,3903426121,DERIVED_FROM_ISBN13_BOOK,false,,MISSING_IN_REPORT,XW-531.02,Aktiv,ABIS_BOOK,ISBN,9783903426122,Versand durch Amazon (EU),,WarmUps #1 - Posaune,WarmUps #1 - Posaune,"<br><p><strong>Aufwärmsongs mit Playalongs aus der Serie <em>MusikHeroes</em></strong></p> <p>&rarr; 25 Einspiel-Compilations mit Playalongs f&uuml;r Posaune (Schwierigkeit: 1 &ndash; sehr leicht)</p> <p>&rarr; Solostimme f&uuml;r Posaune, Euphonium oder andere Instrumente im Bassschl&uuml;ssel in C</p> <p>&rarr; Moderne Unterrichtsliteratur - durchdacht konzipiert, humorvoll präsentiert und stilvoll begleitet</p> <p>&rarr; Alle Playalongs sind mittels QR-Code kostenlos zu beziehen</p><br>",true,true,product_f6a8858b-e56e-e58f-d067-b9a23ef18388,product_f6a8858b-e56e-e58f-d067-b9a23ef18388,true,MusikHeroes unveröffentlicht|MusikHeroes-Editionen|MH-Posaune|B2B,4f718e_8bf5695dd26c467faab0c55c782c7fdc~mv2.jpg|4f718e_b16ff6b548bb4fdfb230cabcbdee32b2~mv2.jpg|4f718e_4928d7719389487d82ece3d9bf93579c~mv2.jpg|4f718e_73043bce09cc45e5be544269d5eddce3~mv2.jpg,<p><strong>Aufwärmsongs mit Playalongs</strong></p><p>für Posaune oder Bariton</p>,true,MusikHeroes,true,WarmUps #1 POS,WarmUps #1 - Posaune,WarmUps #1 POS,XLSX_SOT_NORMALIZED,Produktpalette(2).xlsx:MusikHeroes,15,EXACT,,false,,,
XW-531.03,XW-531.03,,,01281acc-1b4b-543b-92d5-af7dabc2b9e7,RESERVED|XW-531.03,LOW,true,CANONICAL,draft,RESERVED,false,false,MusikHeroes,MusikHeroes,Reserviert,WarmUps,WU,,,RESERVED,physical,,,,,,,,,,PHYSICAL,Reserviert - XW-531.03,Reserviert XW-531.03,XW-531.03,Reserviert - XW-531.03 ist eine reservierte Artikelnummer im XW Product Hub.,AUTO_DRAFT,GENERATED,Format: PHYSICAL,,,,,,,10.00,,EUR,,,,,,,,,,,,,,,,,,,,,,,false,false,,,,,,,false,,false,,,,XLSX_SOT_RESERVED,Produktpalette(2).xlsx:MusikHeroes,16,RESERVED,,false,,,
XW-531.04,XW-531.04,,,da70d41b-ef08-555e-a7f8-866745deea55,RESERVED|XW-531.04,LOW,true,CANONICAL,draft,RESERVED,false,false,MusikHeroes,MusikHeroes,Reserviert,WarmUps,WU,,,RESERVED,physical,,,,,,,,,,PHYSICAL,Reserviert - XW-531.04,Reserviert XW-531.04,XW-531.04,Reserviert - XW-531.04 ist eine reservierte Artikelnummer im XW Product Hub.,AUTO_DRAFT,GENERATED,Format: PHYSICAL,,,,,,,10.00,,EUR,,,,,,,,,,,,,,,,,,,,,,,false,false,,,,,,,false,,false,,,,XLSX_SOT_RESERVED,Produktpalette(2).xlsx:MusikHeroes,17,RESERVED,,false,,,
XW-531.05,XW-531.05,,,f6f2b433-1814-5d0d-855e-3c8d3423ec2d,RESERVED|XW-531.05,LOW,true,CANONICAL,draft,RESERVED,false,false,MusikHeroes,MusikHeroes,Reserviert,WarmUps,WU,,,RESERVED,physical,,,,,,,,,,PHYSICAL,Reserviert - XW-531.05,Reserviert XW-531.05,XW-531.05,Reserviert - XW-531.05 ist eine reservierte Artikelnummer im XW Product Hub.,AUTO_DRAFT,GENERATED,Format: PHYSICAL,,,,,,,10.00,,EUR,,,,,,,,,,,,,,,,,,,,,,,false,false,,,,,,,false,,false,,,,XLSX_SOT_RESERVED,Produktpalette(2).xlsx:MusikHeroes,18,RESERVED,,false,,,
XW-531.06,XW-531.06,,,d186de5b-112a-5e0a-b0cd-3fd283b6662c,PLAYALONG|warmups #1 - playalongs trompete,HIGH,true,CANONICAL,live,ACTIVE,true,false,MusikHeroes,MusikHeroes,Playalong,WarmUps,WU,1,WarmUps,PLAYALONG,digital,Trompete,,,,,,,,,PLAYALONG,WarmUps #1 - Playalongs Trompete,WU#1 PA TRP,WU#1_PA-TRP,WarmUps #1 - Playalongs Trompete ist ein Playalong-Produkt im MusikHeroes-Produktkatalog.,AUTO_DRAFT,GENERATED,Instrument: Trompete,Format: PLAYALONG,Kategorie: Playalong,,,,5.00,10.00,5.50,EUR,ERP_NET,0.00,true,,,,,,,,,,,,,,,,,,,,false,true,,,,,,,true,MusikHeroes_Playalongs digital,false,#1 Playalongs TRP,,Playalongs WU #1 TRP,XLSX_SOT_NORMALIZED,Produktpalette(2).xlsx:MusikHeroes,19,EXACT,,false,,,
XW-531.07,XW-531.07,,,0a45e416-a8ed-58ae-a51f-399641e375a9,PLAYALONG|warmups #1 - playalongs posaune,HIGH,true,CANONICAL,live,ACTIVE,true,false,MusikHeroes,MusikHeroes,Playalong,WarmUps,WU,1,WarmUps,PLAYALONG,digital,Posaune,,,,,,,,,PLAYALONG,WarmUps #1 - Playalongs Posaune,WU#1 PA POS,WU#1_PA-POS,WarmUps #1 - Playalongs Posaune ist ein Playalong-Produkt im MusikHeroes-Produktkatalog.,AUTO_DRAFT,GENERATED,Instrument: Posaune,Format: PLAYALONG,Kategorie: Playalong,,,,5.00,10.00,5.50,EUR,ERP_NET,0.00,true,,,,,,,,,,,,,,,,,,,,false,true,,,,,,,true,MusikHeroes_Playalongs digital,false,#1 Playalongs POS,,Playalongs WU #1 POS,XLSX_SOT_NORMALIZED,Produktpalette(2).xlsx:MusikHeroes,20,EXACT,,false,,,
XW-531.08,XW-531.08,,,2facacdf-10ae-5bb9-b518-948c7fa8d706,UNTERRICHTSHEFT|warmups #1 - f-tuba,HIGH,true,CANONICAL,live,ACTIVE,true,false,MusikHeroes,MusikHeroes,Unterrichtsheft,WarmUps,WU,1,WarmUps,EDITION,physical,F-Tuba,,,,,,,,,PHYSICAL,WarmUps #1 - F-Tuba,WU#1 FTB,WU#1_FTB,"Aufwärmsongs mit Playalongs
für F-Tuba oder Bassposaune in C",SOURCE,WIX,für F-Tuba oder Bassposaune in C,,,,,B2B,22.64,10.00,24.90,EUR,ERP_NET,0.00,true,300.0,,,,,,,,,,,,,,,,,,,true,true,product_1486c055-88bf-7a95-c447-cc005649398c,product_1486c055-88bf-7a95-c447-cc005649398c,false,MusikHeroes-Editionen|MusikHeroes-Gesamt|MH-F-Tuba|B2B,4f718e_a21db5c23e02415c84ec2b07077334df~mv2.jpeg|4f718e_aed94c3c16e54ddb8bd2dce99d359a85~mv2.jpg|4f718e_eedb8164be654230bca90555a09fb7cc,<p><strong>Aufwärmsongs&nbsp;mit Playalongs</strong></p><p>für F-Tuba oder Bassposaune in C</p>,true,MusikHeroes,false,WarmUps #1 FTB,WarmUps #1 - F-Tuba,WarmUps #1 FTB,XLSX_SOT_NORMALIZED,Produktpalette(2).xlsx:MusikHeroes,21,EXACT,,false,,,
XW-531.09,XW-531.09,,,ff91d063-e5d7-5fdc-aa29-42075fccd044,UNTERRICHTSHEFT|warmups #1 - b-tuba,HIGH,true,CANONICAL,live,ACTIVE,true,false,MusikHeroes,MusikHeroes,Unterrichtsheft,WarmUps,WU,1,WarmUps,EDITION,physical,B-Tuba,,,,,,,,,PHYSICAL,WarmUps #1 - B-Tuba,WU#1 BTB,WU#1_BTB,"Aufwärmsongs mit Playalongs
für B-Tuba in C",SOURCE,WIX,für B-Tuba in C,,,,,B2B,22.64,10.00,24.90,EUR,ERP_NET,0.00,true,300.0,,,,,,,,,,,,,,,,,,,true,true,product_e8270206-3390-cf4f-6052-0c773a8cc464,product_e8270206-3390-cf4f-6052-0c773a8cc464,false,MusikHeroes-Editionen|MusikHeroes-Gesamt|MH-B-Tuba|B2B,4f718e_99c5682f7a0e45aea3fa6198be809915~mv2.jpeg|4f718e_aed94c3c16e54ddb8bd2dce99d359a85~mv2.jpg|4f718e_eedb8164be654230bca90555a09fb7cc,<p><strong>Aufwärmsongs&nbsp;mit Playalongs</strong></p><p>für B-Tuba in C</p>,true,MusikHeroes,false,WarmUps #1 BTB,WarmUps #1 - B-Tuba,WarmUps #1 BTB,XLSX_SOT_NORMALIZED,Produktpalette(2).xlsx:MusikHeroes,22,EXACT,,false,,,
XW-531.10,XW-531.10,,,72437e07-6af8-576a-8a7b-2b6eaf0455f8,RESERVED|XW-531.10,LOW,true,CANONICAL,draft,RESERVED,false,false,MusikHeroes,MusikHeroes,Reserviert,WarmUps,WU,,,RESERVED,physical,,,,,,,,,,PHYSICAL,Reserviert - XW-531.10,Reserviert XW-531.10,XW-531.10,Reserviert - XW-531.10 ist eine reservierte Artikelnummer im XW Product Hub.,AUTO_DRAFT,GENERATED,Format: PHYSICAL,,,,,,,10.00,,EUR,,,,,,,,,,,,,,,,,,,,,,,false,false,,,,,,,false,,false,,,,XLSX_SOT_RESERVED,Produktpalette(2).xlsx:MusikHeroes,23,RESERVED,,false,,,
XW-531.11,XW-531.11,,,9e32675d-3bf0-5baf-9cd8-51fa6c290535,RESERVED|XW-531.11,LOW,true,CANONICAL,draft,RESERVED,false,false,MusikHeroes,MusikHeroes,Reserviert,WarmUps,WU,,,RESERVED,physical,,,,,,,,,,PHYSICAL,Reserviert - XW-531.11,Reserviert XW-531.11,XW-531.11,Reserviert - XW-531.11 ist eine reservierte Artikelnummer im XW Product Hub.,AUTO_DRAFT,GENERATED,Format: PHYSICAL,,,,,,,10.00,,EUR,,,,,,,,,,,,,,,,,,,,,,,false,false,,,,,,,false,,false,,,,XLSX_SOT_RESERVED,Produktpalette(2).xlsx:MusikHeroes,24,RESERVED,,false,,,
XW-531.12,XW-531.12,,,c5e87582-14ca-57eb-83de-132f9ff7d77e,RESERVED|XW-531.12,LOW,true,CANONICAL,draft,RESERVED,false,false,MusikHeroes,MusikHeroes,Reserviert,WarmUps,WU,,,RESERVED,physical,,,,,,,,,,PHYSICAL,Reserviert - XW-531.12,Reserviert XW-531.12,XW-531.12,Reserviert - XW-531.12 ist eine reservierte Artikelnummer im XW Product Hub.,AUTO_DRAFT,GENERATED,Format: PHYSICAL,,,,,,,10.00,,EUR,,,,,,,,,,,,,,,,,,,,,,,false,false,,,,,,,false,,false,,,,XLSX_SOT_RESERVED,Produktpalette(2).xlsx:MusikHeroes,25,RESERVED,,false,,,
XW-531.13,XW-531.13,,,697655c4-4128-5fe0-ab82-9e15c5038c5c,RESERVED|XW-531.13,LOW,true,CANONICAL,draft,RESERVED,false,false,MusikHeroes,MusikHeroes,Reserviert,WarmUps,WU,,,RESERVED,physical,,,,,,,,,,PHYSICAL,Reserviert - XW-531.13,Reserviert XW-531.13,XW-531.13,Reserviert - XW-531.13 ist eine reservierte Artikelnummer im XW Product Hub.,AUTO_DRAFT,GENERATED,Format: PHYSICAL,,,,,,,10.00,,EUR,,,,,,,,,,,,,,,,,,,,,,,false,false,,,,,,,false,,false,,,,XLSX_SOT_RESERVED,Produktpalette(2).xlsx:MusikHeroes,26,RESERVED,,false,,,
XW-531.14,XW-531.14,,,8cefe4a2-d21f-56a8-8ee7-f221738a511c,RESERVED|XW-531.14,LOW,true,CANONICAL,draft,RESERVED,false,false,MusikHeroes,MusikHeroes,Reserviert,WarmUps,WU,,,RESERVED,physical,,,,,,,,,,PHYSICAL,Reserviert - XW-531.14,Reserviert XW-531.14,XW-531.14,Reserviert - XW-531.14 ist eine reservierte Artikelnummer im XW Product Hub.,AUTO_DRAFT,GENERATED,Format: PHYSICAL,,,,,,,10.00,,EUR,,,,,,,,,,,,,,,,,,,,,,,false,false,,,,,,,false,,false,,,,XLSX_SOT_RESERVED,Produktpalette(2).xlsx:MusikHeroes,27,RESERVED,,false,,,
XW-531.15,XW-531.15,,,3146b79d-d6c1-596f-9758-1b5588b70505,RESERVED|XW-531.15,LOW,true,CANONICAL,draft,RESERVED,false,false,MusikHeroes,MusikHeroes,Reserviert,WarmUps,WU,,,RESERVED,physical,,,,,,,,,,PHYSICAL,Reserviert - XW-531.15,Reserviert XW-531.15,XW-531.15,Reserviert - XW-531.15 ist eine reservierte Artikelnummer im XW Product Hub.,AUTO_DRAFT,GENERATED,Format: PHYSICAL,,,,,,,10.00,,EUR,,,,,,,,,,,,,,,,,,,,,,,false,false,,,,,,,false,,false,-- FREI --,,,XLSX_SOT_RESERVED,Produktpalette(2).xlsx:MusikHeroes,28,RESERVED,,false,,,
XW-531.16,XW-531.16,,,30a20765-48f1-556d-87bb-45a92a9f781e,RESERVED|XW-531.16,LOW,true,CANONICAL,draft,RESERVED,false,false,MusikHeroes,MusikHeroes,Reserviert,WarmUps,WU,,,RESERVED,physical,,,,,,,,,,PHYSICAL,Reserviert - XW-531.16,Reserviert XW-531.16,XW-531.16,Reserviert - XW-531.16 ist eine reservierte Artikelnummer im XW Product Hub.,AUTO_DRAFT,GENERATED,Format: PHYSICAL,,,,,,,10.00,,EUR,,,,,,,,,,,,,,,,,,,,,,,false,false,,,,,,,false,,false,-- FREI --,,,XLSX_SOT_RESERVED,Produktpalette(2).xlsx:MusikHeroes,29,RESERVED,,false,,,
XW-531.17,XW-531.17,,,73eb6844-d3ef-5449-baec-31a9f1bf6fe9,PLAYALONG|warmups #1 - playalongs horn,HIGH,true,CANONICAL,live,ACTIVE,true,false,MusikHeroes,MusikHeroes,Playalong,WarmUps,WU,1,WarmUps,PLAYALONG,digital,Horn,,,,,,,,,PLAYALONG,WarmUps #1 - Playalongs Horn,WU#1 PA HRN,WU#1_PA-HRN,WarmUps #1 - Playalongs Horn ist ein Playalong-Produkt im MusikHeroes-Produktkatalog.,AUTO_DRAFT,GENERATED,Instrument: Horn,Format: PLAYALONG,Kategorie: Playalong,,,,,10.00,,EUR,,,,,,,,,,,,,,,,,,,,,,,false,true,,,,,,,false,,false,#1 Playalongs HRN,,,XLSX_SOT_NORMALIZED,Produktpalette(2).xlsx:MusikHeroes,30,EXACT,,false,,,
XW-531.18,XW-531.18,,,4aaf1c56-4ed0-53ad-975c-b8bfbf32dc89,RESERVED|XW-531.18,LOW,true,CANONICAL,draft,RESERVED,false,false,MusikHeroes,MusikHeroes,Reserviert,WarmUps,WU,,,RESERVED,physical,,,,,,,,,,PHYSICAL,Reserviert - XW-531.18,Reserviert XW-531.18,XW-531.18,Reserviert - XW-531.18 ist eine reservierte Artikelnummer im XW Product Hub.,AUTO_DRAFT,GENERATED,Format: PHYSICAL,,,,,,,10.00,,EUR,,,,,,,,,,,,,,,,,,,,,,,false,false,,,,,,,false,,false,,,,XLSX_SOT_RESERVED,Produktpalette(2).xlsx:MusikHeroes,31,RESERVED,,false,,,
XW-531.19,XW-531.19,,,0eb5e3fd-fa97-517b-a540-50ffed083ccd,RESERVED|XW-531.19,LOW,true,CANONICAL,draft,RESERVED,false,false,MusikHeroes,MusikHeroes,Reserviert,WarmUps,WU,,,RESERVED,physical,,,,,,,,,,PHYSICAL,Reserviert - XW-531.19,Reserviert XW-531.19,XW-531.19,Reserviert - XW-531.19 ist eine reservierte Artikelnummer im XW Product Hub.,AUTO_DRAFT,GENERATED,Format: PHYSICAL,,,,,,,10.00,,EUR,,,,,,,,,,,,,,,,,,,,,,,false,false,,,,,,,false,,false,,,,XLSX_SOT_RESERVED,Produktpalette(2).xlsx:MusikHeroes,32,RESERVED,,false,,,
XW-531.20,XW-531.20,,,947b099b-44f3-53e1-8728-9cda0b07698e,RESERVED|XW-531.20,LOW,true,CANONICAL,draft,RESERVED,false,false,MusikHeroes,MusikHeroes,Reserviert,WarmUps,WU,,,RESERVED,physical,,,,,,,,,,PHYSICAL,Reserviert - XW-531.20,Reserviert XW-531.20,XW-531.20,Reserviert - XW-531.20 ist eine reservierte Artikelnummer im XW Product Hub.,AUTO_DRAFT,GENERATED,Format: PHYSICAL,,,,,,,10.00,,EUR,,,,,,,,,,,,,,,,,,,,,,,false,false,,,,,,,false,,false,,,,XLSX_SOT_RESERVED,Produktpalette(2).xlsx:MusikHeroes,33,RESERVED,,false,,,
XW-541.01,XW-541.01,,,5e1f1559-0139-52ab-86f3-5bfc7bcb4758,UNTERRICHTSHEFT|bauernjazz #1 - trompete,HIGH,true,CANONICAL,live,ACTIVE,true,false,MusikHeroes,MusikHeroes,Unterrichtsheft,BauernJazz,BJ,1,BauernJazz,EDITION,physical,Trompete,,,,,,,,,PHYSICAL,BauernJazz #1 - Trompete,BJ#1 TRP,BJ#1_TRP,"Coole jazzige Lieder mit Playalongs
für Trompete oder Tenorhorn",SOURCE,WIX,für Trompete oder Tenorhorn,,,,,B2B,22.64,10.00,24.90,EUR,ERP_NET,0.00,true,,,,,,,,,,,,,,,,,,,,true,true,product_a2aea31b-2e97-e34d-28e6-3b5972756982,product_a2aea31b-2e97-e34d-28e6-3b5972756982,true,MusikHeroes unveröffentlicht|B2B,4f718e_79daba076d7d4c54845acedff56e6eaf~mv2.jpeg,<p><strong>Coole jazzige Lieder&nbsp;mit Playalongs</strong></p><p>für Trompete oder Tenorhorn</p>,true,MusikHeroes,false,BauernJazz #1 TRP,BauernJazz #1 - Trompete,BauernJazz #1 TRP,XLSX_SOT_NORMALIZED,Produktpalette(2).xlsx:MusikHeroes,14,EXACT,,false,,,
XW-541.02,XW-541.02,,,84ff8d32-0738-51f8-90e7-30b1b77f3bf0,UNTERRICHTSHEFT|bauernjazz #1 - posaune,HIGH,true,CANONICAL,live,ACTIVE,true,false,MusikHeroes,MusikHeroes,Unterrichtsheft,BauernJazz,BJ,1,BauernJazz,EDITION,physical,Posaune,,,,,,,,,PHYSICAL,BauernJazz #1 - Posaune,BJ#1 POS,BJ#1_POS,"Coole jazzige Lieder mit Playalongs
für Posaune oder Bariton",SOURCE,WIX,für Posaune oder Bariton,,,,,B2B,22.64,10.00,24.90,EUR,ERP_NET,0.00,true,,,,,,,,,,,,,,,,,,,,true,true,product_99797df1-446e-c6a7-01ab-d0d4ae1f5e04,product_99797df1-446e-c6a7-01ab-d0d4ae1f5e04,true,MusikHeroes unveröffentlicht|B2B,4f718e_969c232f8ff544ff8251df239d65404c~mv2.jpeg,<p><strong>Coole jazzige Lieder&nbsp;mit Playalongs</strong></p><p>für Posaune oder Bariton</p>,true,MusikHeroes,false,BauernJazz #1 POS,BauernJazz #1 - Posaune,BauernJazz #1 POS,XLSX_SOT_NORMALIZED,Produktpalette(2).xlsx:MusikHeroes,15,EXACT,,false,,,
XW-541.03,XW-541.03,,,5d339ea2-d5a9-57b9-8cdc-b0e1cda531f8,RESERVED|XW-541.03,LOW,true,CANONICAL,draft,RESERVED,false,false,MusikHeroes,MusikHeroes,Reserviert,BauernJazz,BJ,,,RESERVED,physical,,,,,,,,,,PHYSICAL,Reserviert - XW-541.03,Reserviert XW-541.03,XW-541.03,Reserviert - XW-541.03 ist eine reservierte Artikelnummer im XW Product Hub.,AUTO_DRAFT,GENERATED,Format: PHYSICAL,,,,,,,10.00,,EUR,,,,,,,,,,,,,,,,,,,,,,,false,false,,,,,,,false,,false,,,,XLSX_SOT_RESERVED,Produktpalette(2).xlsx:MusikHeroes,16,RESERVED,,false,,,
XW-541.04,XW-541.04,,,ed0776d9-b597-5159-9726-301914eb90b1,RESERVED|XW-541.04,LOW,true,CANONICAL,draft,RESERVED,false,false,MusikHeroes,MusikHeroes,Reserviert,BauernJazz,BJ,,,RESERVED,physical,,,,,,,,,,PHYSICAL,Reserviert - XW-541.04,Reserviert XW-541.04,XW-541.04,Reserviert - XW-541.04 ist eine reservierte Artikelnummer im XW Product Hub.,AUTO_DRAFT,GENERATED,Format: PHYSICAL,,,,,,,10.00,,EUR,,,,,,,,,,,,,,,,,,,,,,,false,false,,,,,,,false,,false,,,,XLSX_SOT_RESERVED,Produktpalette(2).xlsx:MusikHeroes,17,RESERVED,,false,,,
XW-541.05,XW-541.05,,,8f0fdc9d-4176-504b-b2d4-08ac979557ee,RESERVED|XW-541.05,LOW,true,CANONICAL,draft,RESERVED,false,false,MusikHeroes,MusikHeroes,Reserviert,BauernJazz,BJ,,,RESERVED,physical,,,,,,,,,,PHYSICAL,Reserviert - XW-541.05,Reserviert XW-541.05,XW-541.05,Reserviert - XW-541.05 ist eine reservierte Artikelnummer im XW Product Hub.,AUTO_DRAFT,GENERATED,Format: PHYSICAL,,,,,,,10.00,,EUR,,,,,,,,,,,,,,,,,,,,,,,false,false,,,,,,,false,,false,,,,XLSX_SOT_RESERVED,Produktpalette(2).xlsx:MusikHeroes,18,RESERVED,,false,,,
XW-541.06,XW-541.06,,,448fc195-420e-5eae-981e-96423195c8f8,RESERVED|XW-541.06,LOW,true,CANONICAL,draft,RESERVED,false,false,MusikHeroes,MusikHeroes,Reserviert,BauernJazz,BJ,,,RESERVED,physical,,,,,,,,,,PHYSICAL,Reserviert - XW-541.06,Reserviert XW-541.06,XW-541.06,Reserviert - XW-541.06 ist eine reservierte Artikelnummer im XW Product Hub.,AUTO_DRAFT,GENERATED,Format: PHYSICAL,,,,,,,10.00,,EUR,,,,,,,,,,,,,,,,,,,,,,,false,false,,,,,,,false,,false,,,,XLSX_SOT_RESERVED,Produktpalette(2).xlsx:MusikHeroes,19,RESERVED,,false,,,
XW-541.07,XW-541.07,,,9af6e901-ea2a-5cc4-9def-406f20372aa7,RESERVED|XW-541.07,LOW,true,CANONICAL,draft,RESERVED,false,false,MusikHeroes,MusikHeroes,Reserviert,BauernJazz,BJ,,,RESERVED,physical,,,,,,,,,,PHYSICAL,Reserviert - XW-541.07,Reserviert XW-541.07,XW-541.07,Reserviert - XW-541.07 ist eine reservierte Artikelnummer im XW Product Hub.,AUTO_DRAFT,GENERATED,Format: PHYSICAL,,,,,,,10.00,,EUR,,,,,,,,,,,,,,,,,,,,,,,false,false,,,,,,,false,,false,,,,XLSX_SOT_RESERVED,Produktpalette(2).xlsx:MusikHeroes,20,RESERVED,,false,,,
XW-541.08,XW-541.08,,,6cefc382-e6aa-50af-8325-e3f1fc2764b2,UNTERRICHTSHEFT|bauernjazz #1 - f-tuba,HIGH,true,CANONICAL,live,ACTIVE,true,false,MusikHeroes,MusikHeroes,Unterrichtsheft,BauernJazz,BJ,1,BauernJazz,EDITION,physical,F-Tuba,,,,,,,,,PHYSICAL,BauernJazz #1 - F-Tuba,BJ#1 FTB,BJ#1_FTB,BauernJazz #1 - F-Tuba ist eine Heftausgabe im MusikHeroes-Produktkatalog.,AUTO_DRAFT,GENERATED,Instrument: F-Tuba,Format: PHYSICAL,Kategorie: Unterrichtsheft,,,,,10.00,,EUR,,,,,,,,,,,,,,,,,,,,,,,false,true,,,,,,,false,,false,BauernJazz #1 FTB,,,XLSX_SOT_NORMALIZED,Produktpalette(2).xlsx:MusikHeroes,21,EXACT,,false,,,
XW-541.09,XW-541.09,,,f4aebd5f-42d3-5810-aa5e-159192db8fd4,UNTERRICHTSHEFT|bauernjazz #1 - b-tuba,HIGH,true,CANONICAL,live,ACTIVE,true,false,MusikHeroes,MusikHeroes,Unterrichtsheft,BauernJazz,BJ,1,BauernJazz,EDITION,physical,B-Tuba,,,,,,,,,PHYSICAL,BauernJazz #1 - B-Tuba,BJ#1 BTB,BJ#1_BTB,BauernJazz #1 - B-Tuba ist eine Heftausgabe im MusikHeroes-Produktkatalog.,AUTO_DRAFT,GENERATED,Instrument: B-Tuba,Format: PHYSICAL,Kategorie: Unterrichtsheft,,,,22.64,10.00,24.90,EUR,ERP_NET,0.00,true,,,,,,,,,,,,,,,,,,,,false,true,,,,,,,true,MusikHeroes,false,BauernJazz #1 BTB,,BauernJazz #1 BTB,XLSX_SOT_NORMALIZED,Produktpalette(2).xlsx:MusikHeroes,22,EXACT,,false,,,
XW-541.10,XW-541.10,,,5b085ec4-f1d7-5ed0-b6f6-25a1370dbaad,RESERVED|XW-541.10,LOW,true,CANONICAL,draft,RESERVED,false,false,MusikHeroes,MusikHeroes,Reserviert,BauernJazz,BJ,,,RESERVED,physical,,,,,,,,,,PHYSICAL,Reserviert - XW-541.10,Reserviert XW-541.10,XW-541.10,Reserviert - XW-541.10 ist eine reservierte Artikelnummer im XW Product Hub.,AUTO_DRAFT,GENERATED,Format: PHYSICAL,,,,,,,10.00,,EUR,,,,,,,,,,,,,,,,,,,,,,,false,false,,,,,,,false,,false,,,,XLSX_SOT_RESERVED,Produktpalette(2).xlsx:MusikHeroes,23,RESERVED,,false,,,
XW-541.11,XW-541.11,,,f75968d3-ec26-5fdc-89f1-858c63f91981,RESERVED|XW-541.11,LOW,true,CANONICAL,draft,RESERVED,false,false,MusikHeroes,MusikHeroes,Reserviert,BauernJazz,BJ,,,RESERVED,physical,,,,,,,,,,PHYSICAL,Reserviert - XW-541.11,Reserviert XW-541.11,XW-541.11,Reserviert - XW-541.11 ist eine reservierte Artikelnummer im XW Product Hub.,AUTO_DRAFT,GENERATED,Format: PHYSICAL,,,,,,,10.00,,EUR,,,,,,,,,,,,,,,,,,,,,,,false,false,,,,,,,false,,false,,,,XLSX_SOT_RESERVED,Produktpalette(2).xlsx:MusikHeroes,24,RESERVED,,false,,,
XW-541.12,XW-541.12,,,af674655-cd0b-5347-828c-e50b161bb2f5,RESERVED|XW-541.12,LOW,true,CANONICAL,draft,RESERVED,false,false,MusikHeroes,MusikHeroes,Reserviert,BauernJazz,BJ,,,RESERVED,physical,,,,,,,,,,PHYSICAL,Reserviert - XW-541.12,Reserviert XW-541.12,XW-541.12,Reserviert - XW-541.12 ist eine reservierte Artikelnummer im XW Product Hub.,AUTO_DRAFT,GENERATED,Format: PHYSICAL,,,,,,,10.00,,EUR,,,,,,,,,,,,,,,,,,,,,,,false,false,,,,,,,false,,false,,,,XLSX_SOT_RESERVED,Produktpalette(2).xlsx:MusikHeroes,25,RESERVED,,false,,,
XW-541.13,XW-541.13,,,6b883dee-651a-5c27-a128-5418c07f2fc4,RESERVED|XW-541.13,LOW,true,CANONICAL,draft,RESERVED,false,false,MusikHeroes,MusikHeroes,Reserviert,BauernJazz,BJ,,,RESERVED,physical,,,,,,,,,,PHYSICAL,Reserviert - XW-541.13,Reserviert XW-541.13,XW-541.13,Reserviert - XW-541.13 ist eine reservierte Artikelnummer im XW Product Hub.,AUTO_DRAFT,GENERATED,Format: PHYSICAL,,,,,,,10.00,,EUR,,,,,,,,,,,,,,,,,,,,,,,false,false,,,,,,,false,,false,,,,XLSX_SOT_RESERVED,Produktpalette(2).xlsx:MusikHeroes,26,RESERVED,,false,,,
XW-541.14,XW-541.14,,,36177808-6bd6-5897-8fc6-63ed1e5e3a56,RESERVED|XW-541.14,LOW,true,CANONICAL,draft,RESERVED,false,false,MusikHeroes,MusikHeroes,Reserviert,BauernJazz,BJ,,,RESERVED,physical,,,,,,,,,,PHYSICAL,Reserviert - XW-541.14,Reserviert XW-541.14,XW-541.14,Reserviert - XW-541.14 ist eine reservierte Artikelnummer im XW Product Hub.,AUTO_DRAFT,GENERATED,Format: PHYSICAL,,,,,,,10.00,,EUR,,,,,,,,,,,,,,,,,,,,,,,false,false,,,,,,,false,,false,-- FREI --,,,XLSX_SOT_RESERVED,Produktpalette(2).xlsx:MusikHeroes,27,RESERVED,,false,,,
XW-541.15,XW-541.15,,,ba663636-fe7e-550f-bf3b-8c6ededc1ad5,RESERVED|XW-541.15,LOW,true,CANONICAL,draft,RESERVED,false,false,MusikHeroes,MusikHeroes,Reserviert,BauernJazz,BJ,,,RESERVED,physical,,,,,,,,,,PHYSICAL,Reserviert - XW-541.15,Reserviert XW-541.15,XW-541.15,Reserviert - XW-541.15 ist eine reservierte Artikelnummer im XW Product Hub.,AUTO_DRAFT,GENERATED,Format: PHYSICAL,,,,,,,10.00,,EUR,,,,,,,,,,,,,,,,,,,,,,,false,false,,,,,,,false,,false,-- FREI --,,,XLSX_SOT_RESERVED,Produktpalette(2).xlsx:MusikHeroes,28,RESERVED,,false,,,
XW-541.16,XW-541.16,,,e8a6cc76-d48c-5799-bfc2-89e6bf64edaa,PLAYALONG|bauernjazz #1 - playalongs horn,HIGH,true,CANONICAL,live,ACTIVE,true,false,MusikHeroes,MusikHeroes,Playalong,BauernJazz,BJ,1,BauernJazz,PLAYALONG,digital,Horn,,,,,,,,,PLAYALONG,BauernJazz #1 - Playalongs Horn,BJ#1 PA HRN,BJ#1_PA-HRN,BauernJazz #1 - Playalongs Horn ist ein Playalong-Produkt im MusikHeroes-Produktkatalog.,AUTO_DRAFT,GENERATED,Instrument: Horn,Format: PLAYALONG,Kategorie: Playalong,,,,,10.00,,EUR,,,,,,,,,,,,,,,,,,,,,,,false,true,,,,,,,false,,false,#1 Playalongs HRN,,,XLSX_SOT_NORMALIZED,Produktpalette(2).xlsx:MusikHeroes,29,EXACT,,false,,,
XW-541.17,XW-541.17,,,3098e2ec-f8f1-57e7-a393-bb0f74e56a95,RESERVED|XW-541.17,LOW,true,CANONICAL,draft,RESERVED,false,false,MusikHeroes,MusikHeroes,Reserviert,BauernJazz,BJ,,,RESERVED,physical,,,,,,,,,,PHYSICAL,Reserviert - XW-541.17,Reserviert XW-541.17,XW-541.17,Reserviert - XW-541.17 ist eine reservierte Artikelnummer im XW Product Hub.,AUTO_DRAFT,GENERATED,Format: PHYSICAL,,,,,,,10.00,,EUR,,,,,,,,,,,,,,,,,,,,,,,false,false,,,,,,,false,,false,,,,XLSX_SOT_RESERVED,Produktpalette(2).xlsx:MusikHeroes,30,RESERVED,,false,,,
XW-541.18,XW-541.18,,,10d05db9-b568-5a02-abb1-84fa9db98749,RESERVED|XW-541.18,LOW,true,CANONICAL,draft,RESERVED,false,false,MusikHeroes,MusikHeroes,Reserviert,BauernJazz,BJ,,,RESERVED,physical,,,,,,,,,,PHYSICAL,Reserviert - XW-541.18,Reserviert XW-541.18,XW-541.18,Reserviert - XW-541.18 ist eine reservierte Artikelnummer im XW Product Hub.,AUTO_DRAFT,GENERATED,Format: PHYSICAL,,,,,,,10.00,,EUR,,,,,,,,,,,,,,,,,,,,,,,false,false,,,,,,,false,,false,,,,XLSX_SOT_RESERVED,Produktpalette(2).xlsx:MusikHeroes,31,RESERVED,,false,,,
XW-541.19,XW-541.19,,,91c6b7fd-b5a3-5d9e-9eca-0f9af104608d,RESERVED|XW-541.19,LOW,true,CANONICAL,draft,RESERVED,false,false,MusikHeroes,MusikHeroes,Reserviert,BauernJazz,BJ,,,RESERVED,physical,,,,,,,,,,PHYSICAL,Reserviert - XW-541.19,Reserviert XW-541.19,XW-541.19,Reserviert - XW-541.19 ist eine reservierte Artikelnummer im XW Product Hub.,AUTO_DRAFT,GENERATED,Format: PHYSICAL,,,,,,,10.00,,EUR,,,,,,,,,,,,,,,,,,,,,,,false,false,,,,,,,false,,false,,,,XLSX_SOT_RESERVED,Produktpalette(2).xlsx:MusikHeroes,32,RESERVED,,false,,,
XW-541.20,XW-541.20,,,be8e2cd9-4d45-56da-864d-d818ecb121a5,RESERVED|XW-541.20,LOW,true,CANONICAL,draft,RESERVED,false,false,MusikHeroes,MusikHeroes,Reserviert,BauernJazz,BJ,,,RESERVED,physical,,,,,,,,,,PHYSICAL,Reserviert - XW-541.20,Reserviert XW-541.20,XW-541.20,Reserviert - XW-541.20 ist eine reservierte Artikelnummer im XW Product Hub.,AUTO_DRAFT,GENERATED,Format: PHYSICAL,,,,,,,10.00,,EUR,,,,,,,,,,,,,,,,,,,,,,,false,false,,,,,,,false,,false,,,,XLSX_SOT_RESERVED,Produktpalette(2).xlsx:MusikHeroes,33,RESERVED,,false,,,
XW-551.01,XW-551.01,,,e35bb084-66ba-520c-b593-55a6343be980,NOTEN|hiaz kimmt die heilige weihnachtszeit [junior-4tett],HIGH,true,CANONICAL,live,ACTIVE,true,false,MusikHeroes,MusikHeroes,Noten,Junior4tette Weihnachtlich,J4-W,,Hiaz kimmt die heilige Weihnachtszeit,SCORE,digital,,,,,,,Junior-4tett,4,,DIGITAL,Hiaz kimmt die heilige Weihnachtszeit [Junior-4tett],Hiaz kimmt die heilige Weihnachtszeit [J4],HIAZ_KIMMT_DIE_HEILIGE_WEIHN_J4,Hiaz kimmt die heilige Weihnachtszeit [Junior-4tett] ist eine Notenausgabe im MusikHeroes-Produktkatalog.,AUTO_DRAFT,GENERATED,Stimmigkeit/Satz: Junior-4tett,Format: DIGITAL,Kategorie: Noten,,,,5.00,10.00,5.50,EUR,ERP_NET,0.00,true,,,,,,,,,,,,,,,,,,,,false,true,,,,,,,true,MusikHeroes_Noten digital,false,Hiaz kimmt die heilige Weihnachtszeit,,Hiaz kimmt die hlg. Wz.,XLSX_SOT_NORMALIZED,Produktpalette(2).xlsx:MusikHeroes,14,EXACT,,false,,,
XW-551.01-P,XW-551.01-P,,XW-551.01,e35bb084-66ba-520c-b593-55a6343be980,NOTEN|hiaz kimmt die heilige weihnachtszeit [junior-4tett],LOW,false,FORMAT_VARIANT,live,ACTIVE,true,false,MusikHeroes,MusikHeroes,Noten,Junior4tette Weihnachtlich,J4-W,,Hiaz kimmt die heilige Weihnachtszeit,SCORE,digital,,,,,,,Junior-4tett,4,,PRINT_AT_HOME,Hiaz kimmt die heilige Weihnachtszeit [Junior-4tett],Hiaz kimmt die heilige Weihnachtszeit [J4],HIAZ_KIMMT_DIE_HEILIGE_WEIHN_J4,"Das weihnachtliche Stück ""Hiaz kimmt die heilige Weihnachtszeit""
arrangiert für variables Junior-4tett",SOURCE,WIX,arrangiert für variables Junior-4tett,,,,,B2B,9.00,10.00,9.90,EUR,ERP_NET,0.00,true,150.0,,,,,,,,,,,,,,,,,,,true,false,product_4c706672-1d7b-41df-8ff5-b3f66d9f4ff5,product_4c706672-1d7b-41df-8ff5-b3f66d9f4ff5,true,B2B|MH-Junior4tette PRINT|MusikHeroes-Gesamt,4f718e_47e271450ef1412cadc03f56d0ee4b76~mv2.jpg|4f718e_a7c6a9f333d94789a952a70b338e7b92~mv2.jpg|4f718e_12f212b5dde04d2a8d609caec1978e2f~mv2.jpg|4f718e_f5d4d721fccc4f76af205aae627f6c04,"<p>Das weihnachtliche Stück ""<strong>Hiaz kimmt die heilige Weihnachtszeit</strong>""<br>arrangiert für variables Junior-4tett</p>",true,MusikHeroes_Print@Home,false,,Hiaz kimmt d. hlg. Weihnachtszeit,Hiaz kimmt die hlg. Weihnachtszeit,XLSX_SOT_NORMALIZED,Produktpalette(2).xlsx:MusikHeroes,14,DERIVED,,false,,,
XW-551.02,XW-551.02,,,6b8cd257-08e3-5b58-bc6c-42fa7e466052,NOTEN|adeste fideles [junior-4tett],HIGH,true,CANONICAL,live,ACTIVE,true,false,MusikHeroes,MusikHeroes,Noten,Junior4tette Weihnachtlich,J4-W,,Adeste fideles,SCORE,digital,,,,,,,Junior-4tett,4,,DIGITAL,Adeste fideles [Junior-4tett],Adeste fideles [J4],ADESTE_FIDELES_J4,Adeste fideles [Junior-4tett] ist eine Notenausgabe im MusikHeroes-Produktkatalog.,AUTO_DRAFT,GENERATED,Stimmigkeit/Satz: Junior-4tett,Format: DIGITAL,Kategorie: Noten,,,,5.00,10.00,5.50,EUR,ERP_NET,0.00,true,,,,,,,,,,,,,,,,,,,,false,true,,,,,,,true,MusikHeroes_Noten digital,false,Adeste fideles,,Adeste fideles,XLSX_SOT_NORMALIZED,Produktpalette(2).xlsx:MusikHeroes,16,EXACT,,false,,,
XW-551.02-P,XW-551.02-P,,XW-551.02,6b8cd257-08e3-5b58-bc6c-42fa7e466052,NOTEN|adeste fideles [junior-4tett],HIGH,false,FORMAT_VARIANT,live,ACTIVE,true,false,MusikHeroes,MusikHeroes,Noten,Junior4tette Weihnachtlich,J4-W,,Adeste fideles,SCORE,digital,,,,,,,Junior-4tett,4,,PRINT_AT_HOME,Adeste fideles [Junior-4tett],Adeste fideles [J4],ADESTE_FIDELES_J4,"Das weihnachtliche Stück ""Adeste fideles""
arrangiert für variables Junior-4tett",SOURCE,WIX,arrangiert für variables Junior-4tett,,,,,B2B,9.00,10.00,9.90,EUR,ERP_NET,0.00,true,150.0,,,,,,,,,,,,,,,,,,,true,true,product_f69a58d8-afc6-4e56-9221-c58bc663167e,product_f69a58d8-afc6-4e56-9221-c58bc663167e,true,B2B|MH-Junior4tette PRINT|MusikHeroes-Gesamt,4f718e_95cfe64ff0b04345a89871ee012da388~mv2.jpg|4f718e_f4eba2f01b6b4d4aadd6d6b74e150f9f~mv2.jpg|4f718e_1c7893e9e2154ff28b03f2706bf7d217~mv2.jpg,"<p>Das weihnachtliche Stück ""Adeste fideles""<br>arrangiert für variables Junior-4tett</p>",true,MusikHeroes_Print@Home,false,Adeste fideles,Adeste fideles,Adeste fideles,XLSX_SOT_NORMALIZED,Produktpalette(2).xlsx:MusikHeroes,16,DERIVED,,false,,,
XW-551.03,XW-551.03,,,49ea2cc5-0041-5280-b380-aae9527cc395,NOTEN|hark! the herald angels sing [junior-4tett],HIGH,true,CANONICAL,live,ACTIVE,true,false,MusikHeroes,MusikHeroes,Noten,Junior4tette Weihnachtlich,J4-W,,Hark! The Herald Angels Sing,SCORE,digital,,,,,,,Junior-4tett,4,,DIGITAL,Hark! The Herald Angels Sing [Junior-4tett],Hark! The Herald Angels Sing [J4],HARK_THE_HERALD_ANGELS_SING_J4,Hark! The Herald Angels Sing [Junior-4tett] ist eine Notenausgabe im MusikHeroes-Produktkatalog.,AUTO_DRAFT,GENERATED,Stimmigkeit/Satz: Junior-4tett,Format: DIGITAL,Kategorie: Noten,,,,5.00,10.00,5.50,EUR,ERP_NET,0.00,true,,,,,,,,,,,,,,,,,,,,false,true,,,,,,,true,MusikHeroes_Noten digital,false,Hark! The Herald Angels Sing,,Hark! The Herald Angels Sing,XLSX_SOT_NORMALIZED,Produktpalette(2).xlsx:MusikHeroes,17,EXACT,,false,,,
XW-551.03-P,XW-551.03-P,,XW-551.03,49ea2cc5-0041-5280-b380-aae9527cc395,NOTEN|hark! the herald angels sing [junior-4tett],HIGH,false,FORMAT_VARIANT,live,ACTIVE,true,false,MusikHeroes,MusikHeroes,Noten,Junior4tette Weihnachtlich,J4-W,,Hark! The Herald Angels Sing,SCORE,digital,,,,,,,Junior-4tett,4,,PRINT_AT_HOME,Hark! The Herald Angels Sing [Junior-4tett],Hark! The Herald Angels Sing [J4],HARK_THE_HERALD_ANGELS_SING_J4,"Das weihnachtliche Stück ""Hark! The Herald Angels Sing""
arrangiert für variables Junior-4tett",SOURCE,WIX,arrangiert für variables Junior-4tett,,,,,B2B,9.00,10.00,9.90,EUR,ERP_NET,0.00,true,150.0,,,,,,,,,,,,,,,,,,,true,true,product_7cea9627-07d6-4aea-8d2b-8f70cd11e653,product_7cea9627-07d6-4aea-8d2b-8f70cd11e653,true,B2B|MH-Junior4tette PRINT|MusikHeroes-Gesamt,4f718e_adc4ac2976344337ac64fbc548d10891~mv2.jpg|4f718e_6902f4a75d4346f5b7a8ed8aaab59402~mv2.jpg|4f718e_c8d14f06f238443aa605df4a151ed7fa~mv2.jpg|4f718e_473b4a081534482fba6af3bd2ce0eb43,"<p>Das weihnachtliche Stück ""Hark! The Herald Angels Sing""<br>arrangiert für variables Junior-4tett</p>",true,MusikHeroes_Print@Home,false,Hark! The Herald Angels Sing,Hark! The Herald Angels Sing,Hark! The Herald...,XLSX_SOT_NORMALIZED,Produktpalette(2).xlsx:MusikHeroes,17,DERIVED,,false,,,
XW-551.04,XW-551.04,,,946f3986-6262-5139-b5c7-8f22fc223c87,NOTEN|wir sagen euch an [junior-4tett],HIGH,true,CANONICAL,live,ACTIVE,true,false,MusikHeroes,MusikHeroes,Noten,Junior4tette Weihnachtlich,J4-W,,Wir sagen euch an,SCORE,digital,,,,,,,Junior-4tett,4,,DIGITAL,Wir sagen euch an [Junior-4tett],Wir sagen euch an [J4],WIR_SAGEN_EUCH_AN_J4,Wir sagen euch an [Junior-4tett] ist eine Notenausgabe im MusikHeroes-Produktkatalog.,AUTO_DRAFT,GENERATED,Stimmigkeit/Satz: Junior-4tett,Format: DIGITAL,Kategorie: Noten,,,,5.00,10.00,5.50,EUR,ERP_NET,0.00,true,,,,,,,,,,,,,,,,,,,,false,true,,,,,,,true,MusikHeroes_Noten digital,false,Wir sagen euch an,,Wir sagen euch an,XLSX_SOT_NORMALIZED,Produktpalette(2).xlsx:MusikHeroes,18,EXACT,,false,,,
XW-551.04-P,XW-551.04-P,,XW-551.04,946f3986-6262-5139-b5c7-8f22fc223c87,NOTEN|wir sagen euch an [junior-4tett],HIGH,false,FORMAT_VARIANT,live,ACTIVE,true,false,MusikHeroes,MusikHeroes,Noten,Junior4tette Weihnachtlich,J4-W,,Wir sagen euch an,SCORE,digital,,,,,,,Junior-4tett,4,,PRINT_AT_HOME,Wir sagen euch an [Junior-4tett],Wir sagen euch an [J4],WIR_SAGEN_EUCH_AN_J4,"Das weihnachtliche Stück ""Wir sagen euch an den lieben Advent""
arrangiert für variables Junior-4tett",SOURCE,WIX,arrangiert für variables Junior-4tett,,,,,B2B,9.00,10.00,9.90,EUR,ERP_NET,0.00,true,150.0,,,,,,,,,,,,,,,,,,,true,true,product_e7cef5d2-d6b4-4da6-9c88-dabc0876dd53,product_e7cef5d2-d6b4-4da6-9c88-dabc0876dd53,true,B2B|MH-Junior4tette PRINT|MusikHeroes-Gesamt,4f718e_5ad57fa52f644c58853c8bbcbc4925a1~mv2.jpg|4f718e_ee305a600f094e88ba756722ecc09f77~mv2.jpg|4f718e_14a2bfdf71f34d51a35cbc9ba124f2ac~mv2.jpg|4f718e_de47a92786224c8b93e5d06dd2cf3bc1,"<p>Das weihnachtliche Stück ""Wir sagen euch an den lieben Advent""<br>arrangiert für variables Junior-4tett</p>",true,MusikHeroes_Print@Home,false,Wir sagen euch an,Wir sagen euch an,Wir sagen euch an,XLSX_SOT_NORMALIZED,Produktpalette(2).xlsx:MusikHeroes,18,DERIVED,,false,,,
XW-551.05,XW-551.05,,,cf3931d0-0147-5af2-911f-a4d270c9cdd0,NOTEN|o jubel o freud [junior-4tett],HIGH,true,CANONICAL,live,ACTIVE,true,false,MusikHeroes,MusikHeroes,Noten,Junior4tette Weihnachtlich,J4-W,,O Jubel O Freud,SCORE,digital,,,,,,,Junior-4tett,4,,DIGITAL,O Jubel O Freud [Junior-4tett],O Jubel O Freud [J4],O_JUBEL_O_FREUD_J4,O Jubel O Freud [Junior-4tett] ist eine Notenausgabe im MusikHeroes-Produktkatalog.,AUTO_DRAFT,GENERATED,Stimmigkeit/Satz: Junior-4tett,Format: DIGITAL,Kategorie: Noten,,,,5.00,10.00,5.50,EUR,ERP_NET,0.00,true,,,,,,,,,,,,,,,,,,,,false,true,,,,,,,true,MusikHeroes_Noten digital,false,O Jubel O Freud,,O Jubel O Freud,XLSX_SOT_NORMALIZED,Produktpalette(2).xlsx:MusikHeroes,19,EXACT,,false,,,
XW-551.05-P,XW-551.05-P,,XW-551.05,cf3931d0-0147-5af2-911f-a4d270c9cdd0,NOTEN|o jubel o freud [junior-4tett],HIGH,false,FORMAT_VARIANT,live,ACTIVE,true,false,MusikHeroes,MusikHeroes,Noten,Junior4tette Weihnachtlich,J4-W,,O Jubel O Freud,SCORE,digital,,,,,,,Junior-4tett,4,,PRINT_AT_HOME,O Jubel O Freud [Junior-4tett],O Jubel O Freud [J4],O_JUBEL_O_FREUD_J4,"Das weihnachtliche Stück O Jubel O Freud
arrangiert für variables Junior-4tett",SOURCE,WIX,arrangiert für variables Junior-4tett,,,,,B2B,9.00,10.00,9.90,EUR,ERP_NET,0.00,true,150.0,,,,,,,,,,,,,,,,,,,true,true,product_b21747c8-eb42-4acb-9d43-41009c2efd3e,product_b21747c8-eb42-4acb-9d43-41009c2efd3e,true,B2B|MH-Junior4tette PRINT|MusikHeroes-Gesamt,4f718e_ffb8b428666a4631981150fa838328b0~mv2.jpg|4f718e_1d4b3ec2914b4c88b699a46ffbd91b27~mv2.jpg|4f718e_bc7fd072b9ce46318f7930ea5e26ae2a~mv2.jpg,<p>Das weihnachtliche Stück <strong>O Jubel O Freud</strong><br>arrangiert für <strong>variables Junior-4tett</strong></p>,true,MusikHeroes_Print@Home,false,O Jubel O Freud,O Jubel O Freud,O Jubel O Freud,XLSX_SOT_NORMALIZED,Produktpalette(2).xlsx:MusikHeroes,19,DERIVED,,false,,,
XW-551.06,XW-551.06,,,05570e5a-0fd2-5ce7-bed7-f1da486f32f5,NOTEN|weihnacht wie bist du schön [junior-4tett],HIGH,true,CANONICAL,live,ACTIVE,true,false,MusikHeroes,MusikHeroes,Noten,Junior4tette Weihnachtlich,J4-W,,Weihnacht wie bist du schön,SCORE,digital,,,,,,,Junior-4tett,4,,DIGITAL,Weihnacht wie bist du schön [Junior-4tett],Weihnacht wie bist du schön [J4],WEIHNACHT_WIE_BIST_DU_SCHOEN_J4,Weihnacht wie bist du schön [Junior-4tett] ist eine Notenausgabe im MusikHeroes-Produktkatalog.,AUTO_DRAFT,GENERATED,Stimmigkeit/Satz: Junior-4tett,Format: DIGITAL,Kategorie: Noten,,,,5.00,10.00,5.50,EUR,ERP_NET,0.00,true,,,,,,,,,,,,,,,,,,,,false,true,,,,,,,true,MusikHeroes_Noten digital,false,Weihnacht wie bist du schön,,Weihnacht wie bist du schön,XLSX_SOT_NORMALIZED,Produktpalette(2).xlsx:MusikHeroes,20,EXACT,,false,,,
XW-551.06-P,XW-551.06-P,,XW-551.06,05570e5a-0fd2-5ce7-bed7-f1da486f32f5,NOTEN|weihnacht wie bist du schön [junior-4tett],HIGH,false,FORMAT_VARIANT,live,ACTIVE,true,false,MusikHeroes,MusikHeroes,Noten,Junior4tette Weihnachtlich,J4-W,,Weihnacht wie bist du schön,SCORE,digital,,,,,,,Junior-4tett,4,,PRINT_AT_HOME,Weihnacht wie bist du schön [Junior-4tett],Weihnacht wie bist du schön [J4],WEIHNACHT_WIE_BIST_DU_SCHOEN_J4,"Das weihnachtliche Stück ""Weihnacht wie bist du schön""
arrangiert für variables Junior-4tett",SOURCE,WIX,arrangiert für variables Junior-4tett,,,,,B2B,9.00,10.00,9.90,EUR,ERP_NET,0.00,true,150.0,,,,,,,,,,,,,,,,,,,true,true,product_3b8581a7-e9cd-4d80-aa6f-82b25d5f07d1,product_3b8581a7-e9cd-4d80-aa6f-82b25d5f07d1,true,B2B|MH-Junior4tette PRINT|MusikHeroes-Gesamt,4f718e_80d08d8456914a0d948139591c5b2279~mv2.jpg|4f718e_cb5c424a5b6c47989ef5981d82473607~mv2.jpg|4f718e_e6a024b6e6f14b8d984daddbf239e3e1~mv2.jpg|4f718e_4ae0ede6fa664819b6573b20c3b8a53d,"<p>Das weihnachtliche Stück ""Weihnacht wie bist du schön""<br>arrangiert für variables Junior-4tett</p>",true,MusikHeroes_Print@Home,false,Weihnacht wie bist du schön,Weihnacht wie bist du schön,"Weihnacht, wie bist...",XLSX_SOT_NORMALIZED,Produktpalette(2).xlsx:MusikHeroes,20,DERIVED,,false,,,
XW-551.07,XW-551.07,,,9469ec41-e861-598b-b3d9-76987a464579,NOTEN|auf auf ihr hirten [junior-4tett],HIGH,true,CANONICAL,live,ACTIVE,true,false,MusikHeroes,MusikHeroes,Noten,Junior4tette Weihnachtlich,J4-W,,Auf auf ihr Hirten,SCORE,digital,,,,,,,Junior-4tett,4,,DIGITAL,Auf auf ihr Hirten [Junior-4tett],Auf auf ihr Hirten [J4],AUF_AUF_IHR_HIRTEN_J4,Auf auf ihr Hirten [Junior-4tett] ist eine Notenausgabe im MusikHeroes-Produktkatalog.,AUTO_DRAFT,GENERATED,Stimmigkeit/Satz: Junior-4tett,Format: DIGITAL,Kategorie: Noten,,,,5.00,10.00,5.50,EUR,ERP_NET,0.00,true,,,,,,,,,,,,,,,,,,,,false,true,,,,,,,true,MusikHeroes_Noten digital,false,Auf auf ihr Hirten,,Auf auf ihr Hirten,XLSX_SOT_NORMALIZED,Produktpalette(2).xlsx:MusikHeroes,21,EXACT,,false,,,
XW-551.07-P,XW-551.07-P,,XW-551.07,9469ec41-e861-598b-b3d9-76987a464579,NOTEN|auf auf ihr hirten [junior-4tett],HIGH,false,FORMAT_VARIANT,live,ACTIVE,true,false,MusikHeroes,MusikHeroes,Noten,Junior4tette Weihnachtlich,J4-W,,Auf auf ihr Hirten,SCORE,digital,,,,,,,Junior-4tett,4,,PRINT_AT_HOME,Auf auf ihr Hirten [Junior-4tett],Auf auf ihr Hirten [J4],AUF_AUF_IHR_HIRTEN_J4,"Das weihnachtliche Stück ""Auf auf ihr Hirten""
arrangiert für variables Junior-4tett",SOURCE,WIX,arrangiert für variables Junior-4tett,,,,,B2B,9.00,10.00,9.90,EUR,ERP_NET,0.00,true,150.0,,,,,,,,,,,,,,,,,,,true,true,product_e686a26c-f26d-47f3-a1ad-cb57b6b85d2a,product_e686a26c-f26d-47f3-a1ad-cb57b6b85d2a,true,B2B|MH-Junior4tette PRINT|MusikHeroes-Gesamt,4f718e_c0d79db1293a45b8859b9894e7699721~mv2.jpg|4f718e_5b29d2d29a6a465abc9a92549f295d32~mv2.jpg|4f718e_9493973d0cee423eb3ab2ef9352e2e42~mv2.jpg|4f718e_7958806dd1da4b3cab8ab76ec37837df,"<p>Das weihnachtliche Stück ""Auf auf ihr Hirten""<br>arrangiert für variables Junior-4tett</p>",true,MusikHeroes_Print@Home,false,Auf auf ihr Hirten,Auf auf ihr Hirten,"Auf, auf, ihr Hirten",XLSX_SOT_NORMALIZED,Produktpalette(2).xlsx:MusikHeroes,21,DERIVED,,false,,,
XW-551.08,XW-551.08,,,4b2edff0-f30c-5e70-840c-2d374c1897ec,NOTEN|weihnachts-medley 1 [junior-4tett],HIGH,true,CANONICAL,live,ACTIVE,true,false,MusikHeroes,MusikHeroes,Noten,Junior4tette Weihnachtlich,J4-W,,Weihnachts-Medley 1,SCORE,physical,,,,,,,Junior-4tett,4,,PHYSICAL,Weihnachts-Medley 1 [Junior-4tett],Weihnachts-Medley 1 [J4],WEIHNACHTS_MEDLEY_1_J4,Weihnachts-Medley 1 [Junior-4tett] ist eine Notenausgabe im MusikHeroes-Produktkatalog.,AUTO_DRAFT,GENERATED,Stimmigkeit/Satz: Junior-4tett,Format: PHYSICAL,Kategorie: Noten,,,,,10.00,,EUR,,,,,,,,,,,,,,,,,,,,,,,false,true,,,,,,,false,,false,Weihnachts-Medley 1,,,XLSX_SOT_NORMALIZED,Produktpalette(2).xlsx:MusikHeroes,22,EXACT,,false,,,
XW-551.09,XW-551.09,,,2d66f58c-c762-59e1-a323-570fda22f7ab,RESERVED|XW-551.09,LOW,true,CANONICAL,draft,RESERVED,false,false,MusikHeroes,MusikHeroes,Reserviert,Junior4tette Weihnachtlich,J4-W,,,RESERVED,physical,,,,,,,Junior-4tett,4,,PHYSICAL,Reserviert - XW-551.09,Reserviert XW-551.09,XW-551.09,Reserviert - XW-551.09 ist eine reservierte Artikelnummer im XW Product Hub.,AUTO_DRAFT,GENERATED,Stimmigkeit/Satz: Junior-4tett,Format: PHYSICAL,,,,,,10.00,,EUR,,,,,,,,,,,,,,,,,,,,,,,false,false,,,,,,,false,,false,,,,XLSX_SOT_RESERVED,Produktpalette(2).xlsx:MusikHeroes,23,RESERVED,,false,,,
XW-551.10,XW-551.10,,,b3c657d2-b782-5564-b7bb-db8dd1ef5714,RESERVED|XW-551.10,LOW,true,CANONICAL,draft,RESERVED,false,false,MusikHeroes,MusikHeroes,Reserviert,Junior4tette Weihnachtlich,J4-W,,,RESERVED,physical,,,,,,,Junior-4tett,4,,PHYSICAL,Reserviert - XW-551.10,Reserviert XW-551.10,XW-551.10,Reserviert - XW-551.10 ist eine reservierte Artikelnummer im XW Product Hub.,AUTO_DRAFT,GENERATED,Stimmigkeit/Satz: Junior-4tett,Format: PHYSICAL,,,,,,10.00,,EUR,,,,,,,,,,,,,,,,,,,,,,,false,false,,,,,,,false,,false,,,,XLSX_SOT_RESERVED,Produktpalette(2).xlsx:MusikHeroes,24,RESERVED,,false,,,
XW-552.01,XW-552.01,,,cbaee446-7b47-54d4-ab2e-9e8a7845bb68,RESERVED|XW-552.01,LOW,true,CANONICAL,draft,RESERVED,false,false,MusikHeroes,MusikHeroes,Reserviert,Junior4tette Weihnachtlich,J4-W,,,RESERVED,physical,,,,,,,Junior-4tett,4,,PHYSICAL,Reserviert - XW-552.01,Reserviert XW-552.01,XW-552.01,Reserviert - XW-552.01 ist eine reservierte Artikelnummer im XW Product Hub.,AUTO_DRAFT,GENERATED,Stimmigkeit/Satz: Junior-4tett,Format: PHYSICAL,,,,,,10.00,,EUR,,,,,,,,,,,,,,,,,,,,,,,false,false,,,,,,,false,,false,,,,XLSX_SOT_RESERVED,Produktpalette(2).xlsx:MusikHeroes,27,RESERVED,,false,,,
XW-552.02,XW-552.02,,,00f2b182-52f0-57b2-92ad-43e7266f5c49,RESERVED|XW-552.02,LOW,true,CANONICAL,draft,RESERVED,false,false,MusikHeroes,MusikHeroes,Reserviert,Junior4tette Weihnachtlich,J4-W,,,RESERVED,physical,,,,,,,Junior-4tett,4,,PHYSICAL,Reserviert - XW-552.02,Reserviert XW-552.02,XW-552.02,Reserviert - XW-552.02 ist eine reservierte Artikelnummer im XW Product Hub.,AUTO_DRAFT,GENERATED,Stimmigkeit/Satz: Junior-4tett,Format: PHYSICAL,,,,,,10.00,,EUR,,,,,,,,,,,,,,,,,,,,,,,false,false,,,,,,,false,,false,,,,XLSX_SOT_RESERVED,Produktpalette(2).xlsx:MusikHeroes,28,RESERVED,,false,,,
XW-552.03,XW-552.03,,,d1373aed-f656-5acc-ad61-249e62403955,RESERVED|XW-552.03,LOW,true,CANONICAL,draft,RESERVED,false,false,MusikHeroes,MusikHeroes,Reserviert,Junior4tette Weihnachtlich,J4-W,,,RESERVED,physical,,,,,,,Junior-4tett,4,,PHYSICAL,Reserviert - XW-552.03,Reserviert XW-552.03,XW-552.03,Reserviert - XW-552.03 ist eine reservierte Artikelnummer im XW Product Hub.,AUTO_DRAFT,GENERATED,Stimmigkeit/Satz: Junior-4tett,Format: PHYSICAL,,,,,,10.00,,EUR,,,,,,,,,,,,,,,,,,,,,,,false,false,,,,,,,false,,false,,,,XLSX_SOT_RESERVED,Produktpalette(2).xlsx:MusikHeroes,29,RESERVED,,false,,,
XW-552.04,XW-552.04,,,cbdea825-61a4-5f44-a6b3-d09118596468,RESERVED|XW-552.04,LOW,true,CANONICAL,draft,RESERVED,false,false,MusikHeroes,MusikHeroes,Reserviert,Junior4tette Weihnachtlich,J4-W,,,RESERVED,physical,,,,,,,Junior-4tett,4,,PHYSICAL,Reserviert - XW-552.04,Reserviert XW-552.04,XW-552.04,Reserviert - XW-552.04 ist eine reservierte Artikelnummer im XW Product Hub.,AUTO_DRAFT,GENERATED,Stimmigkeit/Satz: Junior-4tett,Format: PHYSICAL,,,,,,10.00,,EUR,,,,,,,,,,,,,,,,,,,,,,,false,false,,,,,,,false,,false,,,,XLSX_SOT_RESERVED,Produktpalette(2).xlsx:MusikHeroes,30,RESERVED,,false,,,
XW-552.05,XW-552.05,,,5a8398dd-771d-52da-bc7f-934279712080,RESERVED|XW-552.05,LOW,true,CANONICAL,draft,RESERVED,false,false,MusikHeroes,MusikHeroes,Reserviert,Junior4tette Weihnachtlich,J4-W,,,RESERVED,physical,,,,,,,Junior-4tett,4,,PHYSICAL,Reserviert - XW-552.05,Reserviert XW-552.05,XW-552.05,Reserviert - XW-552.05 ist eine reservierte Artikelnummer im XW Product Hub.,AUTO_DRAFT,GENERATED,Stimmigkeit/Satz: Junior-4tett,Format: PHYSICAL,,,,,,10.00,,EUR,,,,,,,,,,,,,,,,,,,,,,,false,false,,,,,,,false,,false,,,,XLSX_SOT_RESERVED,Produktpalette(2).xlsx:MusikHeroes,31,RESERVED,,false,,,
XW-552.06,XW-552.06,,,6bbba88a-ec51-560f-a5dd-720471f76312,RESERVED|XW-552.06,LOW,true,CANONICAL,draft,RESERVED,false,false,MusikHeroes,MusikHeroes,Reserviert,Junior4tette Weihnachtlich,J4-W,,,RESERVED,physical,,,,,,,Junior-4tett,4,,PHYSICAL,Reserviert - XW-552.06,Reserviert XW-552.06,XW-552.06,Reserviert - XW-552.06 ist eine reservierte Artikelnummer im XW Product Hub.,AUTO_DRAFT,GENERATED,Stimmigkeit/Satz: Junior-4tett,Format: PHYSICAL,,,,,,10.00,,EUR,,,,,,,,,,,,,,,,,,,,,,,false,false,,,,,,,false,,false,,,,XLSX_SOT_RESERVED,Produktpalette(2).xlsx:MusikHeroes,32,RESERVED,,false,,,
XW-552.07,XW-552.07,,,67138509-21c8-5bfc-a9ea-bd6c287cb921,RESERVED|XW-552.07,LOW,true,CANONICAL,draft,RESERVED,false,false,MusikHeroes,MusikHeroes,Reserviert,Junior4tette Weihnachtlich,J4-W,,,RESERVED,physical,,,,,,,Junior-4tett,4,,PHYSICAL,Reserviert - XW-552.07,Reserviert XW-552.07,XW-552.07,Reserviert - XW-552.07 ist eine reservierte Artikelnummer im XW Product Hub.,AUTO_DRAFT,GENERATED,Stimmigkeit/Satz: Junior-4tett,Format: PHYSICAL,,,,,,10.00,,EUR,,,,,,,,,,,,,,,,,,,,,,,false,false,,,,,,,false,,false,,,,XLSX_SOT_RESERVED,Produktpalette(2).xlsx:MusikHeroes,33,RESERVED,,false,,,
XW-552.08,XW-552.08,,,3f9b29c0-6aa5-59ef-bd05-8eb33070fcb9,RESERVED|XW-552.08,LOW,true,CANONICAL,draft,RESERVED,false,false,MusikHeroes,MusikHeroes,Reserviert,Junior4tette Weihnachtlich,J4-W,,,RESERVED,physical,,,,,,,Junior-4tett,4,,PHYSICAL,Reserviert - XW-552.08,Reserviert XW-552.08,XW-552.08,Reserviert - XW-552.08 ist eine reservierte Artikelnummer im XW Product Hub.,AUTO_DRAFT,GENERATED,Stimmigkeit/Satz: Junior-4tett,Format: PHYSICAL,,,,,,10.00,,EUR,,,,,,,,,,,,,,,,,,,,,,,false,false,,,,,,,false,,false,,,,XLSX_SOT_RESERVED,Produktpalette(2).xlsx:MusikHeroes,34,RESERVED,,false,,,
XW-552.09,XW-552.09,,,92909553-0408-5b98-8ae2-76cd92e2f5a1,RESERVED|XW-552.09,LOW,true,CANONICAL,draft,RESERVED,false,false,MusikHeroes,MusikHeroes,Reserviert,Junior4tette Weihnachtlich,J4-W,,,RESERVED,physical,,,,,,,Junior-4tett,4,,PHYSICAL,Reserviert - XW-552.09,Reserviert XW-552.09,XW-552.09,Reserviert - XW-552.09 ist eine reservierte Artikelnummer im XW Product Hub.,AUTO_DRAFT,GENERATED,Stimmigkeit/Satz: Junior-4tett,Format: PHYSICAL,,,,,,10.00,,EUR,,,,,,,,,,,,,,,,,,,,,,,false,false,,,,,,,false,,false,,,,XLSX_SOT_RESERVED,Produktpalette(2).xlsx:MusikHeroes,35,RESERVED,,false,,,
XW-553.01,XW-553.01,,,88d21da3-c921-5d32-9c66-a22c674ef198,RESERVED|XW-553.01,LOW,true,CANONICAL,draft,RESERVED,false,false,MusikHeroes,MusikHeroes,Reserviert,Junior4tette Jazzy,J4-J,,,RESERVED,physical,,,,,,,Junior-4tett,4,,PHYSICAL,Reserviert - XW-553.01,Reserviert XW-553.01,XW-553.01,Reserviert - XW-553.01 ist eine reservierte Artikelnummer im XW Product Hub.,AUTO_DRAFT,GENERATED,Stimmigkeit/Satz: Junior-4tett,Format: PHYSICAL,,,,,,10.00,,EUR,,,,,,,,,,,,,,,,,,,,,,,false,false,,,,,,,false,,false,,,,XLSX_SOT_RESERVED,Produktpalette(2).xlsx:MusikHeroes,14,RESERVED,,false,,,
XW-553.02,XW-553.02,,,52d92aaf-8286-5e1f-912d-ad0d14e1d8e8,RESERVED|XW-553.02,LOW,true,CANONICAL,draft,RESERVED,false,false,MusikHeroes,MusikHeroes,Reserviert,Junior4tette Jazzy,J4-J,,,RESERVED,physical,,,,,,,Junior-4tett,4,,PHYSICAL,Reserviert - XW-553.02,Reserviert XW-553.02,XW-553.02,Reserviert - XW-553.02 ist eine reservierte Artikelnummer im XW Product Hub.,AUTO_DRAFT,GENERATED,Stimmigkeit/Satz: Junior-4tett,Format: PHYSICAL,,,,,,10.00,,EUR,,,,,,,,,,,,,,,,,,,,,,,false,false,,,,,,,false,,false,,,,XLSX_SOT_RESERVED,Produktpalette(2).xlsx:MusikHeroes,15,RESERVED,,false,,,
XW-553.03,XW-553.03,,,020c5ae4-c4c4-5f04-ae49-46e8c72c8047,RESERVED|XW-553.03,LOW,true,CANONICAL,draft,RESERVED,false,false,MusikHeroes,MusikHeroes,Reserviert,Junior4tette Jazzy,J4-J,,,RESERVED,physical,,,,,,,Junior-4tett,4,,PHYSICAL,Reserviert - XW-553.03,Reserviert XW-553.03,XW-553.03,Reserviert - XW-553.03 ist eine reservierte Artikelnummer im XW Product Hub.,AUTO_DRAFT,GENERATED,Stimmigkeit/Satz: Junior-4tett,Format: PHYSICAL,,,,,,10.00,,EUR,,,,,,,,,,,,,,,,,,,,,,,false,false,,,,,,,false,,false,,,,XLSX_SOT_RESERVED,Produktpalette(2).xlsx:MusikHeroes,16,RESERVED,,false,,,
XW-553.04,XW-553.04,,,e984befd-cba0-554d-8da6-9c5c63db618c,RESERVED|XW-553.04,LOW,true,CANONICAL,draft,RESERVED,false,false,MusikHeroes,MusikHeroes,Reserviert,Junior4tette Jazzy,J4-J,,,RESERVED,physical,,,,,,,Junior-4tett,4,,PHYSICAL,Reserviert - XW-553.04,Reserviert XW-553.04,XW-553.04,Reserviert - XW-553.04 ist eine reservierte Artikelnummer im XW Product Hub.,AUTO_DRAFT,GENERATED,Stimmigkeit/Satz: Junior-4tett,Format: PHYSICAL,,,,,,10.00,,EUR,,,,,,,,,,,,,,,,,,,,,,,false,false,,,,,,,false,,false,,,,XLSX_SOT_RESERVED,Produktpalette(2).xlsx:MusikHeroes,17,RESERVED,,false,,,
XW-553.05,XW-553.05,,,928ae594-b438-5c44-a2db-4eeed016da2b,RESERVED|XW-553.05,LOW,true,CANONICAL,draft,RESERVED,false,false,MusikHeroes,MusikHeroes,Reserviert,Junior4tette Jazzy,J4-J,,,RESERVED,physical,,,,,,,Junior-4tett,4,,PHYSICAL,Reserviert - XW-553.05,Reserviert XW-553.05,XW-553.05,Reserviert - XW-553.05 ist eine reservierte Artikelnummer im XW Product Hub.,AUTO_DRAFT,GENERATED,Stimmigkeit/Satz: Junior-4tett,Format: PHYSICAL,,,,,,10.00,,EUR,,,,,,,,,,,,,,,,,,,,,,,false,false,,,,,,,false,,false,,,,XLSX_SOT_RESERVED,Produktpalette(2).xlsx:MusikHeroes,18,RESERVED,,false,,,
XW-553.06,XW-553.06,,,729816a1-4b78-5362-98eb-69d79559a8ad,RESERVED|XW-553.06,LOW,true,CANONICAL,draft,RESERVED,false,false,MusikHeroes,MusikHeroes,Reserviert,Junior4tette Jazzy,J4-J,,,RESERVED,physical,,,,,,,Junior-4tett,4,,PHYSICAL,Reserviert - XW-553.06,Reserviert XW-553.06,XW-553.06,Reserviert - XW-553.06 ist eine reservierte Artikelnummer im XW Product Hub.,AUTO_DRAFT,GENERATED,Stimmigkeit/Satz: Junior-4tett,Format: PHYSICAL,,,,,,10.00,,EUR,,,,,,,,,,,,,,,,,,,,,,,false,false,,,,,,,false,,false,,,,XLSX_SOT_RESERVED,Produktpalette(2).xlsx:MusikHeroes,19,RESERVED,,false,,,
XW-553.07,XW-553.07,,,ef9bfb11-e423-5a99-9444-a600a0da5764,RESERVED|XW-553.07,LOW,true,CANONICAL,draft,RESERVED,false,false,MusikHeroes,MusikHeroes,Reserviert,Junior4tette Jazzy,J4-J,,,RESERVED,physical,,,,,,,Junior-4tett,4,,PHYSICAL,Reserviert - XW-553.07,Reserviert XW-553.07,XW-553.07,Reserviert - XW-553.07 ist eine reservierte Artikelnummer im XW Product Hub.,AUTO_DRAFT,GENERATED,Stimmigkeit/Satz: Junior-4tett,Format: PHYSICAL,,,,,,10.00,,EUR,,,,,,,,,,,,,,,,,,,,,,,false,false,,,,,,,false,,false,,,,XLSX_SOT_RESERVED,Produktpalette(2).xlsx:MusikHeroes,20,RESERVED,,false,,,
XW-553.08,XW-553.08,,,ab2120e6-f67f-5dac-968f-bb70a0335da1,RESERVED|XW-553.08,LOW,true,CANONICAL,draft,RESERVED,false,false,MusikHeroes,MusikHeroes,Reserviert,Junior4tette Jazzy,J4-J,,,RESERVED,physical,,,,,,,Junior-4tett,4,,PHYSICAL,Reserviert - XW-553.08,Reserviert XW-553.08,XW-553.08,Reserviert - XW-553.08 ist eine reservierte Artikelnummer im XW Product Hub.,AUTO_DRAFT,GENERATED,Stimmigkeit/Satz: Junior-4tett,Format: PHYSICAL,,,,,,10.00,,EUR,,,,,,,,,,,,,,,,,,,,,,,false,false,,,,,,,false,,false,,,,XLSX_SOT_RESERVED,Produktpalette(2).xlsx:MusikHeroes,21,RESERVED,,false,,,
XW-553.09,XW-553.09,,,e160236f-cf02-52fa-b4b2-0e95b716d151,RESERVED|XW-553.09,LOW,true,CANONICAL,draft,RESERVED,false,false,MusikHeroes,MusikHeroes,Reserviert,Junior4tette Jazzy,J4-J,,,RESERVED,physical,,,,,,,Junior-4tett,4,,PHYSICAL,Reserviert - XW-553.09,Reserviert XW-553.09,XW-553.09,Reserviert - XW-553.09 ist eine reservierte Artikelnummer im XW Product Hub.,AUTO_DRAFT,GENERATED,Stimmigkeit/Satz: Junior-4tett,Format: PHYSICAL,,,,,,10.00,,EUR,,,,,,,,,,,,,,,,,,,,,,,false,false,,,,,,,false,,false,,,,XLSX_SOT_RESERVED,Produktpalette(2).xlsx:MusikHeroes,22,RESERVED,,false,,,
XW-553.10,XW-553.10,,,bc486bd0-186f-54e7-a2cd-cd4b3f71c71d,RESERVED|XW-553.10,LOW,true,CANONICAL,draft,RESERVED,false,false,MusikHeroes,MusikHeroes,Reserviert,Junior4tette Jazzy,J4-J,,,RESERVED,physical,,,,,,,Junior-4tett,4,,PHYSICAL,Reserviert - XW-553.10,Reserviert XW-553.10,XW-553.10,Reserviert - XW-553.10 ist eine reservierte Artikelnummer im XW Product Hub.,AUTO_DRAFT,GENERATED,Stimmigkeit/Satz: Junior-4tett,Format: PHYSICAL,,,,,,10.00,,EUR,,,,,,,,,,,,,,,,,,,,,,,false,false,,,,,,,false,,false,,,,XLSX_SOT_RESERVED,Produktpalette(2).xlsx:MusikHeroes,23,RESERVED,,false,,,
XW-554.01,XW-554.01,,,3f1ecdc8-75e0-5041-8850-3ca670483585,RESERVED|XW-554.01,LOW,true,CANONICAL,draft,RESERVED,false,false,MusikHeroes,MusikHeroes,Reserviert,Junior4tette Jazzy,J4-J,,,RESERVED,physical,,,,,,,Junior-4tett,4,,PHYSICAL,Reserviert - XW-554.01,Reserviert XW-554.01,XW-554.01,Reserviert - XW-554.01 ist eine reservierte Artikelnummer im XW Product Hub.,AUTO_DRAFT,GENERATED,Stimmigkeit/Satz: Junior-4tett,Format: PHYSICAL,,,,,,10.00,,EUR,,,,,,,,,,,,,,,,,,,,,,,false,false,,,,,,,false,,false,,,,XLSX_SOT_RESERVED,Produktpalette(2).xlsx:MusikHeroes,27,RESERVED,,false,,,
XW-554.02,XW-554.02,,,5e15d966-b30e-594f-a2e2-f6af01176b5f,RESERVED|XW-554.02,LOW,true,CANONICAL,draft,RESERVED,false,false,MusikHeroes,MusikHeroes,Reserviert,Junior4tette Jazzy,J4-J,,,RESERVED,physical,,,,,,,Junior-4tett,4,,PHYSICAL,Reserviert - XW-554.02,Reserviert XW-554.02,XW-554.02,Reserviert - XW-554.02 ist eine reservierte Artikelnummer im XW Product Hub.,AUTO_DRAFT,GENERATED,Stimmigkeit/Satz: Junior-4tett,Format: PHYSICAL,,,,,,10.00,,EUR,,,,,,,,,,,,,,,,,,,,,,,false,false,,,,,,,false,,false,,,,XLSX_SOT_RESERVED,Produktpalette(2).xlsx:MusikHeroes,28,RESERVED,,false,,,
XW-554.03,XW-554.03,,,b5ffaa10-0a25-5c6a-98ae-4c187d23ad53,RESERVED|XW-554.03,LOW,true,CANONICAL,draft,RESERVED,false,false,MusikHeroes,MusikHeroes,Reserviert,Junior4tette Jazzy,J4-J,,,RESERVED,physical,,,,,,,Junior-4tett,4,,PHYSICAL,Reserviert - XW-554.03,Reserviert XW-554.03,XW-554.03,Reserviert - XW-554.03 ist eine reservierte Artikelnummer im XW Product Hub.,AUTO_DRAFT,GENERATED,Stimmigkeit/Satz: Junior-4tett,Format: PHYSICAL,,,,,,10.00,,EUR,,,,,,,,,,,,,,,,,,,,,,,false,false,,,,,,,false,,false,,,,XLSX_SOT_RESERVED,Produktpalette(2).xlsx:MusikHeroes,29,RESERVED,,false,,,
XW-554.04,XW-554.04,,,d0b0ee11-6cbf-526d-834b-ec0f30ebd71a,RESERVED|XW-554.04,LOW,true,CANONICAL,draft,RESERVED,false,false,MusikHeroes,MusikHeroes,Reserviert,Junior4tette Jazzy,J4-J,,,RESERVED,physical,,,,,,,Junior-4tett,4,,PHYSICAL,Reserviert - XW-554.04,Reserviert XW-554.04,XW-554.04,Reserviert - XW-554.04 ist eine reservierte Artikelnummer im XW Product Hub.,AUTO_DRAFT,GENERATED,Stimmigkeit/Satz: Junior-4tett,Format: PHYSICAL,,,,,,10.00,,EUR,,,,,,,,,,,,,,,,,,,,,,,false,false,,,,,,,false,,false,,,,XLSX_SOT_RESERVED,Produktpalette(2).xlsx:MusikHeroes,30,RESERVED,,false,,,
XW-554.05,XW-554.05,,,de6c97d0-4d37-5c04-8cec-02d4f0076ad8,RESERVED|XW-554.05,LOW,true,CANONICAL,draft,RESERVED,false,false,MusikHeroes,MusikHeroes,Reserviert,Junior4tette Jazzy,J4-J,,,RESERVED,physical,,,,,,,Junior-4tett,4,,PHYSICAL,Reserviert - XW-554.05,Reserviert XW-554.05,XW-554.05,Reserviert - XW-554.05 ist eine reservierte Artikelnummer im XW Product Hub.,AUTO_DRAFT,GENERATED,Stimmigkeit/Satz: Junior-4tett,Format: PHYSICAL,,,,,,10.00,,EUR,,,,,,,,,,,,,,,,,,,,,,,false,false,,,,,,,false,,false,,,,XLSX_SOT_RESERVED,Produktpalette(2).xlsx:MusikHeroes,31,RESERVED,,false,,,
XW-554.06,XW-554.06,,,9aa04cde-885c-5cf2-861c-e9cd374b246b,RESERVED|XW-554.06,LOW,true,CANONICAL,draft,RESERVED,false,false,MusikHeroes,MusikHeroes,Reserviert,Junior4tette Jazzy,J4-J,,,RESERVED,physical,,,,,,,Junior-4tett,4,,PHYSICAL,Reserviert - XW-554.06,Reserviert XW-554.06,XW-554.06,Reserviert - XW-554.06 ist eine reservierte Artikelnummer im XW Product Hub.,AUTO_DRAFT,GENERATED,Stimmigkeit/Satz: Junior-4tett,Format: PHYSICAL,,,,,,10.00,,EUR,,,,,,,,,,,,,,,,,,,,,,,false,false,,,,,,,false,,false,,,,XLSX_SOT_RESERVED,Produktpalette(2).xlsx:MusikHeroes,32,RESERVED,,false,,,
XW-554.07,XW-554.07,,,3cd83ab2-f6cc-5461-ba61-9cfb94099c7d,RESERVED|XW-554.07,LOW,true,CANONICAL,draft,RESERVED,false,false,MusikHeroes,MusikHeroes,Reserviert,Junior4tette Jazzy,J4-J,,,RESERVED,physical,,,,,,,Junior-4tett,4,,PHYSICAL,Reserviert - XW-554.07,Reserviert XW-554.07,XW-554.07,Reserviert - XW-554.07 ist eine reservierte Artikelnummer im XW Product Hub.,AUTO_DRAFT,GENERATED,Stimmigkeit/Satz: Junior-4tett,Format: PHYSICAL,,,,,,10.00,,EUR,,,,,,,,,,,,,,,,,,,,,,,false,false,,,,,,,false,,false,,,,XLSX_SOT_RESERVED,Produktpalette(2).xlsx:MusikHeroes,33,RESERVED,,false,,,
XW-554.08,XW-554.08,,,add6c4ac-05a0-53d1-a759-c74c098135b6,RESERVED|XW-554.08,LOW,true,CANONICAL,draft,RESERVED,false,false,MusikHeroes,MusikHeroes,Reserviert,Junior4tette Jazzy,J4-J,,,RESERVED,physical,,,,,,,Junior-4tett,4,,PHYSICAL,Reserviert - XW-554.08,Reserviert XW-554.08,XW-554.08,Reserviert - XW-554.08 ist eine reservierte Artikelnummer im XW Product Hub.,AUTO_DRAFT,GENERATED,Stimmigkeit/Satz: Junior-4tett,Format: PHYSICAL,,,,,,10.00,,EUR,,,,,,,,,,,,,,,,,,,,,,,false,false,,,,,,,false,,false,,,,XLSX_SOT_RESERVED,Produktpalette(2).xlsx:MusikHeroes,34,RESERVED,,false,,,
XW-554.09,XW-554.09,,,1d25f0b9-2aae-55cc-91e8-ab8e3211762e,RESERVED|XW-554.09,LOW,true,CANONICAL,draft,RESERVED,false,false,MusikHeroes,MusikHeroes,Reserviert,Junior4tette Jazzy,J4-J,,,RESERVED,physical,,,,,,,Junior-4tett,4,,PHYSICAL,Reserviert - XW-554.09,Reserviert XW-554.09,XW-554.09,Reserviert - XW-554.09 ist eine reservierte Artikelnummer im XW Product Hub.,AUTO_DRAFT,GENERATED,Stimmigkeit/Satz: Junior-4tett,Format: PHYSICAL,,,,,,10.00,,EUR,,,,,,,,,,,,,,,,,,,,,,,false,false,,,,,,,false,,false,,,,XLSX_SOT_RESERVED,Produktpalette(2).xlsx:MusikHeroes,35,RESERVED,,false,,,
XW-554.10,XW-554.10,,,72869dd6-12fa-5474-95a5-546bc6223272,RESERVED|XW-554.10,LOW,true,CANONICAL,draft,RESERVED,false,false,MusikHeroes,MusikHeroes,Reserviert,Junior4tette Jazzy,J4-J,,,RESERVED,physical,,,,,,,Junior-4tett,4,,PHYSICAL,Reserviert - XW-554.10,Reserviert XW-554.10,XW-554.10,Reserviert - XW-554.10 ist eine reservierte Artikelnummer im XW Product Hub.,AUTO_DRAFT,GENERATED,Stimmigkeit/Satz: Junior-4tett,Format: PHYSICAL,,,,,,10.00,,EUR,,,,,,,,,,,,,,,,,,,,,,,false,false,,,,,,,false,,false,,,,XLSX_SOT_RESERVED,Produktpalette(2).xlsx:MusikHeroes,36,RESERVED,,false,,,
XW-555.01,XW-555.01,,,30208734-49f4-586e-9af2-97e0f21b07f5,NOTEN|hiaz kimmt die heilige weihnachtszeit [section-4tett],HIGH,true,CANONICAL,live,ACTIVE,true,false,MusikHeroes,MusikHeroes,Noten,Section4tette Weihnachtlich,S4-W,,Hiaz kimmt die heilige Weihnachtszeit,SCORE,physical,,,,,,,Section-4tett,4,,PHYSICAL,Hiaz kimmt die heilige Weihnachtszeit [Section-4tett],Hiaz kimmt die heilige Weihnachtszeit [S4],HIAZ_KIMMT_DIE_HEILIGE_WEIHN_S4,Hiaz kimmt die heilige Weihnachtszeit [Section-4tett] ist eine Notenausgabe im MusikHeroes-Produktkatalog.,AUTO_DRAFT,GENERATED,Stimmigkeit/Satz: Section-4tett,Format: PHYSICAL,Kategorie: Noten,,,,,10.00,,EUR,,,,,,,,,,,,,,,,,,,,,,,false,true,,,,,,,false,,false,Hiaz kimmt die heilige Weihnachtszeit,,,XLSX_SOT_NORMALIZED,Produktpalette(2).xlsx:MusikHeroes,14,EXACT,,false,,,
XW-555.02,XW-555.02,,,04135270-61c8-53b2-bbe5-8231069c5c34,NOTEN|adeste fideles [section-4tett],HIGH,true,CANONICAL,live,ACTIVE,true,false,MusikHeroes,MusikHeroes,Noten,Section4tette Weihnachtlich,S4-W,,Adeste fideles,SCORE,physical,,,,,,,Section-4tett,4,,PHYSICAL,Adeste fideles [Section-4tett],Adeste fideles [S4],ADESTE_FIDELES_S4,Adeste fideles [Section-4tett] ist eine Notenausgabe im MusikHeroes-Produktkatalog.,AUTO_DRAFT,GENERATED,Stimmigkeit/Satz: Section-4tett,Format: PHYSICAL,Kategorie: Noten,,,,,10.00,,EUR,,,,,,,,,,,,,,,,,,,,,,,false,true,,,,,,,false,,false,Adeste fideles,,,XLSX_SOT_NORMALIZED,Produktpalette(2).xlsx:MusikHeroes,15,EXACT,,false,,,
XW-555.03,XW-555.03,,,0fd70fbc-70f2-5c80-b097-9305517a8ba9,NOTEN|hark! the herald angels sing [section-4tett],HIGH,true,CANONICAL,live,ACTIVE,true,false,MusikHeroes,MusikHeroes,Noten,Section4tette Weihnachtlich,S4-W,,Hark! The Herald Angels Sing,SCORE,physical,,,,,,,Section-4tett,4,,PHYSICAL,Hark! The Herald Angels Sing [Section-4tett],Hark! The Herald Angels Sing [S4],HARK_THE_HERALD_ANGELS_SING_S4,Hark! The Herald Angels Sing [Section-4tett] ist eine Notenausgabe im MusikHeroes-Produktkatalog.,AUTO_DRAFT,GENERATED,Stimmigkeit/Satz: Section-4tett,Format: PHYSICAL,Kategorie: Noten,,,,,10.00,,EUR,,,,,,,,,,,,,,,,,,,,,,,false,true,,,,,,,false,,false,Hark! The Herald Angels Sing,,,XLSX_SOT_NORMALIZED,Produktpalette(2).xlsx:MusikHeroes,16,EXACT,,false,,,
XW-555.04,XW-555.04,,,963ee2ac-210c-505c-af75-8542c0eea0a9,NOTEN|wir sagen euch an [section-4tett],HIGH,true,CANONICAL,live,ACTIVE,true,false,MusikHeroes,MusikHeroes,Noten,Section4tette Weihnachtlich,S4-W,,Wir sagen euch an,SCORE,physical,,,,,,,Section-4tett,4,,PHYSICAL,Wir sagen euch an [Section-4tett],Wir sagen euch an [S4],WIR_SAGEN_EUCH_AN_S4,Wir sagen euch an [Section-4tett] ist eine Notenausgabe im MusikHeroes-Produktkatalog.,AUTO_DRAFT,GENERATED,Stimmigkeit/Satz: Section-4tett,Format: PHYSICAL,Kategorie: Noten,,,,,10.00,,EUR,,,,,,,,,,,,,,,,,,,,,,,false,true,,,,,,,false,,false,Wir sagen euch an,,,XLSX_SOT_NORMALIZED,Produktpalette(2).xlsx:MusikHeroes,17,EXACT,,false,,,
XW-555.05,XW-555.05,,,05ae1459-02de-525c-bbf3-7a2a0a349245,NOTEN|o jubel o freud [section-4tett],HIGH,true,CANONICAL,live,ACTIVE,true,false,MusikHeroes,MusikHeroes,Noten,Section4tette Weihnachtlich,S4-W,,O Jubel O Freud,SCORE,physical,,,,,,,Section-4tett,4,,PHYSICAL,O Jubel O Freud [Section-4tett],O Jubel O Freud [S4],O_JUBEL_O_FREUD_S4,O Jubel O Freud [Section-4tett] ist eine Notenausgabe im MusikHeroes-Produktkatalog.,AUTO_DRAFT,GENERATED,Stimmigkeit/Satz: Section-4tett,Format: PHYSICAL,Kategorie: Noten,,,,,10.00,,EUR,,,,,,,,,,,,,,,,,,,,,,,false,true,,,,,,,false,,false,O Jubel O Freud,,,XLSX_SOT_NORMALIZED,Produktpalette(2).xlsx:MusikHeroes,18,EXACT,,false,,,
XW-555.06,XW-555.06,,,a76d6c45-8b16-5b08-a678-44ba4b440796,NOTEN|weihnacht wie bist du schön [section-4tett],HIGH,true,CANONICAL,live,ACTIVE,true,false,MusikHeroes,MusikHeroes,Noten,Section4tette Weihnachtlich,S4-W,,Weihnacht wie bist du schön,SCORE,physical,,,,,,,Section-4tett,4,,PHYSICAL,Weihnacht wie bist du schön [Section-4tett],Weihnacht wie bist du schön [S4],WEIHNACHT_WIE_BIST_DU_SCHOEN_S4,Weihnacht wie bist du schön [Section-4tett] ist eine Notenausgabe im MusikHeroes-Produktkatalog.,AUTO_DRAFT,GENERATED,Stimmigkeit/Satz: Section-4tett,Format: PHYSICAL,Kategorie: Noten,,,,,10.00,,EUR,,,,,,,,,,,,,,,,,,,,,,,false,true,,,,,,,false,,false,Weihnacht wie bist du schön,,,XLSX_SOT_NORMALIZED,Produktpalette(2).xlsx:MusikHeroes,19,EXACT,,false,,,
XW-555.07,XW-555.07,,,080728f9-1768-5412-b0f7-5c80ddf1354b,NOTEN|auf auf ihr hirten [section-4tett],HIGH,true,CANONICAL,live,ACTIVE,true,false,MusikHeroes,MusikHeroes,Noten,Section4tette Weihnachtlich,S4-W,,Auf auf ihr Hirten,SCORE,physical,,,,,,,Section-4tett,4,,PHYSICAL,Auf auf ihr Hirten [Section-4tett],Auf auf ihr Hirten [S4],AUF_AUF_IHR_HIRTEN_S4,Auf auf ihr Hirten [Section-4tett] ist eine Notenausgabe im MusikHeroes-Produktkatalog.,AUTO_DRAFT,GENERATED,Stimmigkeit/Satz: Section-4tett,Format: PHYSICAL,Kategorie: Noten,,,,,10.00,,EUR,,,,,,,,,,,,,,,,,,,,,,,false,true,,,,,,,false,,false,Auf auf ihr Hirten,,,XLSX_SOT_NORMALIZED,Produktpalette(2).xlsx:MusikHeroes,20,EXACT,,false,,,
XW-555.08,XW-555.08,,,839ccf2c-3168-5a76-a421-44b56420b1b9,NOTEN|weihnachts-medley 1 [section-4tett],HIGH,true,CANONICAL,live,ACTIVE,true,false,MusikHeroes,MusikHeroes,Noten,Section4tette Weihnachtlich,S4-W,,Weihnachts-Medley 1,SCORE,physical,,,,,,,Section-4tett,4,,PHYSICAL,Weihnachts-Medley 1 [Section-4tett],Weihnachts-Medley 1 [S4],WEIHNACHTS_MEDLEY_1_S4,Weihnachts-Medley 1 [Section-4tett] ist eine Notenausgabe im MusikHeroes-Produktkatalog.,AUTO_DRAFT,GENERATED,Stimmigkeit/Satz: Section-4tett,Format: PHYSICAL,Kategorie: Noten,,,,,10.00,,EUR,,,,,,,,,,,,,,,,,,,,,,,false,true,,,,,,,false,,false,Weihnachts-Medley 1,,,XLSX_SOT_NORMALIZED,Produktpalette(2).xlsx:MusikHeroes,21,EXACT,,false,,,
XW-555.09,XW-555.09,,,229fc9ae-3f1a-590b-aa1a-49582bfbd371,RESERVED|XW-555.09,LOW,true,CANONICAL,draft,RESERVED,false,false,MusikHeroes,MusikHeroes,Reserviert,Section4tette Weihnachtlich,S4-W,,,RESERVED,physical,,,,,,,Section-4tett,4,,PHYSICAL,Reserviert - XW-555.09,Reserviert XW-555.09,XW-555.09,Reserviert - XW-555.09 ist eine reservierte Artikelnummer im XW Product Hub.,AUTO_DRAFT,GENERATED,Stimmigkeit/Satz: Section-4tett,Format: PHYSICAL,,,,,,10.00,,EUR,,,,,,,,,,,,,,,,,,,,,,,false,false,,,,,,,false,,false,,,,XLSX_SOT_RESERVED,Produktpalette(2).xlsx:MusikHeroes,22,RESERVED,,false,,,
XW-555.10,XW-555.10,,,28f497ff-a42a-5f62-8bd0-21ebef934825,RESERVED|XW-555.10,LOW,true,CANONICAL,draft,RESERVED,false,false,MusikHeroes,MusikHeroes,Reserviert,Section4tette Weihnachtlich,S4-W,,,RESERVED,physical,,,,,,,Section-4tett,4,,PHYSICAL,Reserviert - XW-555.10,Reserviert XW-555.10,XW-555.10,Reserviert - XW-555.10 ist eine reservierte Artikelnummer im XW Product Hub.,AUTO_DRAFT,GENERATED,Stimmigkeit/Satz: Section-4tett,Format: PHYSICAL,,,,,,10.00,,EUR,,,,,,,,,,,,,,,,,,,,,,,false,false,,,,,,,false,,false,,,,XLSX_SOT_RESERVED,Produktpalette(2).xlsx:MusikHeroes,23,RESERVED,,false,,,
XW-556.01,XW-556.01,,,bd695619-3803-5dee-b93a-77a8327d7c20,RESERVED|XW-556.01,LOW,true,CANONICAL,draft,RESERVED,false,false,MusikHeroes,MusikHeroes,Reserviert,Section4tette Weihnachtlich,S4-W,,,RESERVED,physical,,,,,,,Section-4tett,4,,PHYSICAL,Reserviert - XW-556.01,Reserviert XW-556.01,XW-556.01,Reserviert - XW-556.01 ist eine reservierte Artikelnummer im XW Product Hub.,AUTO_DRAFT,GENERATED,Stimmigkeit/Satz: Section-4tett,Format: PHYSICAL,,,,,,10.00,,EUR,,,,,,,,,,,,,,,,,,,,,,,false,false,,,,,,,false,,false,,,,XLSX_SOT_RESERVED,Produktpalette(2).xlsx:MusikHeroes,27,RESERVED,,false,,,
XW-556.02,XW-556.02,,,f40e1954-d5e6-5071-8d82-68a03facc23b,RESERVED|XW-556.02,LOW,true,CANONICAL,draft,RESERVED,false,false,MusikHeroes,MusikHeroes,Reserviert,Section4tette Weihnachtlich,S4-W,,,RESERVED,physical,,,,,,,Section-4tett,4,,PHYSICAL,Reserviert - XW-556.02,Reserviert XW-556.02,XW-556.02,Reserviert - XW-556.02 ist eine reservierte Artikelnummer im XW Product Hub.,AUTO_DRAFT,GENERATED,Stimmigkeit/Satz: Section-4tett,Format: PHYSICAL,,,,,,10.00,,EUR,,,,,,,,,,,,,,,,,,,,,,,false,false,,,,,,,false,,false,,,,XLSX_SOT_RESERVED,Produktpalette(2).xlsx:MusikHeroes,28,RESERVED,,false,,,
XW-556.03,XW-556.03,,,785001f9-ef9d-5377-8b7e-1ed2c4a5c599,RESERVED|XW-556.03,LOW,true,CANONICAL,draft,RESERVED,false,false,MusikHeroes,MusikHeroes,Reserviert,Section4tette Weihnachtlich,S4-W,,,RESERVED,physical,,,,,,,Section-4tett,4,,PHYSICAL,Reserviert - XW-556.03,Reserviert XW-556.03,XW-556.03,Reserviert - XW-556.03 ist eine reservierte Artikelnummer im XW Product Hub.,AUTO_DRAFT,GENERATED,Stimmigkeit/Satz: Section-4tett,Format: PHYSICAL,,,,,,10.00,,EUR,,,,,,,,,,,,,,,,,,,,,,,false,false,,,,,,,false,,false,,,,XLSX_SOT_RESERVED,Produktpalette(2).xlsx:MusikHeroes,29,RESERVED,,false,,,
XW-556.04,XW-556.04,,,b962c4fd-14bd-5f97-9861-4f6864cda363,RESERVED|XW-556.04,LOW,true,CANONICAL,draft,RESERVED,false,false,MusikHeroes,MusikHeroes,Reserviert,Section4tette Weihnachtlich,S4-W,,,RESERVED,physical,,,,,,,Section-4tett,4,,PHYSICAL,Reserviert - XW-556.04,Reserviert XW-556.04,XW-556.04,Reserviert - XW-556.04 ist eine reservierte Artikelnummer im XW Product Hub.,AUTO_DRAFT,GENERATED,Stimmigkeit/Satz: Section-4tett,Format: PHYSICAL,,,,,,10.00,,EUR,,,,,,,,,,,,,,,,,,,,,,,false,false,,,,,,,false,,false,,,,XLSX_SOT_RESERVED,Produktpalette(2).xlsx:MusikHeroes,30,RESERVED,,false,,,
XW-556.05,XW-556.05,,,8e38f152-3464-5ee8-b7cb-f820a020584c,RESERVED|XW-556.05,LOW,true,CANONICAL,draft,RESERVED,false,false,MusikHeroes,MusikHeroes,Reserviert,Section4tette Weihnachtlich,S4-W,,,RESERVED,physical,,,,,,,Section-4tett,4,,PHYSICAL,Reserviert - XW-556.05,Reserviert XW-556.05,XW-556.05,Reserviert - XW-556.05 ist eine reservierte Artikelnummer im XW Product Hub.,AUTO_DRAFT,GENERATED,Stimmigkeit/Satz: Section-4tett,Format: PHYSICAL,,,,,,10.00,,EUR,,,,,,,,,,,,,,,,,,,,,,,false,false,,,,,,,false,,false,,,,XLSX_SOT_RESERVED,Produktpalette(2).xlsx:MusikHeroes,31,RESERVED,,false,,,
XW-556.06,XW-556.06,,,c7aeaddb-3f43-5592-b495-19fff7075983,RESERVED|XW-556.06,LOW,true,CANONICAL,draft,RESERVED,false,false,MusikHeroes,MusikHeroes,Reserviert,Section4tette Weihnachtlich,S4-W,,,RESERVED,physical,,,,,,,Section-4tett,4,,PHYSICAL,Reserviert - XW-556.06,Reserviert XW-556.06,XW-556.06,Reserviert - XW-556.06 ist eine reservierte Artikelnummer im XW Product Hub.,AUTO_DRAFT,GENERATED,Stimmigkeit/Satz: Section-4tett,Format: PHYSICAL,,,,,,10.00,,EUR,,,,,,,,,,,,,,,,,,,,,,,false,false,,,,,,,false,,false,,,,XLSX_SOT_RESERVED,Produktpalette(2).xlsx:MusikHeroes,32,RESERVED,,false,,,
XW-556.07,XW-556.07,,,5cb88040-9cd5-5fff-8a8f-24934ecf2a15,RESERVED|XW-556.07,LOW,true,CANONICAL,draft,RESERVED,false,false,MusikHeroes,MusikHeroes,Reserviert,Section4tette Weihnachtlich,S4-W,,,RESERVED,physical,,,,,,,Section-4tett,4,,PHYSICAL,Reserviert - XW-556.07,Reserviert XW-556.07,XW-556.07,Reserviert - XW-556.07 ist eine reservierte Artikelnummer im XW Product Hub.,AUTO_DRAFT,GENERATED,Stimmigkeit/Satz: Section-4tett,Format: PHYSICAL,,,,,,10.00,,EUR,,,,,,,,,,,,,,,,,,,,,,,false,false,,,,,,,false,,false,,,,XLSX_SOT_RESERVED,Produktpalette(2).xlsx:MusikHeroes,33,RESERVED,,false,,,
XW-556.08,XW-556.08,,,b2a49447-82fa-5718-bd82-05bb491f78e2,RESERVED|XW-556.08,LOW,true,CANONICAL,draft,RESERVED,false,false,MusikHeroes,MusikHeroes,Reserviert,Section4tette Weihnachtlich,S4-W,,,RESERVED,physical,,,,,,,Section-4tett,4,,PHYSICAL,Reserviert - XW-556.08,Reserviert XW-556.08,XW-556.08,Reserviert - XW-556.08 ist eine reservierte Artikelnummer im XW Product Hub.,AUTO_DRAFT,GENERATED,Stimmigkeit/Satz: Section-4tett,Format: PHYSICAL,,,,,,10.00,,EUR,,,,,,,,,,,,,,,,,,,,,,,false,false,,,,,,,false,,false,,,,XLSX_SOT_RESERVED,Produktpalette(2).xlsx:MusikHeroes,34,RESERVED,,false,,,
XW-556.09,XW-556.09,,,437b9af7-e4ea-50c3-8499-43c21630bab8,RESERVED|XW-556.09,LOW,true,CANONICAL,draft,RESERVED,false,false,MusikHeroes,MusikHeroes,Reserviert,Section4tette Weihnachtlich,S4-W,,,RESERVED,physical,,,,,,,Section-4tett,4,,PHYSICAL,Reserviert - XW-556.09,Reserviert XW-556.09,XW-556.09,Reserviert - XW-556.09 ist eine reservierte Artikelnummer im XW Product Hub.,AUTO_DRAFT,GENERATED,Stimmigkeit/Satz: Section-4tett,Format: PHYSICAL,,,,,,10.00,,EUR,,,,,,,,,,,,,,,,,,,,,,,false,false,,,,,,,false,,false,,,,XLSX_SOT_RESERVED,Produktpalette(2).xlsx:MusikHeroes,35,RESERVED,,false,,,
XW-556.10,XW-556.10,,,bce130b3-6d43-568e-9e53-f6ca96949fa7,RESERVED|XW-556.10,LOW,true,CANONICAL,draft,RESERVED,false,false,MusikHeroes,MusikHeroes,Reserviert,Section4tette Weihnachtlich,S4-W,,,RESERVED,physical,,,,,,,Section-4tett,4,,PHYSICAL,Reserviert - XW-556.10,Reserviert XW-556.10,XW-556.10,Reserviert - XW-556.10 ist eine reservierte Artikelnummer im XW Product Hub.,AUTO_DRAFT,GENERATED,Stimmigkeit/Satz: Section-4tett,Format: PHYSICAL,,,,,,10.00,,EUR,,,,,,,,,,,,,,,,,,,,,,,false,false,,,,,,,false,,false,,,,XLSX_SOT_RESERVED,Produktpalette(2).xlsx:MusikHeroes,36,RESERVED,,false,,,
XW-557.01,XW-557.01,,,f1f3ec8e-5d1d-5370-9756-d8866397a1ed,RESERVED|XW-557.01,LOW,true,CANONICAL,draft,RESERVED,false,false,MusikHeroes,MusikHeroes,Reserviert,Section4tette Jazzy,S4-J,,,RESERVED,physical,,,,,,,Section-4tett,4,,PHYSICAL,Reserviert - XW-557.01,Reserviert XW-557.01,XW-557.01,Reserviert - XW-557.01 ist eine reservierte Artikelnummer im XW Product Hub.,AUTO_DRAFT,GENERATED,Stimmigkeit/Satz: Section-4tett,Format: PHYSICAL,,,,,,10.00,,EUR,,,,,,,,,,,,,,,,,,,,,,,false,false,,,,,,,false,,false,,,,XLSX_SOT_RESERVED,Produktpalette(2).xlsx:MusikHeroes,14,RESERVED,,false,,,
XW-557.02,XW-557.02,,,c97396e3-9456-54eb-8a0b-039e4c495e15,RESERVED|XW-557.02,LOW,true,CANONICAL,draft,RESERVED,false,false,MusikHeroes,MusikHeroes,Reserviert,Section4tette Jazzy,S4-J,,,RESERVED,physical,,,,,,,Section-4tett,4,,PHYSICAL,Reserviert - XW-557.02,Reserviert XW-557.02,XW-557.02,Reserviert - XW-557.02 ist eine reservierte Artikelnummer im XW Product Hub.,AUTO_DRAFT,GENERATED,Stimmigkeit/Satz: Section-4tett,Format: PHYSICAL,,,,,,10.00,,EUR,,,,,,,,,,,,,,,,,,,,,,,false,false,,,,,,,false,,false,,,,XLSX_SOT_RESERVED,Produktpalette(2).xlsx:MusikHeroes,15,RESERVED,,false,,,
XW-557.03,XW-557.03,,,0eb7f8aa-007b-5f13-ad24-a8301e9cdb1e,RESERVED|XW-557.03,LOW,true,CANONICAL,draft,RESERVED,false,false,MusikHeroes,MusikHeroes,Reserviert,Section4tette Jazzy,S4-J,,,RESERVED,physical,,,,,,,Section-4tett,4,,PHYSICAL,Reserviert - XW-557.03,Reserviert XW-557.03,XW-557.03,Reserviert - XW-557.03 ist eine reservierte Artikelnummer im XW Product Hub.,AUTO_DRAFT,GENERATED,Stimmigkeit/Satz: Section-4tett,Format: PHYSICAL,,,,,,10.00,,EUR,,,,,,,,,,,,,,,,,,,,,,,false,false,,,,,,,false,,false,,,,XLSX_SOT_RESERVED,Produktpalette(2).xlsx:MusikHeroes,16,RESERVED,,false,,,
XW-557.04,XW-557.04,,,d52cf5c6-016c-5095-837d-905475ed3c77,RESERVED|XW-557.04,LOW,true,CANONICAL,draft,RESERVED,false,false,MusikHeroes,MusikHeroes,Reserviert,Section4tette Jazzy,S4-J,,,RESERVED,physical,,,,,,,Section-4tett,4,,PHYSICAL,Reserviert - XW-557.04,Reserviert XW-557.04,XW-557.04,Reserviert - XW-557.04 ist eine reservierte Artikelnummer im XW Product Hub.,AUTO_DRAFT,GENERATED,Stimmigkeit/Satz: Section-4tett,Format: PHYSICAL,,,,,,10.00,,EUR,,,,,,,,,,,,,,,,,,,,,,,false,false,,,,,,,false,,false,,,,XLSX_SOT_RESERVED,Produktpalette(2).xlsx:MusikHeroes,17,RESERVED,,false,,,
XW-557.05,XW-557.05,,,f9ed3edd-c828-5d93-bbf4-12385bc55514,RESERVED|XW-557.05,LOW,true,CANONICAL,draft,RESERVED,false,false,MusikHeroes,MusikHeroes,Reserviert,Section4tette Jazzy,S4-J,,,RESERVED,physical,,,,,,,Section-4tett,4,,PHYSICAL,Reserviert - XW-557.05,Reserviert XW-557.05,XW-557.05,Reserviert - XW-557.05 ist eine reservierte Artikelnummer im XW Product Hub.,AUTO_DRAFT,GENERATED,Stimmigkeit/Satz: Section-4tett,Format: PHYSICAL,,,,,,10.00,,EUR,,,,,,,,,,,,,,,,,,,,,,,false,false,,,,,,,false,,false,,,,XLSX_SOT_RESERVED,Produktpalette(2).xlsx:MusikHeroes,18,RESERVED,,false,,,
XW-557.06,XW-557.06,,,c4788431-2f06-5592-adcc-1882029f472b,RESERVED|XW-557.06,LOW,true,CANONICAL,draft,RESERVED,false,false,MusikHeroes,MusikHeroes,Reserviert,Section4tette Jazzy,S4-J,,,RESERVED,physical,,,,,,,Section-4tett,4,,PHYSICAL,Reserviert - XW-557.06,Reserviert XW-557.06,XW-557.06,Reserviert - XW-557.06 ist eine reservierte Artikelnummer im XW Product Hub.,AUTO_DRAFT,GENERATED,Stimmigkeit/Satz: Section-4tett,Format: PHYSICAL,,,,,,10.00,,EUR,,,,,,,,,,,,,,,,,,,,,,,false,false,,,,,,,false,,false,,,,XLSX_SOT_RESERVED,Produktpalette(2).xlsx:MusikHeroes,19,RESERVED,,false,,,
XW-557.07,XW-557.07,,,5830c716-2394-56cc-a6bc-9f2b923d4e0d,RESERVED|XW-557.07,LOW,true,CANONICAL,draft,RESERVED,false,false,MusikHeroes,MusikHeroes,Reserviert,Section4tette Jazzy,S4-J,,,RESERVED,physical,,,,,,,Section-4tett,4,,PHYSICAL,Reserviert - XW-557.07,Reserviert XW-557.07,XW-557.07,Reserviert - XW-557.07 ist eine reservierte Artikelnummer im XW Product Hub.,AUTO_DRAFT,GENERATED,Stimmigkeit/Satz: Section-4tett,Format: PHYSICAL,,,,,,10.00,,EUR,,,,,,,,,,,,,,,,,,,,,,,false,false,,,,,,,false,,false,,,,XLSX_SOT_RESERVED,Produktpalette(2).xlsx:MusikHeroes,20,RESERVED,,false,,,
XW-557.08,XW-557.08,,,ef742d7f-be70-541f-b5f5-d6ca02c6de8d,RESERVED|XW-557.08,LOW,true,CANONICAL,draft,RESERVED,false,false,MusikHeroes,MusikHeroes,Reserviert,Section4tette Jazzy,S4-J,,,RESERVED,physical,,,,,,,Section-4tett,4,,PHYSICAL,Reserviert - XW-557.08,Reserviert XW-557.08,XW-557.08,Reserviert - XW-557.08 ist eine reservierte Artikelnummer im XW Product Hub.,AUTO_DRAFT,GENERATED,Stimmigkeit/Satz: Section-4tett,Format: PHYSICAL,,,,,,10.00,,EUR,,,,,,,,,,,,,,,,,,,,,,,false,false,,,,,,,false,,false,,,,XLSX_SOT_RESERVED,Produktpalette(2).xlsx:MusikHeroes,21,RESERVED,,false,,,
XW-557.09,XW-557.09,,,77d441b2-5634-5189-b454-67b34220afd8,RESERVED|XW-557.09,LOW,true,CANONICAL,draft,RESERVED,false,false,MusikHeroes,MusikHeroes,Reserviert,Section4tette Jazzy,S4-J,,,RESERVED,physical,,,,,,,Section-4tett,4,,PHYSICAL,Reserviert - XW-557.09,Reserviert XW-557.09,XW-557.09,Reserviert - XW-557.09 ist eine reservierte Artikelnummer im XW Product Hub.,AUTO_DRAFT,GENERATED,Stimmigkeit/Satz: Section-4tett,Format: PHYSICAL,,,,,,10.00,,EUR,,,,,,,,,,,,,,,,,,,,,,,false,false,,,,,,,false,,false,,,,XLSX_SOT_RESERVED,Produktpalette(2).xlsx:MusikHeroes,22,RESERVED,,false,,,
XW-557.10,XW-557.10,,,6c712230-5a73-538b-9973-b47b407c3973,RESERVED|XW-557.10,LOW,true,CANONICAL,draft,RESERVED,false,false,MusikHeroes,MusikHeroes,Reserviert,Section4tette Jazzy,S4-J,,,RESERVED,physical,,,,,,,Section-4tett,4,,PHYSICAL,Reserviert - XW-557.10,Reserviert XW-557.10,XW-557.10,Reserviert - XW-557.10 ist eine reservierte Artikelnummer im XW Product Hub.,AUTO_DRAFT,GENERATED,Stimmigkeit/Satz: Section-4tett,Format: PHYSICAL,,,,,,10.00,,EUR,,,,,,,,,,,,,,,,,,,,,,,false,false,,,,,,,false,,false,,,,XLSX_SOT_RESERVED,Produktpalette(2).xlsx:MusikHeroes,23,RESERVED,,false,,,
XW-558.01,XW-558.01,,,a9d70c7f-a649-5c5a-9a49-ade0da384160,RESERVED|XW-558.01,LOW,true,CANONICAL,draft,RESERVED,false,false,MusikHeroes,MusikHeroes,Reserviert,Section4tette Jazzy,S4-J,,,RESERVED,physical,,,,,,,Section-4tett,4,,PHYSICAL,Reserviert - XW-558.01,Reserviert XW-558.01,XW-558.01,Reserviert - XW-558.01 ist eine reservierte Artikelnummer im XW Product Hub.,AUTO_DRAFT,GENERATED,Stimmigkeit/Satz: Section-4tett,Format: PHYSICAL,,,,,,10.00,,EUR,,,,,,,,,,,,,,,,,,,,,,,false,false,,,,,,,false,,false,,,,XLSX_SOT_RESERVED,Produktpalette(2).xlsx:MusikHeroes,27,RESERVED,,false,,,
XW-558.02,XW-558.02,,,6f9fda81-0c73-5320-b8c6-65a03c8bb99a,RESERVED|XW-558.02,LOW,true,CANONICAL,draft,RESERVED,false,false,MusikHeroes,MusikHeroes,Reserviert,Section4tette Jazzy,S4-J,,,RESERVED,physical,,,,,,,Section-4tett,4,,PHYSICAL,Reserviert - XW-558.02,Reserviert XW-558.02,XW-558.02,Reserviert - XW-558.02 ist eine reservierte Artikelnummer im XW Product Hub.,AUTO_DRAFT,GENERATED,Stimmigkeit/Satz: Section-4tett,Format: PHYSICAL,,,,,,10.00,,EUR,,,,,,,,,,,,,,,,,,,,,,,false,false,,,,,,,false,,false,,,,XLSX_SOT_RESERVED,Produktpalette(2).xlsx:MusikHeroes,28,RESERVED,,false,,,
XW-558.03,XW-558.03,,,a157fc04-41c3-567b-bc09-f4f88313beb0,RESERVED|XW-558.03,LOW,true,CANONICAL,draft,RESERVED,false,false,MusikHeroes,MusikHeroes,Reserviert,Section4tette Jazzy,S4-J,,,RESERVED,physical,,,,,,,Section-4tett,4,,PHYSICAL,Reserviert - XW-558.03,Reserviert XW-558.03,XW-558.03,Reserviert - XW-558.03 ist eine reservierte Artikelnummer im XW Product Hub.,AUTO_DRAFT,GENERATED,Stimmigkeit/Satz: Section-4tett,Format: PHYSICAL,,,,,,10.00,,EUR,,,,,,,,,,,,,,,,,,,,,,,false,false,,,,,,,false,,false,,,,XLSX_SOT_RESERVED,Produktpalette(2).xlsx:MusikHeroes,29,RESERVED,,false,,,
XW-558.04,XW-558.04,,,cb3f47ad-5431-512d-9c7a-5e2030c46b5f,RESERVED|XW-558.04,LOW,true,CANONICAL,draft,RESERVED,false,false,MusikHeroes,MusikHeroes,Reserviert,Section4tette Jazzy,S4-J,,,RESERVED,physical,,,,,,,Section-4tett,4,,PHYSICAL,Reserviert - XW-558.04,Reserviert XW-558.04,XW-558.04,Reserviert - XW-558.04 ist eine reservierte Artikelnummer im XW Product Hub.,AUTO_DRAFT,GENERATED,Stimmigkeit/Satz: Section-4tett,Format: PHYSICAL,,,,,,10.00,,EUR,,,,,,,,,,,,,,,,,,,,,,,false,false,,,,,,,false,,false,,,,XLSX_SOT_RESERVED,Produktpalette(2).xlsx:MusikHeroes,30,RESERVED,,false,,,
XW-558.05,XW-558.05,,,e429c917-36a2-5c7e-9a83-30004422a20a,RESERVED|XW-558.05,LOW,true,CANONICAL,draft,RESERVED,false,false,MusikHeroes,MusikHeroes,Reserviert,Section4tette Jazzy,S4-J,,,RESERVED,physical,,,,,,,Section-4tett,4,,PHYSICAL,Reserviert - XW-558.05,Reserviert XW-558.05,XW-558.05,Reserviert - XW-558.05 ist eine reservierte Artikelnummer im XW Product Hub.,AUTO_DRAFT,GENERATED,Stimmigkeit/Satz: Section-4tett,Format: PHYSICAL,,,,,,10.00,,EUR,,,,,,,,,,,,,,,,,,,,,,,false,false,,,,,,,false,,false,,,,XLSX_SOT_RESERVED,Produktpalette(2).xlsx:MusikHeroes,31,RESERVED,,false,,,
XW-558.06,XW-558.06,,,da1f22a2-246d-5b09-b777-28edeecc07de,RESERVED|XW-558.06,LOW,true,CANONICAL,draft,RESERVED,false,false,MusikHeroes,MusikHeroes,Reserviert,Section4tette Jazzy,S4-J,,,RESERVED,physical,,,,,,,Section-4tett,4,,PHYSICAL,Reserviert - XW-558.06,Reserviert XW-558.06,XW-558.06,Reserviert - XW-558.06 ist eine reservierte Artikelnummer im XW Product Hub.,AUTO_DRAFT,GENERATED,Stimmigkeit/Satz: Section-4tett,Format: PHYSICAL,,,,,,10.00,,EUR,,,,,,,,,,,,,,,,,,,,,,,false,false,,,,,,,false,,false,,,,XLSX_SOT_RESERVED,Produktpalette(2).xlsx:MusikHeroes,32,RESERVED,,false,,,
XW-558.07,XW-558.07,,,868bbe8c-aa09-5598-b11e-19b212273611,RESERVED|XW-558.07,LOW,true,CANONICAL,draft,RESERVED,false,false,MusikHeroes,MusikHeroes,Reserviert,Section4tette Jazzy,S4-J,,,RESERVED,physical,,,,,,,Section-4tett,4,,PHYSICAL,Reserviert - XW-558.07,Reserviert XW-558.07,XW-558.07,Reserviert - XW-558.07 ist eine reservierte Artikelnummer im XW Product Hub.,AUTO_DRAFT,GENERATED,Stimmigkeit/Satz: Section-4tett,Format: PHYSICAL,,,,,,10.00,,EUR,,,,,,,,,,,,,,,,,,,,,,,false,false,,,,,,,false,,false,,,,XLSX_SOT_RESERVED,Produktpalette(2).xlsx:MusikHeroes,33,RESERVED,,false,,,
XW-558.08,XW-558.08,,,d812a332-cc97-59b2-ba42-333cf69d1e96,RESERVED|XW-558.08,LOW,true,CANONICAL,draft,RESERVED,false,false,MusikHeroes,MusikHeroes,Reserviert,Section4tette Jazzy,S4-J,,,RESERVED,physical,,,,,,,Section-4tett,4,,PHYSICAL,Reserviert - XW-558.08,Reserviert XW-558.08,XW-558.08,Reserviert - XW-558.08 ist eine reservierte Artikelnummer im XW Product Hub.,AUTO_DRAFT,GENERATED,Stimmigkeit/Satz: Section-4tett,Format: PHYSICAL,,,,,,10.00,,EUR,,,,,,,,,,,,,,,,,,,,,,,false,false,,,,,,,false,,false,,,,XLSX_SOT_RESERVED,Produktpalette(2).xlsx:MusikHeroes,34,RESERVED,,false,,,
XW-558.09,XW-558.09,,,ccf4dd3f-97d2-567e-8b4e-3149df6655a8,RESERVED|XW-558.09,LOW,true,CANONICAL,draft,RESERVED,false,false,MusikHeroes,MusikHeroes,Reserviert,Section4tette Jazzy,S4-J,,,RESERVED,physical,,,,,,,Section-4tett,4,,PHYSICAL,Reserviert - XW-558.09,Reserviert XW-558.09,XW-558.09,Reserviert - XW-558.09 ist eine reservierte Artikelnummer im XW Product Hub.,AUTO_DRAFT,GENERATED,Stimmigkeit/Satz: Section-4tett,Format: PHYSICAL,,,,,,10.00,,EUR,,,,,,,,,,,,,,,,,,,,,,,false,false,,,,,,,false,,false,,,,XLSX_SOT_RESERVED,Produktpalette(2).xlsx:MusikHeroes,35,RESERVED,,false,,,
XW-558.10,XW-558.10,,,c45c3b8a-ca26-526d-b8a0-5de357c99d41,RESERVED|XW-558.10,LOW,true,CANONICAL,draft,RESERVED,false,false,MusikHeroes,MusikHeroes,Reserviert,Section4tette Jazzy,S4-J,,,RESERVED,physical,,,,,,,Section-4tett,4,,PHYSICAL,Reserviert - XW-558.10,Reserviert XW-558.10,XW-558.10,Reserviert - XW-558.10 ist eine reservierte Artikelnummer im XW Product Hub.,AUTO_DRAFT,GENERATED,Stimmigkeit/Satz: Section-4tett,Format: PHYSICAL,,,,,,10.00,,EUR,,,,,,,,,,,,,,,,,,,,,,,false,false,,,,,,,false,,false,,,,XLSX_SOT_RESERVED,Produktpalette(2).xlsx:MusikHeroes,36,RESERVED,,false,,,
XW-561.01,XW-561.01,,,5800e816-7f56-559f-9660-4eee3a46de2a,UNTERRICHTSHEFT|umpa umpa umtata #1 - trompete,HIGH,true,CANONICAL,live,ACTIVE,true,false,MusikHeroes,MusikHeroes,Unterrichtsheft,Umpa Umpa Umtata,UUU,1,Umpa Umpa Umtata,EDITION,physical,Trompete,,,,,,,,,PHYSICAL,Umpa Umpa Umtata #1 - Trompete,UUU#1 TRP,UUU#1_TRP,"Blasmusik-Standards mit Playalongs aus der Serie MusikHeroes
→ 21 coole Blasmusik-Hits mit Playalongs für Trompete (Schwierigkeit: 3 – mittel)
→ Solostimme für Trompete, Tenorhorn oder andere Instrumente im Violinschlüssel in B
→ Moderne Unterrichtsliteratur - durchdacht konzipiert, humorvoll präsentiert und stilvoll begleitet
→ Alle Playalongs sind mittels QR-Code kostenlos zu beziehen",SOURCE,AMAZON,21 coole Blasmusik-Hits mit Playalongs für Trompete (Schwierigkeit: 3 – mittel),"Solostimme für Trompete, Tenorhorn oder andere Instrumente im Violinschlüssel in B","Moderne Unterrichtsliteratur - durchdacht konzipiert, humorvoll präsentiert und stilvoll begleitet",Alle Playalongs sind mittels QR-Code kostenlos zu beziehen,,B2B|AMAZON,22.64,10.00,24.90,EUR,ERP_NET,1240.00,true,300.0,9783903426214,3903426210,,3903426210,DERIVED_FROM_ISBN13_BOOK,false,,MISSING_IN_REPORT,XW-561.01,Aktiv,ABIS_BOOK,ISBN,9783903426214,Versand durch Händler (Standard),0,Umpa-Umpa Umtata #1 - Trompete,Umpa-Umpa Umtata #1 - Trompete,"<br><p><strong>Blasmusik-Standards mit Playalongs aus der Serie <em>MusikHeroes</em></strong></p> <p>→ 21 coole Blasmusik-Hits mit Playalongs für Trompete (Schwierigkeit: 3 – mittel)</p> <p>→ Solostimme für Trompete, Tenorhorn oder andere Instrumente im Violinschlüssel in Bb</p> <p>→ Moderne Unterrichtsliteratur - durchdacht konzipiert, humorvoll präsentiert und stilvoll begleitet</p> <p>→ Alle Playalongs sind mittels QR-Code kostenlos zu beziehen</p><br>",true,true,product_d626d9af-e423-a2c1-e666-5035ab434b90,product_d626d9af-e423-a2c1-e666-5035ab434b90,true,MusikHeroes-Editionen|MH-Trompete|B2B,4f718e_067dc5b86593483898cf1d6f285e0815~mv2.jpg|4f718e_f4ff5944e219485aa1c3eff821ee10ff~mv2.jpg|4f718e_2ad93a179c7c45848559afbd33895d10~mv2.jpg|4f718e_ac85636475c54b34a4e96af556096af5~mv2.jpg,<p><strong>21 Blasmusik-Hits&nbsp;mit Playalongs</strong></p><p>für Instrumente im Violinschlüssel&nbsp;in Bb</p>,true,MusikHeroes,true,Umpa Umpa Umtata #1 TRP,Umpa-Umpa Umtata #1 - Trompete,Umpa Umpa Umtata #1 TRP,XLSX_SOT_NORMALIZED,Produktpalette(2).xlsx:MusikHeroes,14,EXACT,,false,,,
XW-561.02,XW-561.02,,,1398b9d7-6c01-5145-aae3-1ff12239a27c,UNTERRICHTSHEFT|umpa umpa umtata #1 - posaune,HIGH,true,CANONICAL,live,ACTIVE,true,false,MusikHeroes,MusikHeroes,Unterrichtsheft,Umpa Umpa Umtata,UUU,1,Umpa Umpa Umtata,EDITION,physical,Posaune,,,,,,,,,PHYSICAL,Umpa Umpa Umtata #1 - Posaune,UUU#1 POS,UUU#1_POS,"Blasmusik-Standards mit Playalongs aus der Serie MusikHeroes
→ 21 coole Blasmusik-Hits mit Playalongs für Posaune (Schwierigkeit: 3 – mittel)
→ Solostimme für Posaune, Bariton oder andere Instrumente im Bassschlüssel in C
→ Moderne Unterrichtsliteratur - durchdacht konzipiert, humorvoll präsentiert und stilvoll begleitet
→ Alle Playalongs sind mittels QR-Code kostenlos zu beziehen",SOURCE,AMAZON,21 coole Blasmusik-Hits mit Playalongs für Trompete (Schwierigkeit: 3 – mittel),"Solostimme für Trompete, Tenorhorn oder andere Instrumente im Violinschlüssel in B","Moderne Unterrichtsliteratur - durchdacht konzipiert, spannend aufbereitet, humorvoll präsentiert und stilvoll begleitet",Alle Playalongs sind mittels QR-Code kostenlos zu beziehen,,B2B|AMAZON,22.64,10.00,24.90,EUR,ERP_NET,742.00,true,300.0,,3903426229,,3903426229,AMAZON_REPORT,true,,MISSING_IN_REPORT,XW-561.02,Aktiv,BRASS_AND_WOODWIND_INSTRUMENTS,ASIN,3903426229,Versand durch Händler (Standard),0,"MusikHeroes Umpa-Umpa Umtata #1 - Posaune: Blasmusik-Partitur mit Playalongs in Bb für Posaune, Bariton oder andere Instrumente aus Messing",Umpa-Umpa Umtata #1 - Posaune,"<br><p><strong>Blasmusik-Standards mit Playalongs aus der Serie <em>MusikHeroes</em></strong></p> <p>→ 21 coole Blasmusik-Hits mit Playalongs für Posaune (Schwierigkeit: 3 – mittel)</p> <p>→ Solostimme für Posaune, Bariton oder andere Instrumente im Bassschlüssel in C</p> <p>→ Moderne Unterrichtsliteratur - durchdacht konzipiert, humorvoll präsentiert und stilvoll begleitet</p> <p>→ Alle Playalongs sind mittels QR-Code kostenlos zu beziehen</p><br>",true,true,product_dd581b5e-bd3f-2519-89ee-812ecae43185,product_dd581b5e-bd3f-2519-89ee-812ecae43185,true,MusikHeroes-Editionen|MH-Posaune|B2B,4f718e_f2c01c0249bf45748c3d424a79edfc07~mv2.jpg|4f718e_431e26d6d7e243c480427941a11279e9~mv2.jpg|4f718e_8f67cbcd167847a4aaa5dfc5807ecdef~mv2.jpg|4f718e_0d7d1fd9398b4681800acfe9c7d8e472~mv2.jpg,<p><strong>21 Blasmusik-Hits&nbsp;mit Playalongs</strong></p><p>für Instrumente im Basschlüssel in C</p>,true,MusikHeroes,true,Umpa Umpa Umtata #1 POS,Umpa-Umpa Umtata #1 - Posaune,Umpa Umpa Umtata #1 POS,XLSX_SOT_NORMALIZED,Produktpalette(2).xlsx:MusikHeroes,15,EXACT,,false,,,
XW-561.03,XW-561.03,,,f1f1eee0-63ea-5d25-8424-ae34a5b983e6,ZUSATZSTIMME|umpa umpa umtata #1 - 2. stimme in b (tief),HIGH,true,CANONICAL,live,ACTIVE,true,false,MusikHeroes,MusikHeroes,Zusatzstimme,Umpa Umpa Umtata,UUU,1,Umpa Umpa Umtata,ADDITIONAL_VOICE,digital,,2,B,tief,,,,,,DIGITAL,Umpa Umpa Umtata #1 - 2. Stimme in B (tief),UUU#1 2B-t,UUU#1_2B-t,Umpa Umpa Umtata #1 - 2. Stimme in B (tief) ist eine Zusatzstimmen-Ausgabe im MusikHeroes-Produktkatalog.,AUTO_DRAFT,GENERATED,Format: DIGITAL,Kategorie: Zusatzstimme,,,,,5.00,10.00,5.50,EUR,ERP_NET,0.00,true,,,,,,,,,,,,,,,,,,,,false,true,,,,,,,true,MusikHeroes_Noten digital,false,#1 Zusatzstimme in B (tief),,ZST UUU#1 - 2.St. B (tief),XLSX_SOT_NORMALIZED,Produktpalette(2).xlsx:MusikHeroes,16,EXACT,,false,,,
XW-561.03-P,XW-561.03-P,,XW-561.03,f1f1eee0-63ea-5d25-8424-ae34a5b983e6,ZUSATZSTIMME|umpa umpa umtata #1 - 2. stimme in b (tief),HIGH,false,FORMAT_VARIANT,live,ACTIVE,true,false,MusikHeroes,MusikHeroes,Zusatzstimme,Umpa Umpa Umtata,UUU,1,Umpa Umpa Umtata,ADDITIONAL_VOICE,digital,,2,B,tief,,,,,,PRINT_AT_HOME,Umpa Umpa Umtata #1 - 2. Stimme in B (tief),UUU#1 2B-t,UUU#1_2B-t,2.Stimme in B (tief) für Trompete und andere Instrumente im Violinschlüssel in B als PRINT,SOURCE,WIX,2.Stimme in B (tief) für Trompete und andere Instrumente im Violinschlüssel in B als PRINT,,,,,B2B,9.00,10.00,9.90,EUR,ERP_NET,1.00,true,100.0,,,,,,,,,,,,,,,,,,,true,true,product_3a1e7d69-362c-67de-42a7-e5e65d6a35e8,product_3a1e7d69-362c-67de-42a7-e5e65d6a35e8,true,MH-ZST physisch GESAMT|B2B|MusikHeroes-Gesamt,4f718e_7b042ad85d3641db80f7cba2a64335f4~mv2.jpg|4f718e_2f3edc0894da4fc5845fa6f6d427af3b~mv2.jpg,<p>2.Stimme in B (tief) für Trompete und andere Instrumente im Violinschlüssel in B<strong>&nbsp;</strong>als PRINT</p>,true,MusikHeroes_Print@Home,false,#1 Zusatzstimme in B (tief) 🖨️,Umpa-Umpa Umtata #1 / 2.Stimme in B (tief) [PRINT],ZST UUU#1_2B-tief,XLSX_SOT_NORMALIZED,Produktpalette(2).xlsx:MusikHeroes,16,DERIVED,,false,,,
XW-561.04,XW-561.04,,,0c1d6c17-8c2c-59bd-843f-74f35b2bd255,ZUSATZSTIMME|umpa umpa umtata #1 - 2. stimme in c,HIGH,true,CANONICAL,live,ACTIVE,true,false,MusikHeroes,MusikHeroes,Zusatzstimme,Umpa Umpa Umtata,UUU,1,Umpa Umpa Umtata,ADDITIONAL_VOICE,digital,,2,C,,Bassschlüssel,,,,,DIGITAL,Umpa Umpa Umtata #1 - 2. Stimme in C,UUU#1 2C[BS],UUU#1_2C[BS],Umpa Umpa Umtata #1 - 2. Stimme in C ist eine Zusatzstimmen-Ausgabe im MusikHeroes-Produktkatalog.,AUTO_DRAFT,GENERATED,Format: DIGITAL,Kategorie: Zusatzstimme,,,,,5.00,10.00,5.50,EUR,ERP_NET,0.00,true,,,,,,,,,,,,,,,,,,,,false,true,,,,,,,true,MusikHeroes_Noten digital,false,#1 Zusatzstimme in C [BS],,ZST UUU#1 - 2.St. C [BS],XLSX_SOT_NORMALIZED,Produktpalette(2).xlsx:MusikHeroes,18,EXACT,,false,,,
XW-561.04-P,XW-561.04-P,,XW-561.04,0c1d6c17-8c2c-59bd-843f-74f35b2bd255,ZUSATZSTIMME|umpa umpa umtata #1 - 2. stimme in c,HIGH,false,FORMAT_VARIANT,live,ACTIVE,true,false,MusikHeroes,MusikHeroes,Zusatzstimme,Umpa Umpa Umtata,UUU,1,Umpa Umpa Umtata,ADDITIONAL_VOICE,digital,,2,C,,Bassschlüssel,,,,,PRINT_AT_HOME,Umpa Umpa Umtata #1 - 2. Stimme in C,UUU#1 2C[BS],UUU#1_2C[BS],2.Stimme in C für Posaune und andere Instrumente im Bassschlüssel in C als PRINT,SOURCE,WIX,2.Stimme in C für Posaune und andere Instrumente im Bassschlüssel in C als PRINT,,,,,B2B,9.00,10.00,9.90,EUR,ERP_NET,0.00,true,100.0,,,,,,,,,,,,,,,,,,,true,true,product_de2fea6c-461f-3693-7919-03455e8ecefa,product_de2fea6c-461f-3693-7919-03455e8ecefa,true,MH-ZST physisch GESAMT|B2B|MusikHeroes-Gesamt,4f718e_3122e519748f44bb9c67c60fe1b041bf~mv2.jpg|4f718e_d28aeb27cb9d4176ad040b14812166f5~mv2.jpg,<p>2.Stimme in C für Posaune und andere Instrumente im Bassschlüssel in C<strong>&nbsp;</strong>als PRINT</p>,true,MusikHeroes_Print@Home,false,#1 Zusatzstimme in C [BS] 🖨️,Umpa-Umpa Umtata #1 / 2.Stimme in C [BS] [PRINT],ZST UUU#1_2C [BS],XLSX_SOT_NORMALIZED,Produktpalette(2).xlsx:MusikHeroes,18,DERIVED,,false,,,
XW-561.05,XW-561.05,,,f20ca5a9-1d99-5a22-b2c6-f21cda4ce316,RESERVED|XW-561.05,LOW,true,CANONICAL,draft,RESERVED,false,false,MusikHeroes,MusikHeroes,Reserviert,Umpa Umpa Umtata,UUU,,Umpa Umpa Umtata,EDITION,physical,,,,,,,,,,PHYSICAL,Reserviert - XW-561.05,Reserviert XW-561.05,XW-561.05,Reserviert - XW-561.05 ist eine reservierte Artikelnummer im XW Product Hub.,AUTO_DRAFT,GENERATED,Format: PHYSICAL,,,,,,,10.00,,EUR,,,,,,,,,,,,,,,,,,,,,,,false,false,,,,,,,false,,false,-,,,XLSX_SOT_RESERVED,Produktpalette(2).xlsx:MusikHeroes,20,RESERVED,,false,,,
XW-561.05-P,XW-561.05-P,,,2af106ef-5c27-5cf0-bd6f-552178802bdb,RESERVED|XW-561.05-P,LOW,true,CANONICAL,draft,RESERVED,false,false,MusikHeroes,MusikHeroes,Reserviert,Umpa Umpa Umtata,UUU,,Umpa Umpa Umtata,EDITION,digital,,,,,,,,,,PRINT_AT_HOME,Reserviert - XW-561.05-P,Reserviert XW-561.05-P,XW-561.05-P,Reserviert - XW-561.05-P ist eine reservierte Artikelnummer im XW Product Hub.,AUTO_DRAFT,GENERATED,Format: PRINT_AT_HOME,,,,,,,10.00,,EUR,,,,,,,,,,,,,,,,,,,,,,,false,false,,,,,,,false,,false,-,,,XLSX_SOT_RESERVED,Produktpalette(2).xlsx:MusikHeroes,21,RESERVED,,false,,,
XW-561.06,XW-561.06,,,990effcb-da14-5fc5-9820-42119f7f5a6d,PLAYALONG|umpa umpa umtata #1 - playalongs trompete,HIGH,true,CANONICAL,live,ACTIVE,true,false,MusikHeroes,MusikHeroes,Playalong,Umpa Umpa Umtata,UUU,1,Umpa Umpa Umtata,PLAYALONG,digital,Trompete,,,,,,,,,PLAYALONG,Umpa Umpa Umtata #1 - Playalongs Trompete,UUU#1 PA TRP,UUU#1_PA-TRP,Umpa Umpa Umtata #1 - Playalongs Trompete ist ein Playalong-Produkt im MusikHeroes-Produktkatalog.,AUTO_DRAFT,GENERATED,Instrument: Trompete,Format: PLAYALONG,Kategorie: Playalong,,,,5.00,10.00,5.50,EUR,ERP_NET,0.00,true,,,,,,,,,,,,,,,,,,,,false,true,,,,,,,true,MusikHeroes_Playalongs digital,false,#1 Playalongs TRP,,Playalongs UUU#1 TRP,XLSX_SOT_NORMALIZED,Produktpalette(2).xlsx:MusikHeroes,22,EXACT,,false,,,
XW-561.07,XW-561.07,,,1e10e1b7-60ed-5168-acaa-4166b3b41ec7,PLAYALONG|umpa umpa umtata #1 - playalongs posaune,HIGH,true,CANONICAL,live,ACTIVE,true,false,MusikHeroes,MusikHeroes,Playalong,Umpa Umpa Umtata,UUU,1,Umpa Umpa Umtata,PLAYALONG,digital,Posaune,,,,,,,,,PLAYALONG,Umpa Umpa Umtata #1 - Playalongs Posaune,UUU#1 PA POS,UUU#1_PA-POS,Umpa Umpa Umtata #1 - Playalongs Posaune ist ein Playalong-Produkt im MusikHeroes-Produktkatalog.,AUTO_DRAFT,GENERATED,Instrument: Posaune,Format: PLAYALONG,Kategorie: Playalong,,,,5.00,10.00,5.50,EUR,ERP_NET,0.00,true,,,,,,,,,,,,,,,,,,,,false,true,,,,,,,true,MusikHeroes_Playalongs digital,false,#1 Playalongs POS,,Playalongs UUU#1 POS,XLSX_SOT_NORMALIZED,Produktpalette(2).xlsx:MusikHeroes,23,EXACT,,false,,,
XW-561.08,XW-561.08,,,08ba466e-4793-5f1d-83f3-5a8269896bae,UNTERRICHTSHEFT|umpa umpa umtata #1 - f-tuba,HIGH,true,CANONICAL,live,ACTIVE,true,false,MusikHeroes,MusikHeroes,Unterrichtsheft,Umpa Umpa Umtata,UUU,1,Umpa Umpa Umtata,EDITION,physical,F-Tuba,,,,,,,,,PHYSICAL,Umpa Umpa Umtata #1 - F-Tuba,UUU#1 FTB,UUU#1_FTB,Umpa Umpa Umtata #1 - F-Tuba ist eine Heftausgabe im MusikHeroes-Produktkatalog.,AUTO_DRAFT,GENERATED,Instrument: F-Tuba,Format: PHYSICAL,Kategorie: Unterrichtsheft,,,,,10.00,,EUR,,,,,,,,,,,,,,,,,,,,,,,false,true,,,,,,,false,,false,UUU#1 FTB,,,XLSX_SOT_NORMALIZED,Produktpalette(2).xlsx:MusikHeroes,24,EXACT,,false,,,
XW-561.09,XW-561.09,,,f104b394-cfc5-5931-b98e-03640c5d6963,UNTERRICHTSHEFT|umpa umpa umtata #1 - b-tuba,HIGH,true,CANONICAL,live,ACTIVE,true,false,MusikHeroes,MusikHeroes,Unterrichtsheft,Umpa Umpa Umtata,UUU,1,Umpa Umpa Umtata,EDITION,physical,B-Tuba,,,,,,,,,PHYSICAL,Umpa Umpa Umtata #1 - B-Tuba,UUU#1 BTB,UUU#1_BTB,Umpa Umpa Umtata #1 - B-Tuba ist eine Heftausgabe im MusikHeroes-Produktkatalog.,AUTO_DRAFT,GENERATED,Instrument: B-Tuba,Format: PHYSICAL,Kategorie: Unterrichtsheft,,,,22.64,10.00,24.90,EUR,ERP_NET,0.00,true,,,,,,,,,,,,,,,,,,,,false,true,,,,,,,true,MusikHeroes,false,UUU#1 BTB,,Umpa Umpa Umtata #1 BTB,XLSX_SOT_NORMALIZED,Produktpalette(2).xlsx:MusikHeroes,25,EXACT,,false,,,
XW-561.10,XW-561.10,,,47e87e2b-8b2f-58d9-85c7-7157f533369f,RESERVED|XW-561.10,LOW,true,CANONICAL,draft,RESERVED,false,false,MusikHeroes,MusikHeroes,Reserviert,Umpa Umpa Umtata,UUU,,Umpa Umpa Umtata,EDITION,physical,,,,,,,,,,PHYSICAL,Reserviert - XW-561.10,Reserviert XW-561.10,XW-561.10,Reserviert - XW-561.10 ist eine reservierte Artikelnummer im XW Product Hub.,AUTO_DRAFT,GENERATED,Format: PHYSICAL,,,,,,,10.00,,EUR,,,,,,,,,,,,,,,,,,,,,,,false,false,,,,,,,false,,false,-,,,XLSX_SOT_RESERVED,Produktpalette(2).xlsx:MusikHeroes,26,RESERVED,,false,,,
XW-561.11,XW-561.11,,,b9066537-f667-5927-ae75-2eb684fa65fa,RESERVED|XW-561.11,LOW,true,CANONICAL,draft,RESERVED,false,false,MusikHeroes,MusikHeroes,Reserviert,Umpa Umpa Umtata,UUU,,Umpa Umpa Umtata,EDITION,physical,,,,,,,,,,PHYSICAL,Reserviert - XW-561.11,Reserviert XW-561.11,XW-561.11,Reserviert - XW-561.11 ist eine reservierte Artikelnummer im XW Product Hub.,AUTO_DRAFT,GENERATED,Format: PHYSICAL,,,,,,,10.00,,EUR,,,,,,,,,,,,,,,,,,,,,,,false,false,,,,,,,false,,false,-,,,XLSX_SOT_RESERVED,Produktpalette(2).xlsx:MusikHeroes,27,RESERVED,,false,,,
XW-561.12,XW-561.12,,,c7d1bdb7-8641-5114-905c-e8a04beda99b,PLAYALONG|umpa umpa umtata #1 - playalongs in c,HIGH,true,CANONICAL,live,ACTIVE,true,false,MusikHeroes,MusikHeroes,Playalong,Umpa Umpa Umtata,UUU,1,Umpa Umpa Umtata,PLAYALONG,digital,,,C,,,,,,,PLAYALONG,Umpa Umpa Umtata #1 - Playalongs in C,UUU#1 PA in C,UUU#1_PA-in C,Umpa Umpa Umtata #1 - Playalongs in C ist ein Playalong-Produkt im MusikHeroes-Produktkatalog.,AUTO_DRAFT,GENERATED,Format: PLAYALONG,Kategorie: Playalong,,,,,,10.00,,EUR,,,,,,,,,,,,,,,,,,,,,,,false,true,,,,,,,false,,false,#1 Playalongs in C,,,XLSX_SOT_NORMALIZED,Produktpalette(2).xlsx:MusikHeroes,28,EXACT,,false,,,
XW-561.13,XW-561.13,,,1abe4072-2f6e-5de3-aba1-1ca542273a3e,ZUSATZSTIMME|umpa umpa umtata #1 - 2. stimme in b (hoch),HIGH,true,CANONICAL,live,ACTIVE,true,false,MusikHeroes,MusikHeroes,Zusatzstimme,Umpa Umpa Umtata,UUU,1,Umpa Umpa Umtata,ADDITIONAL_VOICE,digital,,2,B,hoch,,,,,,DIGITAL,Umpa Umpa Umtata #1 - 2. Stimme in B (hoch),UUU#1 2B-h,UUU#1_2B-h,Umpa Umpa Umtata #1 - 2. Stimme in B (hoch) ist eine Zusatzstimmen-Ausgabe im MusikHeroes-Produktkatalog.,AUTO_DRAFT,GENERATED,Format: DIGITAL,Kategorie: Zusatzstimme,,,,,5.00,10.00,5.50,EUR,ERP_NET,0.00,true,,,,,,,,,,,,,,,,,,,,false,true,,,,,,,true,MusikHeroes_Noten digital,false,#1 Zusatzstimme in B (hoch),,ZST UUU#1 - 2.St. B (hoch),XLSX_SOT_NORMALIZED,Produktpalette(2).xlsx:MusikHeroes,29,EXACT,,false,,,
XW-561.13-P,XW-561.13-P,,XW-561.13,1abe4072-2f6e-5de3-aba1-1ca542273a3e,ZUSATZSTIMME|umpa umpa umtata #1 - 2. stimme in b (hoch),HIGH,false,FORMAT_VARIANT,live,ACTIVE,true,false,MusikHeroes,MusikHeroes,Zusatzstimme,Umpa Umpa Umtata,UUU,1,Umpa Umpa Umtata,ADDITIONAL_VOICE,digital,,2,B,hoch,,,,,,PRINT_AT_HOME,Umpa Umpa Umtata #1 - 2. Stimme in B (hoch),UUU#1 2B-h,UUU#1_2B-h,2.Stimme in B (hoch) für Tenorhorn und andere Instrumente im Violinschlüssel in C als PRINT,SOURCE,WIX,2.Stimme in B (hoch) für Tenorhorn und andere Instrumente im Violinschlüssel in C als PRINT,,,,,B2B,9.00,10.00,9.90,EUR,ERP_NET,1.00,true,100.0,,,,,,,,,,,,,,,,,,,true,true,product_2c9ba0b8-4022-a008-bd45-2f137e08626b,product_2c9ba0b8-4022-a008-bd45-2f137e08626b,true,MH-ZST physisch GESAMT|B2B|MusikHeroes-Gesamt,4f718e_cd2d25a456f84c36bd3db92b2315f87d~mv2.jpg|4f718e_d4a180a259be4713be54e3e3e51c4351~mv2.jpg,<p>2.Stimme in B (hoch) für Tenorhorn und andere Instrumente im Violinschlüssel in C<strong>&nbsp;</strong>als PRINT</p>,true,MusikHeroes_Print@Home,false,#1 Zusatzstimme in B (hoch) 🖨️,Umpa-Umpa Umtata #1 / 2.Stimme in B (hoch) [PRINT],ZST UUU#1_2B-hoch,XLSX_SOT_NORMALIZED,Produktpalette(2).xlsx:MusikHeroes,29,DERIVED,,false,,,
XW-561.14,XW-561.14,,,0d9cec3b-522c-505a-a189-5c0585f6e04c,ZUSATZSTIMME|umpa umpa umtata #1 - 2. stimme in f,HIGH,true,CANONICAL,live,ACTIVE,true,false,MusikHeroes,MusikHeroes,Zusatzstimme,Umpa Umpa Umtata,UUU,1,Umpa Umpa Umtata,ADDITIONAL_VOICE,digital,,2,F,,,,,,,DIGITAL,Umpa Umpa Umtata #1 - 2. Stimme in F,UUU#1 2F,UUU#1_2F,Umpa Umpa Umtata #1 - 2. Stimme in F ist eine Zusatzstimmen-Ausgabe im MusikHeroes-Produktkatalog.,AUTO_DRAFT,GENERATED,Format: DIGITAL,Kategorie: Zusatzstimme,,,,,5.00,10.00,5.50,EUR,ERP_NET,0.00,true,,,,,,,,,,,,,,,,,,,,false,true,,,,,,,true,MusikHeroes_Noten digital,false,#1 Zusatzstimme in F,,ZST UUU#1 - 2.St. F,XLSX_SOT_NORMALIZED,Produktpalette(2).xlsx:MusikHeroes,31,EXACT,,false,,,
XW-561.14-P,XW-561.14-P,,XW-561.14,0d9cec3b-522c-505a-a189-5c0585f6e04c,ZUSATZSTIMME|umpa umpa umtata #1 - 2. stimme in f,HIGH,false,FORMAT_VARIANT,live,ACTIVE,true,false,MusikHeroes,MusikHeroes,Zusatzstimme,Umpa Umpa Umtata,UUU,1,Umpa Umpa Umtata,ADDITIONAL_VOICE,digital,,2,F,,,,,,,PRINT_AT_HOME,Umpa Umpa Umtata #1 - 2. Stimme in F,UUU#1 2F,UUU#1_2F,2.Stimme in F für Horn und andere Instrumente im Violinschlüssel in F als PRINT,SOURCE,WIX,2.Stimme in F für Horn und andere Instrumente im Violinschlüssel in F als PRINT,,,,,B2B,9.00,10.00,9.90,EUR,ERP_NET,0.00,true,100.0,,,,,,,,,,,,,,,,,,,true,true,product_7144319f-388d-7277-f986-f98dba737d75,product_7144319f-388d-7277-f986-f98dba737d75,true,MH-ZST physisch GESAMT|B2B|MusikHeroes-Gesamt,4f718e_0022831c31824a2d923b18957fdd9924~mv2.jpg|4f718e_c47ea375f075498d875de323cc5b73c0~mv2.jpg,<p>2.Stimme in F für Horn und andere Instrumente im Violinschlüssel in F<strong>&nbsp;</strong>als PRINT</p>,true,MusikHeroes_Print@Home,false,#1 Zusatzstimme in F 🖨️,Umpa-Umpa Umtata #1 / 2.Stimme in F [PRINT],ZST UUU#1_2F,XLSX_SOT_NORMALIZED,Produktpalette(2).xlsx:MusikHeroes,31,DERIVED,,false,,,
XW-561.15,XW-561.15,,,dd8ea6db-0554-53d6-9a40-3c660e22e09e,ZUSATZSTIMME|umpa umpa umtata #1 - bassl-stimme in b,HIGH,true,CANONICAL,live,ACTIVE,true,false,MusikHeroes,MusikHeroes,Zusatzstimme,Umpa Umpa Umtata,UUU,1,Umpa Umpa Umtata,ADDITIONAL_VOICE,digital,,,B,,,,,,,DIGITAL,Umpa Umpa Umtata #1 - Bassl-Stimme in B,UUU#1 Bassl-B,UUU#1_Bassl-B,Umpa Umpa Umtata #1 - Bassl-Stimme in B ist eine Zusatzstimmen-Ausgabe im MusikHeroes-Produktkatalog.,AUTO_DRAFT,GENERATED,Format: DIGITAL,Kategorie: Zusatzstimme,,,,,,10.00,,EUR,,,,,,,,,,,,,,,,,,,,,,,false,true,,,,,,,false,,false,#1 Bassl-Stimme in B,,,XLSX_SOT_NORMALIZED,Produktpalette(2).xlsx:MusikHeroes,33,EXACT,,false,,,
XW-561.16,XW-561.16,,,f7f925d9-ae95-5387-9a2b-e4395943cd79,ZUSATZSTIMME|umpa umpa umtata #1 - bassl-stimme in c,HIGH,true,CANONICAL,live,ACTIVE,true,false,MusikHeroes,MusikHeroes,Zusatzstimme,Umpa Umpa Umtata,UUU,1,Umpa Umpa Umtata,ADDITIONAL_VOICE,digital,,,C,,,,,,,DIGITAL,Umpa Umpa Umtata #1 - Bassl-Stimme in C,UUU#1 Bassl-C,UUU#1_Bassl-C,Umpa Umpa Umtata #1 - Bassl-Stimme in C ist eine Zusatzstimmen-Ausgabe im MusikHeroes-Produktkatalog.,AUTO_DRAFT,GENERATED,Format: DIGITAL,Kategorie: Zusatzstimme,,,,,,10.00,,EUR,,,,,,,,,,,,,,,,,,,,,,,false,true,,,,,,,false,,false,#1 Bassl-Stimme in C,,,XLSX_SOT_NORMALIZED,Produktpalette(2).xlsx:MusikHeroes,34,EXACT,,false,,,
XW-561.17,XW-561.17,,,7eea3021-316a-5d54-b418-dc2aed7c4a08,PLAYALONG|umpa umpa umtata #1 - playalongs horn,HIGH,true,CANONICAL,live,ACTIVE,true,false,MusikHeroes,MusikHeroes,Playalong,Umpa Umpa Umtata,UUU,1,Umpa Umpa Umtata,PLAYALONG,digital,Horn,,,,,,,,,PLAYALONG,Umpa Umpa Umtata #1 - Playalongs Horn,UUU#1 PA HRN,UUU#1_PA-HRN,Umpa Umpa Umtata #1 - Playalongs Horn ist ein Playalong-Produkt im MusikHeroes-Produktkatalog.,AUTO_DRAFT,GENERATED,Instrument: Horn,Format: PLAYALONG,Kategorie: Playalong,,,,,10.00,,EUR,,,,,,,,,,,,,,,,,,,,,,,false,true,,,,,,,false,,false,#1 Playalongs HRN,,,XLSX_SOT_NORMALIZED,Produktpalette(2).xlsx:MusikHeroes,35,EXACT,,false,,,
XW-562.01,XW-562.01,,,4ac4a9c1-ce8c-5630-aa3a-aebc932e0cc2,UNTERRICHTSHEFT|umpa umpa umtata #2 - trompete,HIGH,true,CANONICAL,live,ACTIVE,true,false,MusikHeroes,MusikHeroes,Unterrichtsheft,Umpa Umpa Umtata,UUU,2,Umpa Umpa Umtata,EDITION,physical,Trompete,,,,,,,,,PHYSICAL,Umpa Umpa Umtata #2 - Trompete,UUU#2 TRP,UUU#2_TRP,"Blasmusik-Standards mit Playalongs aus der Serie MusikHeroes
→ 21 coole Blasmusik-Hits mit Playalongs für Trompete (Schwierigkeit: 3 – mittel)
→ Solostimme für Trompete, Tenorhorn oder andere Instrumente im Violinschlüssel in B
→ Moderne Unterrichtsliteratur - durchdacht konzipiert, humorvoll präsentiert und stilvoll begleitet
→ Alle Playalongs sind mittels QR-Code kostenlos zu beziehen",SOURCE,AMAZON,21 coole Blasmusik-Hits mit Playalongs für Trompete (Schwierigkeit: 3 – mittel),"Solostimme für Trompete, Tenorhorn oder andere Instrumente im Violinschlüssel in B","Moderne Unterrichtsliteratur - durchdacht konzipiert, humorvoll präsentiert und stilvoll begleitet",Alle Playalongs sind mittels QR-Code kostenlos zu beziehen,,B2B|AMAZON,22.64,10.00,24.90,EUR,ERP_NET,1245.00,true,300.0,9783903426238,3903426237,,3903426237,DERIVED_FROM_ISBN13_BOOK,false,,MISSING_IN_REPORT,KK-DC4T-2I83,Inaktiv,ABIS_BOOK,ISBN,9783903426238,Versand durch Händler (Standard),0,Umpa-Umpa Umtata #2 - Trompete,Umpa-Umpa Umtata #2 - Trompete,"<br><p><strong>Blasmusik-Standards mit Playalongs aus der Serie <em>MusikHeroes</em></strong></p> <p>→ 21 coole Blasmusik-Hits mit Playalongs für Trompete (Schwierigkeit: 3 – mittel)</p> <p>→ Solostimme für Trompete, Tenorhorn oder andere Instrumente im Violinschlüssel in Bb</p> <p>→ Moderne Unterrichtsliteratur - durchdacht konzipiert, humorvoll präsentiert und stilvoll begleitet</p> <p>→ Alle Playalongs sind mittels QR-Code kostenlos zu beziehen</p><br>",true,true,product_0575b3fa-1e0f-7b69-213a-2e1e9774a43a,product_0575b3fa-1e0f-7b69-213a-2e1e9774a43a,true,MusikHeroes-Editionen|MH-Trompete|B2B,4f718e_6c4c76137de34e7f9bdda0c42aaba230~mv2.jpg|4f718e_f2aa7af3e9e7481fa4ee6a87aea54b8d~mv2.jpg|4f718e_320e133e08774320920e59ee4d869eeb~mv2.jpg|4f718e_0d91228966dd4aaea93c817b6e3d0014~mv2.jpg|4f718e_3c61e82c524e405481f314405fd5df95~mv2.jpg,<p><strong>21 Blasmusik-Hits&nbsp;mit Playalongs</strong></p><p>für Instrumente im Violinschlüssel&nbsp;in Bb</p>,true,MusikHeroes,true,Umpa Umpa Umtata #2 TRP,Umpa-Umpa Umtata #2 - Trompete,Umpa-Umpa Umtata #2 TRP,XLSX_SOT_NORMALIZED,Produktpalette(2).xlsx:MusikHeroes,42,EXACT,,false,,,
XW-562.02,XW-562.02,,,899851f6-b189-5ea6-9c1a-39e8845d4fab,UNTERRICHTSHEFT|umpa umpa umtata #2 - posaune,HIGH,true,CANONICAL,live,ACTIVE,true,false,MusikHeroes,MusikHeroes,Unterrichtsheft,Umpa Umpa Umtata,UUU,2,Umpa Umpa Umtata,EDITION,physical,Posaune,,,,,,,,,PHYSICAL,Umpa Umpa Umtata #2 - Posaune,UUU#2 POS,UUU#2_POS,"Blasmusik-Standards mit Playalongs aus der Serie MusikHeroes
→ 21 coole Blasmusik-Hits mit Playalongs für Posaune (Schwierigkeit: 3 – mittel)
→ Solostimme für Posaune, Euphonium oder andere Instrumente im Bassschlüssel in C
→ Moderne Unterrichtsliteratur - durchdacht konzipiert, humorvoll präsentiert und stilvoll begleitet
→ Alle Playalongs sind mittels QR-Code kostenlos zu beziehen",SOURCE,AMAZON,21 coole Blasmusik-Hits mit Playalongs für Posaune (Schwierigkeit: 3 – mittel),"Solostimme für Posaune, Euphonium oder andere Instrumente im Bassschlüssel in C","Moderne Unterrichtsliteratur - durchdacht konzipiert, humorvoll präsentiert und stilvoll begleitet",Alle Playalongs sind mittels QR-Code kostenlos zu beziehen,,B2B|AMAZON,22.64,10.00,24.90,EUR,ERP_NET,510.00,true,300.0,9783903426245,3903426245,,3903426245,DERIVED_FROM_ISBN13_BOOK,false,,MISSING_IN_REPORT,XW-562.02,Inaktiv,ABIS_BOOK,ISBN,9783903426245,Versand durch Händler (Standard),0,Umpa-Umpa Umtata #2 - Posaune,Umpa-Umpa Umtata #2 - Posaune,"<br><p><strong>Blasmusik-Standards mit Playalongs aus der Serie <em>MusikHeroes</em></strong></p> <p>→ 21 coole Blasmusik-Hits mit Playalongs für Posaune (Schwierigkeit: 3 – mittel)</p> <p>→ Solostimme für Posaune, Euphonium oder andere Instrumente im Bassschlüssel in C</p> <p>→ Moderne Unterrichtsliteratur - durchdacht konzipiert, humorvoll präsentiert und stilvoll begleitet</p> <p>→ Alle Playalongs sind mittels QR-Code kostenlos zu beziehen</p><br>",true,true,product_63165cd5-8509-8c8a-ccbb-989091940e9f,product_63165cd5-8509-8c8a-ccbb-989091940e9f,true,MusikHeroes-Editionen|MH-Posaune|B2B,4f718e_361b5c166aaa4ac7ab5e864b200e194c~mv2.jpg|4f718e_845e38aaf51e4a1183e148a2f643e11d~mv2.jpg|4f718e_c685eb1c1bfd46bf964d05ce84b89c08~mv2.jpg|4f718e_2beb7978a885475fa8171320f6149b12~mv2.jpg|4f718e_b2c68d231067442cb76ad6e6c9186786~mv2.jpg,<p><strong>21 Blasmusik-Hits&nbsp;mit Playalongs</strong></p><p>für Instrumente im Basschlüssel in C</p>,true,MusikHeroes,true,Umpa Umpa Umtata #2 POS,Umpa-Umpa Umtata #2 - Posaune,Umpa-Umpa Umtata #2 POS,XLSX_SOT_NORMALIZED,Produktpalette(2).xlsx:MusikHeroes,43,EXACT,,false,,,
XW-562.03,XW-562.03,,,64a37547-db72-51bc-af8b-380b29ee356b,ZUSATZSTIMME|umpa umpa umtata #2 - 2. stimme in b (tief),HIGH,true,CANONICAL,live,ACTIVE,true,false,MusikHeroes,MusikHeroes,Zusatzstimme,Umpa Umpa Umtata,UUU,2,Umpa Umpa Umtata,ADDITIONAL_VOICE,digital,,2,B,tief,,,,,,DIGITAL,Umpa Umpa Umtata #2 - 2. Stimme in B (tief),UUU#2 2B-t,UUU#2_2B-t,Umpa Umpa Umtata #2 - 2. Stimme in B (tief) ist eine Zusatzstimmen-Ausgabe im MusikHeroes-Produktkatalog.,AUTO_DRAFT,GENERATED,Format: DIGITAL,Kategorie: Zusatzstimme,,,,,5.00,10.00,5.50,EUR,ERP_NET,0.00,true,,,,,,,,,,,,,,,,,,,,false,true,,,,,,,true,MusikHeroes_Noten digital,false,#2 Zusatzstimme in B (tief),,ZST UUU#2 - 2.St. B (tief),XLSX_SOT_NORMALIZED,Produktpalette(2).xlsx:MusikHeroes,44,EXACT,,false,,,
XW-562.03-P,XW-562.03-P,,XW-562.03,64a37547-db72-51bc-af8b-380b29ee356b,ZUSATZSTIMME|umpa umpa umtata #2 - 2. stimme in b (tief),HIGH,false,FORMAT_VARIANT,live,ACTIVE,true,false,MusikHeroes,MusikHeroes,Zusatzstimme,Umpa Umpa Umtata,UUU,2,Umpa Umpa Umtata,ADDITIONAL_VOICE,digital,,2,B,tief,,,,,,PRINT_AT_HOME,Umpa Umpa Umtata #2 - 2. Stimme in B (tief),UUU#2 2B-t,UUU#2_2B-t,2.Stimme in B (tief) für Trompete und andere Instrumente im Violinschlüssel in C als PRINT,SOURCE,WIX,2.Stimme in B (tief) für Trompete und andere Instrumente im Violinschlüssel in C als PRINT,,,,,B2B,9.00,10.00,9.90,EUR,ERP_NET,1.00,true,100.0,,,,,,,,,,,,,,,,,,,true,true,product_b410835f-6086-5197-abad-cb31b29f8f4e,product_b410835f-6086-5197-abad-cb31b29f8f4e,true,MH-ZST physisch GESAMT|B2B|MusikHeroes-Gesamt,4f718e_7e3d042ec9b8422dbfca2fdc81d74f6a~mv2.jpg|4f718e_af3bc34114ad40038ae71aabcd5573c2~mv2.jpg,<p>2.Stimme in B (tief) für Trompete und andere Instrumente im Violinschlüssel in C<strong>&nbsp;</strong>als PRINT</p>,true,MusikHeroes_Print@Home,false,#2 Zusatzstimme in B (tief) 🖨️,Umpa-Umpa Umtata #2 / 2.Stimme in B (tief) [PRINT],ZST UUU#2_2B-tief,XLSX_SOT_NORMALIZED,Produktpalette(2).xlsx:MusikHeroes,44,DERIVED,,false,,,
XW-562.04,XW-562.04,,,b57b280b-b126-5b3b-b523-08e00c1d496f,ZUSATZSTIMME|umpa umpa umtata #2 - 2. stimme in c,HIGH,true,CANONICAL,live,ACTIVE,true,false,MusikHeroes,MusikHeroes,Zusatzstimme,Umpa Umpa Umtata,UUU,2,Umpa Umpa Umtata,ADDITIONAL_VOICE,digital,,2,C,,Bassschlüssel,,,,,DIGITAL,Umpa Umpa Umtata #2 - 2. Stimme in C,UUU#2 2C[BS],UUU#2_2C[BS],Umpa Umpa Umtata #2 - 2. Stimme in C ist eine Zusatzstimmen-Ausgabe im MusikHeroes-Produktkatalog.,AUTO_DRAFT,GENERATED,Format: DIGITAL,Kategorie: Zusatzstimme,,,,,5.00,10.00,5.50,EUR,ERP_NET,0.00,true,,,,,,,,,,,,,,,,,,,,false,true,,,,,,,true,MusikHeroes_Noten digital,false,#2 Zusatzstimme in C [BS],,ZST UUU#2 - 2.St. C [BS],XLSX_SOT_NORMALIZED,Produktpalette(2).xlsx:MusikHeroes,46,EXACT,,false,,,
XW-562.04-P,XW-562.04-P,,XW-562.04,b57b280b-b126-5b3b-b523-08e00c1d496f,ZUSATZSTIMME|umpa umpa umtata #2 - 2. stimme in c,HIGH,false,FORMAT_VARIANT,live,ACTIVE,true,false,MusikHeroes,MusikHeroes,Zusatzstimme,Umpa Umpa Umtata,UUU,2,Umpa Umpa Umtata,ADDITIONAL_VOICE,digital,,2,C,,Bassschlüssel,,,,,PRINT_AT_HOME,Umpa Umpa Umtata #2 - 2. Stimme in C,UUU#2 2C[BS],UUU#2_2C[BS],2.Stimme in C für Posaune und andere Instrumente im Bassschlüssel in C als PRINT,SOURCE,WIX,2.Stimme in C für Posaune und andere Instrumente im Bassschlüssel in C als PRINT,,,,,B2B,9.00,10.00,9.90,EUR,ERP_NET,0.00,true,100.0,,,,,,,,,,,,,,,,,,,true,true,product_67df71dd-4b7e-ca2b-8422-9cbe03784f2b,product_67df71dd-4b7e-ca2b-8422-9cbe03784f2b,true,MH-ZST physisch GESAMT|B2B|MusikHeroes-Gesamt,4f718e_e428c7fa25be4c01a103ea844fc0de0f~mv2.jpg|4f718e_1de03f5274ee42dd80eaec7b57fbbc8d~mv2.jpg,<p>2.Stimme in C für Posaune und andere Instrumente im Bassschlüssel in C<strong>&nbsp;</strong>als PRINT</p>,true,MusikHeroes_Print@Home,false,#2 Zusatzstimme in C [BS] 🖨️,Umpa-Umpa Umtata #2 / 2.Stimme in C [BS] [PRINT],ZST UUU#2_2C [BS],XLSX_SOT_NORMALIZED,Produktpalette(2).xlsx:MusikHeroes,46,DERIVED,,false,,,
XW-562.05,XW-562.05,,,418a6b59-5227-541d-ad0b-e4280782ab6f,RESERVED|XW-562.05,LOW,true,CANONICAL,draft,RESERVED,false,false,MusikHeroes,MusikHeroes,Reserviert,Umpa Umpa Umtata,UUU,,Umpa Umpa Umtata,EDITION,physical,,,,,,,,,,PHYSICAL,Reserviert - XW-562.05,Reserviert XW-562.05,XW-562.05,Reserviert - XW-562.05 ist eine reservierte Artikelnummer im XW Product Hub.,AUTO_DRAFT,GENERATED,Format: PHYSICAL,,,,,,,10.00,,EUR,,,,,,,,,,,,,,,,,,,,,,,false,false,,,,,,,false,,false,-,,,XLSX_SOT_RESERVED,Produktpalette(2).xlsx:MusikHeroes,48,RESERVED,,false,,,
XW-562.06,XW-562.06,,,6f107679-be51-50e7-8482-f93c940fdd13,PLAYALONG|umpa umpa umtata #2 - playalongs trompete,HIGH,true,CANONICAL,live,ACTIVE,true,false,MusikHeroes,MusikHeroes,Playalong,Umpa Umpa Umtata,UUU,2,Umpa Umpa Umtata,PLAYALONG,digital,Trompete,,,,,,,,,PLAYALONG,Umpa Umpa Umtata #2 - Playalongs Trompete,UUU#2 PA TRP,UUU#2_PA-TRP,Umpa Umpa Umtata #2 - Playalongs Trompete ist ein Playalong-Produkt im MusikHeroes-Produktkatalog.,AUTO_DRAFT,GENERATED,Instrument: Trompete,Format: PLAYALONG,Kategorie: Playalong,,,,5.00,10.00,5.50,EUR,ERP_NET,0.00,true,,,,,,,,,,,,,,,,,,,,false,true,,,,,,,true,MusikHeroes_Playalongs digital,false,#2 Playalongs TRP,,Playalongs UUU#2 TRP,XLSX_SOT_NORMALIZED,Produktpalette(2).xlsx:MusikHeroes,49,EXACT,,false,,,
XW-562.07,XW-562.07,,,6c76feb8-79b3-530d-9c51-e4d79da2186e,PLAYALONG|umpa umpa umtata #2 - playalongs posaune,HIGH,true,CANONICAL,live,ACTIVE,true,false,MusikHeroes,MusikHeroes,Playalong,Umpa Umpa Umtata,UUU,2,Umpa Umpa Umtata,PLAYALONG,digital,Posaune,,,,,,,,,PLAYALONG,Umpa Umpa Umtata #2 - Playalongs Posaune,UUU#2 PA POS,UUU#2_PA-POS,Umpa Umpa Umtata #2 - Playalongs Posaune ist ein Playalong-Produkt im MusikHeroes-Produktkatalog.,AUTO_DRAFT,GENERATED,Instrument: Posaune,Format: PLAYALONG,Kategorie: Playalong,,,,5.00,10.00,5.50,EUR,ERP_NET,0.00,true,,,,,,,,,,,,,,,,,,,,false,true,,,,,,,true,MusikHeroes_Playalongs digital,false,#2 Playalongs POS,,Playalongs UUU#2 POS,XLSX_SOT_NORMALIZED,Produktpalette(2).xlsx:MusikHeroes,50,EXACT,,false,,,
XW-562.08,XW-562.08,,,1b18dbf4-3c90-5ab2-96fb-74e59416ce25,UNTERRICHTSHEFT|umpa umpa umtata #2 - f-tuba,HIGH,true,CANONICAL,live,ACTIVE,true,false,MusikHeroes,MusikHeroes,Unterrichtsheft,Umpa Umpa Umtata,UUU,2,Umpa Umpa Umtata,EDITION,physical,F-Tuba,,,,,,,,,PHYSICAL,Umpa Umpa Umtata #2 - F-Tuba,UUU#2 FTB,UUU#2_FTB,Umpa Umpa Umtata #2 - F-Tuba ist eine Heftausgabe im MusikHeroes-Produktkatalog.,AUTO_DRAFT,GENERATED,Instrument: F-Tuba,Format: PHYSICAL,Kategorie: Unterrichtsheft,,,,,10.00,,EUR,,,,,,,,,,,,,,,,,,,,,,,false,true,,,,,,,false,,false,Umpa Umpa Umtata #2 FTB,,,XLSX_SOT_NORMALIZED,Produktpalette(2).xlsx:MusikHeroes,51,EXACT,,false,,,
XW-562.09,XW-562.09,,,c8ad4aec-36d9-505b-8fc7-419876283823,UNTERRICHTSHEFT|umpa umpa umtata #2 - b-tuba,HIGH,true,CANONICAL,live,ACTIVE,true,false,MusikHeroes,MusikHeroes,Unterrichtsheft,Umpa Umpa Umtata,UUU,2,Umpa Umpa Umtata,EDITION,physical,B-Tuba,,,,,,,,,PHYSICAL,Umpa Umpa Umtata #2 - B-Tuba,UUU#2 BTB,UUU#2_BTB,Umpa Umpa Umtata #2 - B-Tuba ist eine Heftausgabe im MusikHeroes-Produktkatalog.,AUTO_DRAFT,GENERATED,Instrument: B-Tuba,Format: PHYSICAL,Kategorie: Unterrichtsheft,,,,,10.00,,EUR,,,,,,,,,,,,,,,,,,,,,,,false,true,,,,,,,false,,false,Umpa Umpa Umtata #2 BTB,,,XLSX_SOT_NORMALIZED,Produktpalette(2).xlsx:MusikHeroes,52,EXACT,,false,,,
XW-562.10,XW-562.10,,,14202d7f-a308-5871-851b-fc3b12d6535a,RESERVED|XW-562.10,LOW,true,CANONICAL,draft,RESERVED,false,false,MusikHeroes,MusikHeroes,Reserviert,Umpa Umpa Umtata,UUU,,Umpa Umpa Umtata,EDITION,physical,,,,,,,,,,PHYSICAL,Reserviert - XW-562.10,Reserviert XW-562.10,XW-562.10,Reserviert - XW-562.10 ist eine reservierte Artikelnummer im XW Product Hub.,AUTO_DRAFT,GENERATED,Format: PHYSICAL,,,,,,,10.00,,EUR,,,,,,,,,,,,,,,,,,,,,,,false,false,,,,,,,false,,false,-,,,XLSX_SOT_RESERVED,Produktpalette(2).xlsx:MusikHeroes,53,RESERVED,,false,,,
XW-562.11,XW-562.11,,,00a7b6c5-55f8-5ef5-bbda-525ef3b55ebc,RESERVED|XW-562.11,LOW,true,CANONICAL,draft,RESERVED,false,false,MusikHeroes,MusikHeroes,Reserviert,Umpa Umpa Umtata,UUU,,Umpa Umpa Umtata,EDITION,physical,,,,,,,,,,PHYSICAL,Reserviert - XW-562.11,Reserviert XW-562.11,XW-562.11,Reserviert - XW-562.11 ist eine reservierte Artikelnummer im XW Product Hub.,AUTO_DRAFT,GENERATED,Format: PHYSICAL,,,,,,,10.00,,EUR,,,,,,,,,,,,,,,,,,,,,,,false,false,,,,,,,false,,false,-,,,XLSX_SOT_RESERVED,Produktpalette(2).xlsx:MusikHeroes,54,RESERVED,,false,,,
XW-562.12,XW-562.12,,,bfdc3df3-d327-58bb-8ff9-3dce64eb100d,PLAYALONG|umpa umpa umtata #2 - playalongs in c,HIGH,true,CANONICAL,live,ACTIVE,true,false,MusikHeroes,MusikHeroes,Playalong,Umpa Umpa Umtata,UUU,2,Umpa Umpa Umtata,PLAYALONG,digital,,,C,,,,,,,PLAYALONG,Umpa Umpa Umtata #2 - Playalongs in C,UUU#2 PA in C,UUU#2_PA-in-C,Umpa Umpa Umtata #2 - Playalongs in C ist ein Playalong-Produkt im MusikHeroes-Produktkatalog.,AUTO_DRAFT,GENERATED,Format: PLAYALONG,Kategorie: Playalong,,,,,,10.00,,EUR,,,,,,,,,,,,,,,,,,,,,,,false,true,,,,,,,false,,false,#1 Playalongs in C,,,XLSX_SOT_NORMALIZED,Produktpalette(2).xlsx:MusikHeroes,55,EXACT,,true,Titel fachlich auf Umpa Umpa Umtata #2 - Playalongs in C korrigiert (freigegebene Ausnahme zur XLSX-Tippangabe #1).,,
XW-562.13,XW-562.13,,,0f56b6c3-3408-5fbc-b0a0-12053994ecd8,ZUSATZSTIMME|umpa umpa umtata #2 - 2. stimme in b (hoch),HIGH,true,CANONICAL,live,ACTIVE,true,false,MusikHeroes,MusikHeroes,Zusatzstimme,Umpa Umpa Umtata,UUU,2,Umpa Umpa Umtata,ADDITIONAL_VOICE,digital,,2,B,hoch,,,,,,DIGITAL,Umpa Umpa Umtata #2 - 2. Stimme in B (hoch),UUU#2 2B-h,UUU#2_2B-h,Umpa Umpa Umtata #2 - 2. Stimme in B (hoch) ist eine Zusatzstimmen-Ausgabe im MusikHeroes-Produktkatalog.,AUTO_DRAFT,GENERATED,Format: DIGITAL,Kategorie: Zusatzstimme,,,,,5.00,10.00,5.50,EUR,ERP_NET,0.00,true,,,,,,,,,,,,,,,,,,,,false,true,,,,,,,true,MusikHeroes_Noten digital,false,#2 Zusatzstimme in B (hoch),,ZST UUU#2 - 2.St. B (hoch),XLSX_SOT_NORMALIZED,Produktpalette(2).xlsx:MusikHeroes,56,EXACT,,false,,,
XW-562.13-P,XW-562.13-P,,XW-562.13,0f56b6c3-3408-5fbc-b0a0-12053994ecd8,ZUSATZSTIMME|umpa umpa umtata #2 - 2. stimme in b (hoch),HIGH,false,FORMAT_VARIANT,live,ACTIVE,true,false,MusikHeroes,MusikHeroes,Zusatzstimme,Umpa Umpa Umtata,UUU,2,Umpa Umpa Umtata,ADDITIONAL_VOICE,digital,,2,B,hoch,,,,,,PRINT_AT_HOME,Umpa Umpa Umtata #2 - 2. Stimme in B (hoch),UUU#2 2B-h,UUU#2_2B-h,2.Stimme in B (hoch) für Tenorhorn und andere Instrumente im Violinschlüssel in C als PRINT,SOURCE,WIX,2.Stimme in B (hoch) für Tenorhorn und andere Instrumente im Violinschlüssel in C als PRINT,,,,,B2B,9.00,10.00,9.90,EUR,ERP_NET,1.00,true,100.0,,,,,,,,,,,,,,,,,,,true,true,product_30d79e18-1973-92e7-b3d5-62a458d136ef,product_30d79e18-1973-92e7-b3d5-62a458d136ef,true,MH-ZST physisch GESAMT|B2B|MusikHeroes-Gesamt,4f718e_1840cc4273b14569a847207d67a52822~mv2.jpg|4f718e_c6a04509981b4d2fb3cf6c8a021e53fa~mv2.jpg,<p>2.Stimme in B (hoch) für Tenorhorn und andere Instrumente im Violinschlüssel in C<strong>&nbsp;</strong>als PRINT</p>,true,MusikHeroes_Print@Home,false,#2 Zusatzstimme in B (hoch) 🖨️,Umpa-Umpa Umtata #2 / 2.Stimme in B (hoch) [PRINT],ZST UUU#2_2B-hoch,XLSX_SOT_NORMALIZED,Produktpalette(2).xlsx:MusikHeroes,56,DERIVED,,false,,,
XW-562.14,XW-562.14,,,a9df6426-47dc-5460-8c38-6353a78273a5,ZUSATZSTIMME|umpa umpa umtata #2 - 2. stimme in f,HIGH,true,CANONICAL,live,ACTIVE,true,false,MusikHeroes,MusikHeroes,Zusatzstimme,Umpa Umpa Umtata,UUU,2,Umpa Umpa Umtata,ADDITIONAL_VOICE,digital,,2,F,,,,,,,DIGITAL,Umpa Umpa Umtata #2 - 2. Stimme in F,UUU#2 2F,UUU#2_2F,Umpa Umpa Umtata #2 - 2. Stimme in F ist eine Zusatzstimmen-Ausgabe im MusikHeroes-Produktkatalog.,AUTO_DRAFT,GENERATED,Format: DIGITAL,Kategorie: Zusatzstimme,,,,,5.00,10.00,5.50,EUR,ERP_NET,0.00,true,,,,,,,,,,,,,,,,,,,,false,true,,,,,,,true,MusikHeroes_Noten digital,false,#2 Zusatzstimme in F,,ZST UUU#2 - 2.St. F,XLSX_SOT_NORMALIZED,Produktpalette(2).xlsx:MusikHeroes,58,EXACT,,false,,,
XW-562.14-P,XW-562.14-P,,XW-562.14,a9df6426-47dc-5460-8c38-6353a78273a5,ZUSATZSTIMME|umpa umpa umtata #2 - 2. stimme in f,HIGH,false,FORMAT_VARIANT,live,ACTIVE,true,false,MusikHeroes,MusikHeroes,Zusatzstimme,Umpa Umpa Umtata,UUU,2,Umpa Umpa Umtata,ADDITIONAL_VOICE,digital,,2,F,,,,,,,PRINT_AT_HOME,Umpa Umpa Umtata #2 - 2. Stimme in F,UUU#2 2F,UUU#2_2F,2.Stimme in F für Horn und andere Instrumente im Violinschlüssel in F als PRINT,SOURCE,WIX,2.Stimme in F für Horn und andere Instrumente im Violinschlüssel in F als PRINT,,,,,B2B,9.00,10.00,9.90,EUR,ERP_NET,0.00,true,100.0,,,,,,,,,,,,,,,,,,,true,true,product_0edbd358-e266-94b0-b883-a0a664c02af0,product_0edbd358-e266-94b0-b883-a0a664c02af0,true,MH-ZST physisch GESAMT|B2B|MusikHeroes-Gesamt,4f718e_8ed69cab907a4fa6867820569b1bd1dc~mv2.jpg|4f718e_00b6c5d1d6c74863abeeadaf7f7d2c3b~mv2.jpg,<p>2.Stimme in F für Horn und andere Instrumente im Violinschlüssel in F<strong>&nbsp;</strong>als PRINT</p>,true,MusikHeroes_Print@Home,false,#2 Zusatzstimme in F 🖨️,Umpa-Umpa Umtata #2 / 2.Stimme in F [PRINT],ZST UUU#2_2F,XLSX_SOT_NORMALIZED,Produktpalette(2).xlsx:MusikHeroes,58,DERIVED,,false,,,
XW-571.01,XW-571.01,,,6887ff80-1906-5637-8453-5b5cf9fabf4c,UNTERRICHTSHEFT|etüderln & co #1 - trompete,HIGH,true,CANONICAL,live,ACTIVE,true,false,MusikHeroes,MusikHeroes,Unterrichtsheft,Etüderln & CO,ET,1,Etüderln & CO,EDITION,physical,Trompete,,,,,,,,,PHYSICAL,Etüderln & CO #1 - Trompete,ET#1 TRP,ET#1_TRP,Etüderln & CO #1 - Trompete ist eine Heftausgabe im MusikHeroes-Produktkatalog.,AUTO_DRAFT,GENERATED,Instrument: Trompete,Format: PHYSICAL,Kategorie: Unterrichtsheft,,,,22.64,10.00,24.90,EUR,ERP_NET,0.00,true,,,,,,,,,,,,,,,,,,,,false,true,,,,,,,true,MusikHeroes,false,Etüderln & CO #1 TRP,,Etüderln & CO #1 TRP,XLSX_SOT_NORMALIZED,Produktpalette(2).xlsx:MusikHeroes,14,EXACT,,false,,,
XW-571.02,XW-571.02,,,cb2535b3-bcf9-5f2e-85fb-5b566265f994,UNTERRICHTSHEFT|etüderln & co #1 - posaune,HIGH,true,CANONICAL,live,ACTIVE,true,false,MusikHeroes,MusikHeroes,Unterrichtsheft,Etüderln & CO,ET,1,Etüderln & CO,EDITION,physical,Posaune,,,,,,,,,PHYSICAL,Etüderln & CO #1 - Posaune,ET#1 POS,ET#1_POS,Etüderln & CO #1 - Posaune ist eine Heftausgabe im MusikHeroes-Produktkatalog.,AUTO_DRAFT,GENERATED,Instrument: Posaune,Format: PHYSICAL,Kategorie: Unterrichtsheft,,,,22.64,10.00,24.90,EUR,ERP_NET,0.00,true,,,,,,,,,,,,,,,,,,,,false,true,,,,,,,true,MusikHeroes,false,Etüderln & CO #1 POS,,Etüderln & CO #1 POS,XLSX_SOT_NORMALIZED,Produktpalette(2).xlsx:MusikHeroes,15,EXACT,,false,,,
XW-571.03,XW-571.03,,,2f002775-df51-538c-b98e-18d79bce3596,RESERVED|XW-571.03,LOW,true,CANONICAL,draft,RESERVED,false,false,MusikHeroes,MusikHeroes,Reserviert,Etüderln & CO,ET,,,RESERVED,physical,,,,,,,,,,PHYSICAL,Reserviert - XW-571.03,Reserviert XW-571.03,XW-571.03,Reserviert - XW-571.03 ist eine reservierte Artikelnummer im XW Product Hub.,AUTO_DRAFT,GENERATED,Format: PHYSICAL,,,,,,,10.00,,EUR,,,,,,,,,,,,,,,,,,,,,,,false,false,,,,,,,false,,false,,,,XLSX_SOT_RESERVED,Produktpalette(2).xlsx:MusikHeroes,16,RESERVED,,false,,,
XW-571.04,XW-571.04,,,ce13421e-f8ed-524b-9899-829af87fefa8,RESERVED|XW-571.04,LOW,true,CANONICAL,draft,RESERVED,false,false,MusikHeroes,MusikHeroes,Reserviert,Etüderln & CO,ET,,,RESERVED,physical,,,,,,,,,,PHYSICAL,Reserviert - XW-571.04,Reserviert XW-571.04,XW-571.04,Reserviert - XW-571.04 ist eine reservierte Artikelnummer im XW Product Hub.,AUTO_DRAFT,GENERATED,Format: PHYSICAL,,,,,,,10.00,,EUR,,,,,,,,,,,,,,,,,,,,,,,false,false,,,,,,,false,,false,,,,XLSX_SOT_RESERVED,Produktpalette(2).xlsx:MusikHeroes,17,RESERVED,,false,,,
XW-571.05,XW-571.05,,,49d846ba-9af2-5ca1-9d7c-b06cefc88ded,RESERVED|XW-571.05,LOW,true,CANONICAL,draft,RESERVED,false,false,MusikHeroes,MusikHeroes,Reserviert,Etüderln & CO,ET,,,RESERVED,physical,,,,,,,,,,PHYSICAL,Reserviert - XW-571.05,Reserviert XW-571.05,XW-571.05,Reserviert - XW-571.05 ist eine reservierte Artikelnummer im XW Product Hub.,AUTO_DRAFT,GENERATED,Format: PHYSICAL,,,,,,,10.00,,EUR,,,,,,,,,,,,,,,,,,,,,,,false,false,,,,,,,false,,false,,,,XLSX_SOT_RESERVED,Produktpalette(2).xlsx:MusikHeroes,18,RESERVED,,false,,,
XW-571.06,XW-571.06,,,a8f5f92d-e182-52fb-9d74-5e6e308e5a6e,RESERVED|XW-571.06,LOW,true,CANONICAL,draft,RESERVED,false,false,MusikHeroes,MusikHeroes,Reserviert,Etüderln & CO,ET,,,RESERVED,physical,,,,,,,,,,PHYSICAL,Reserviert - XW-571.06,Reserviert XW-571.06,XW-571.06,Reserviert - XW-571.06 ist eine reservierte Artikelnummer im XW Product Hub.,AUTO_DRAFT,GENERATED,Format: PHYSICAL,,,,,,,10.00,,EUR,,,,,,,,,,,,,,,,,,,,,,,false,false,,,,,,,false,,false,,,,XLSX_SOT_RESERVED,Produktpalette(2).xlsx:MusikHeroes,19,RESERVED,,false,,,
XW-571.07,XW-571.07,,,1d3ea285-b41e-5e04-a903-71a7593d9e42,RESERVED|XW-571.07,LOW,true,CANONICAL,draft,RESERVED,false,false,MusikHeroes,MusikHeroes,Reserviert,Etüderln & CO,ET,,,RESERVED,physical,,,,,,,,,,PHYSICAL,Reserviert - XW-571.07,Reserviert XW-571.07,XW-571.07,Reserviert - XW-571.07 ist eine reservierte Artikelnummer im XW Product Hub.,AUTO_DRAFT,GENERATED,Format: PHYSICAL,,,,,,,10.00,,EUR,,,,,,,,,,,,,,,,,,,,,,,false,false,,,,,,,false,,false,,,,XLSX_SOT_RESERVED,Produktpalette(2).xlsx:MusikHeroes,20,RESERVED,,false,,,
XW-571.08,XW-571.08,,,a4ce69d0-e95f-5691-b87a-8ad22338e50e,UNTERRICHTSHEFT|etüderln & co #1 - f-tuba,HIGH,true,CANONICAL,live,ACTIVE,true,false,MusikHeroes,MusikHeroes,Unterrichtsheft,Etüderln & CO,ET,1,Etüderln & CO,EDITION,physical,F-Tuba,,,,,,,,,PHYSICAL,Etüderln & CO #1 - F-Tuba,ET#1 FTB,ET#1_FTB,Etüderln & CO #1 - F-Tuba ist eine Heftausgabe im MusikHeroes-Produktkatalog.,AUTO_DRAFT,GENERATED,Instrument: F-Tuba,Format: PHYSICAL,Kategorie: Unterrichtsheft,,,,,10.00,,EUR,,,,,,,,,,,,,,,,,,,,,,,false,true,,,,,,,false,,false,Etüderln & CO #1 FTB,,,XLSX_SOT_NORMALIZED,Produktpalette(2).xlsx:MusikHeroes,21,EXACT,,false,,,
XW-571.09,XW-571.09,,,ae19125b-02a7-55e2-9635-4aaa5d5ed112,UNTERRICHTSHEFT|etüderln & co #1 - b-tuba,HIGH,true,CANONICAL,live,ACTIVE,true,false,MusikHeroes,MusikHeroes,Unterrichtsheft,Etüderln & CO,ET,1,Etüderln & CO,EDITION,physical,B-Tuba,,,,,,,,,PHYSICAL,Etüderln & CO #1 - B-Tuba,ET#1 BTB,ET#1_BTB,Etüderln & CO #1 - B-Tuba ist eine Heftausgabe im MusikHeroes-Produktkatalog.,AUTO_DRAFT,GENERATED,Instrument: B-Tuba,Format: PHYSICAL,Kategorie: Unterrichtsheft,,,,22.64,10.00,24.90,EUR,ERP_NET,0.00,true,,,,,,,,,,,,,,,,,,,,false,true,,,,,,,true,MusikHeroes,false,Etüderln & CO #1 BTB,,Etüderln & CO #1 BTB,XLSX_SOT_NORMALIZED,Produktpalette(2).xlsx:MusikHeroes,22,EXACT,,false,,,
XW-571.10,XW-571.10,,,9c7bca6e-1b9a-5f6a-8cc6-5dc3646b1975,RESERVED|XW-571.10,LOW,true,CANONICAL,draft,RESERVED,false,false,MusikHeroes,MusikHeroes,Reserviert,Etüderln & CO,ET,,,RESERVED,physical,,,,,,,,,,PHYSICAL,Reserviert - XW-571.10,Reserviert XW-571.10,XW-571.10,Reserviert - XW-571.10 ist eine reservierte Artikelnummer im XW Product Hub.,AUTO_DRAFT,GENERATED,Format: PHYSICAL,,,,,,,10.00,,EUR,,,,,,,,,,,,,,,,,,,,,,,false,false,,,,,,,false,,false,,,,XLSX_SOT_RESERVED,Produktpalette(2).xlsx:MusikHeroes,23,RESERVED,,false,,,
XW-600,XW-600,,,a0cf8062-5ff3-5706-8dc2-2a23e80c3f98,NOTEN|div. blechhaufn-noten unveröffentlicht,LOW,true,CANONICAL,live,EXTERNAL_ONLY,true,false,,Sonstige,Noten,,,,Div. Blechhaufn-Noten unveröffentlicht,SCORE,physical,,,,,,,,,,PHYSICAL,Div. Blechhaufn-Noten unveröffentlicht,Div. Blechhaufn-Noten unveröffentlicht,DIV_BLECHHAUFN_NOTEN_UNVEROE,Div. Blechhaufn-Noten unveröffentlicht ist eine Notenausgabe im XeisWorks-Produktkatalog.,AUTO_DRAFT,GENERATED,Format: PHYSICAL,Kategorie: Noten,,,,,45.00,10.00,49.50,EUR,ERP_NET,0.00,true,,,,,,,,,,,,,,,,,,,,false,false,,,,,,,true,Unveröffentlichte Noten,false,,,Div. Blechhaufn-Noten unveröffentlicht,ERP_FALLBACK,,,EXTERNAL,,false,,,Operational/sevdesk-only item; intentionally not required in the sale catalog.
XW-600.0,XW-600.0,,,48408a8c-f6c9-5815-b466-1072b94cca03,NOTEN|diverse noten,LOW,true,CANONICAL,live,EXTERNAL_ONLY,true,false,,Sonstige,Noten,,,,Diverse Noten,SCORE,digital,,,,,,,,,,PRINT_AT_HOME,Diverse Noten,Diverse Noten,DIVERSE_NOTEN_P,Diverse Noten ist eine Notenausgabe im XeisWorks-Produktkatalog.,AUTO_DRAFT,GENERATED,Format: PRINT_AT_HOME,Kategorie: Noten,,,,,45.00,10.00,49.50,EUR,ERP_NET,0.00,true,,,,,,,,,,,,,,,,,,,,false,false,,,,,,,true,XeisWorks_Print@Home,false,,,Diverse Noten,ERP_FALLBACK,,,EXTERNAL,,false,,,Operational/sevdesk-only item; intentionally not required in the sale catalog.
XW-600.1,XW-600.1,,,a06909f3-b95f-5dd4-8eb7-4aefc00fa784,NOTEN|diverse bh-noten,LOW,true,CANONICAL,live,EXTERNAL_ONLY,true,false,,Sonstige,Noten,,,,Diverse BH-Noten,SCORE,physical,,,,,,,,,,PHYSICAL,Diverse BH-Noten,Diverse BH-Noten,DIVERSE_BH_NOTEN,Diverse BH-Noten ist eine Notenausgabe im XeisWorks-Produktkatalog.,AUTO_DRAFT,GENERATED,Format: PHYSICAL,Kategorie: Noten,,,,,45.00,10.00,49.50,EUR,ERP_NET,0.00,true,,,,,,,,,,,,,,,,,,,,false,false,,,,,,,true,Unveröffentlichte Noten,false,,,Diverse BH-Noten,ERP_FALLBACK,,,EXTERNAL,,false,,,Operational/sevdesk-only item; intentionally not required in the sale catalog.
XW-600.2,XW-600.2,,XW-600.1,a06909f3-b95f-5dd4-8eb7-4aefc00fa784,NOTEN|diverse bh-noten,MEDIUM,false,ALTERNATE_SKU,live,EXTERNAL_ONLY,true,false,,Sonstige,Noten,,,,Diverse BH-Noten,SCORE,physical,,,,,,,,,,PHYSICAL,Diverse BH-Noten,Diverse BH-Noten,DIVERSE_BH_NOTEN,"Diverse Noten, nicht mehr erhältlich",SOURCE,WIX,"Diverse Noten, nicht mehr erhältlich",,,,,B2B,45.00,10.00,49.50,EUR,ERP_NET,0.00,true,175.0,,,,,,,,,,,,,,,,,,,true,false,product_c36c24a7-8339-6ac5-5990-268e1fd7a0e1,product_c36c24a7-8339-6ac5-5990-268e1fd7a0e1,true,B2B,4f718e_1c736f0082fe401e8687d62563fdfdba~mv2.jpg,"<p>Diverse Noten, nicht mehr erhältlich</p>",true,Unveröffentlichte Noten,false,,Nicht mehr erhältlich,Diverse BH-Noten,ERP_FALLBACK,,,EXTERNAL,,false,,,Operational/sevdesk-only item; intentionally not required in the sale catalog.
XW-600.3,XW-600.3,,XW-600.1,a06909f3-b95f-5dd4-8eb7-4aefc00fa784,NOTEN|diverse bh-noten,LOW,false,ALTERNATE_SKU,review,REVIEW,true,true,,Sonstige,Noten,,,,Diverse BH-Noten,SCORE,physical,,,,,,,,,,PHYSICAL,Diverse BH-Noten,Diverse BH-Noten,DIVERSE_BH_NOTEN,Diverse BH-Noten ist eine Notenausgabe im XeisWorks-Produktkatalog.,AUTO_DRAFT,GENERATED,Format: PHYSICAL,Kategorie: Noten,,,,,45.00,10.00,49.50,EUR,ERP_NET,0.00,true,,,,,,,,,,,,,,,,,,,,false,true,,,,,,,true,Moschi,false,,,Diverse BH-Noten,ERP_FALLBACK,,,EXTERNAL,,false,,,Review is tracked on canonical product variant XW-600.1.
XW-600.4,XW-600.4,,XW-600.1,a06909f3-b95f-5dd4-8eb7-4aefc00fa784,NOTEN|diverse bh-noten,LOW,false,ALTERNATE_SKU,live,EXTERNAL_ONLY,true,false,,Sonstige,Noten,,,,Diverse BH-Noten,SCORE,physical,,,,,,,,,,PHYSICAL,Diverse BH-Noten,Diverse BH-Noten,DIVERSE_BH_NOTEN,Diverse BH-Noten ist eine Notenausgabe im XeisWorks-Produktkatalog.,AUTO_DRAFT,GENERATED,Format: PHYSICAL,Kategorie: Noten,,,,,45.00,10.00,49.50,EUR,ERP_NET,0.00,true,,,,,,,,,,,,,,,,,,,,false,false,,,,,,,true,Unveröffentlichte Noten,false,,,Diverse BH-Noten,ERP_FALLBACK,,,EXTERNAL,,false,,,Operational/sevdesk-only item; intentionally not required in the sale catalog.
XW-600.5,XW-600.5,,XW-600.1,a06909f3-b95f-5dd4-8eb7-4aefc00fa784,NOTEN|diverse bh-noten,LOW,false,ALTERNATE_SKU,review,REVIEW,true,true,,Sonstige,Noten,,,,Diverse BH-Noten,SCORE,physical,,,,,,,,,,PHYSICAL,Diverse BH-Noten,Diverse BH-Noten,DIVERSE_BH_NOTEN,Diverse BH-Noten ist eine Notenausgabe im XeisWorks-Produktkatalog.,AUTO_DRAFT,GENERATED,Format: PHYSICAL,Kategorie: Noten,,,,,45.00,10.00,49.50,EUR,ERP_NET,0.00,true,,,,,,,,,,,,,,,,,,,,false,true,,,,,,,true,Waunisch,false,,,Diverse BH-Noten,ERP_FALLBACK,,,EXTERNAL,,false,,,Review is tracked on canonical product variant XW-600.1.
XW-600.6,XW-600.6,,XW-600.1,a06909f3-b95f-5dd4-8eb7-4aefc00fa784,NOTEN|diverse bh-noten,LOW,false,FORMAT_VARIANT,review,REVIEW,true,true,,Sonstige,Noten,,,,Diverse BH-Noten,SCORE,digital,,,,,,,,,,PRINT_AT_HOME,Diverse BH-Noten,Diverse BH-Noten,DIVERSE_BH_NOTEN_P,Diverse BH-Noten ist eine Notenausgabe im XeisWorks-Produktkatalog.,AUTO_DRAFT,GENERATED,Format: PRINT_AT_HOME,Kategorie: Noten,,,,,45.00,10.00,49.50,EUR,ERP_NET,0.00,true,,,,,,,,,,,,,,,,,,,,false,true,,,,,,,true,XeisWorks_Print@Home,false,,,Diverse BH-Noten,ERP_FALLBACK,,,EXTERNAL,,false,,,Review is tracked on canonical product variant XW-600.1.
XW-600.8,XW-600.8,,,c3581fdd-6c72-55b8-95fd-0e421358ece8,NOTEN|diverse noten leonhard,LOW,true,CANONICAL,live,EXTERNAL_ONLY,true,false,,Sonstige,Noten,,,,Diverse Noten Leonhard,SCORE,physical,,,,,,,,,,PHYSICAL,Diverse Noten Leonhard,Diverse Noten Leonhard,DIVERSE_NOTEN_LEONHARD,Diverse Noten Leonhard ist eine Notenausgabe im XeisWorks-Produktkatalog.,AUTO_DRAFT,GENERATED,Format: PHYSICAL,Kategorie: Noten,,,,,45.00,10.00,49.50,EUR,ERP_NET,0.00,true,,,,,,,,,,,,,,,,,,,,false,false,,,,,,,true,Leonhard,false,,,Diverse Noten Leonhard,ERP_FALLBACK,,,EXTERNAL,,false,,,Operational/sevdesk-only item; intentionally not required in the sale catalog.
XW-601.2,XW-601.2,,XW-6001,d1fa9964-437a-56ce-a355-bfda45a1a3a9,NOTEN|die waldhütte,LOW,false,LEGACY_VARIANT,live,ACTIVE,true,false,,Blech-7er,Noten,,,,Die Waldhütte,SCORE,physical,,,,,,,,,,PHYSICAL,Die Waldhütte,Die Waldhütte,DIE_WALDHUETTE,Die Waldhütte ist eine Notenausgabe im XeisWorks-Produktkatalog.,AUTO_DRAFT,GENERATED,Format: PHYSICAL,Kategorie: Noten,,,,,40.82,10.00,44.90,EUR,ERP_NET,0.00,true,,,,,,,,,,,,,,,,,,,,false,true,,,,,,,true,Cumulus_Physisch,false,,,Die Waldhütte,CHANNEL_TITLE_MATCH_TO_XLSX_SOT,Produktpalette(2).xlsx:XeisWorks,8,DERIVED_TITLE_MATCH,XW-6001,false,,,
XW-602.1,XW-602.1,,XW-6002,b0e7a0e6-8a90-53b0-934e-9a8ade540c9e,NOTEN|einen blick schenkst du mir,MEDIUM,false,ENSEMBLE_VARIANT|LEGACY_VARIANT,live,ACTIVE,true,false,,Blasmusik-Edition,Noten,,,,Einen Blick schenkst du mir,SCORE,physical,,,,,,Musikkapelle,,,,PHYSICAL,Einen Blick schenkst du mir [Musikkapelle],Einen Blick schenkst du mir [MK],EINEN_BLICK_SCHENKST_DU_MIR_MK,Komp./Arr.: Albert Wieder,SOURCE,WIX,Komp./Arr.: Albert Wieder,,,,,B2B,27.18,10.00,29.90,EUR,WIX_GROSS,,,175.0,,,,,,,,,,,,,,,,,,,true,true,product_6b230cbb-a86f-5907-7c14-c178d2f7a326,product_6b230cbb-a86f-5907-7c14-c178d2f7a326,true,Blasmusik Gesamt|B2B|Musikkapelle|Böhmisch|Kleine Besetzung,4f718e_048ac1664e334921a488eea3bf1c99c2~mv2.jpg|4f718e_bbaa9882ae304f9ebf2688aeb89fd4bb~mv2.jpg|4f718e_82557a76252042bd8c0827dacbf60911~mv2.jpg|4f718e_aa51b32dcf5e4d8c8f3f4f85426c7e5a,<p>Komp./Arr.: Albert Wieder</p>,false,,false,,Einen Blick schenkst du mir [Kleine Böhmische Besetzung],,CHANNEL_TITLE_MATCH_TO_XLSX_SOT,Produktpalette(2).xlsx:XeisWorks,9,DERIVED_TITLE_MATCH,XW-6002,false,,,
XW-602.2,XW-602.2,,XW-6002,b0e7a0e6-8a90-53b0-934e-9a8ade540c9e,NOTEN|einen blick schenkst du mir,MEDIUM,false,ENSEMBLE_VARIANT|LEGACY_VARIANT,live,ACTIVE,true,false,,Blech-7er,Noten,,,,Einen Blick schenkst du mir,SCORE,physical,,,,,,Musikkapelle,,,,PHYSICAL,Einen Blick schenkst du mir [Musikkapelle],Einen Blick schenkst du mir [MK],EINEN_BLICK_SCHENKST_DU_MIR_MK,Komp./Arr.: Albert Wieder,SOURCE,WIX,Komp./Arr.: Albert Wieder,,,,,B2B,40.82,10.00,44.90,EUR,ERP_NET,0.00,true,175.0,,,,,,,,,,,,,,,,,,,true,true,product_6b230cbb-a86f-5907-7c14-c178d2f7a326,product_6b230cbb-a86f-5907-7c14-c178d2f7a326,true,Blasmusik Gesamt|B2B|Musikkapelle|Böhmisch|Kleine Besetzung,4f718e_048ac1664e334921a488eea3bf1c99c2~mv2.jpg|4f718e_bbaa9882ae304f9ebf2688aeb89fd4bb~mv2.jpg|4f718e_82557a76252042bd8c0827dacbf60911~mv2.jpg|4f718e_aa51b32dcf5e4d8c8f3f4f85426c7e5a,<p>Komp./Arr.: Albert Wieder</p>,true,Cumulus_Physisch,false,,Einen Blick schenkst du mir [Blasorchester-Besetzung],Einen Blick schenkst du mir,CHANNEL_TITLE_MATCH_TO_XLSX_SOT,Produktpalette(2).xlsx:XeisWorks,9,DERIVED_TITLE_MATCH,XW-6002,false,,,
XW-603.2,XW-603.2,,XW-6003,96eba746-0a2e-5cc8-ba67-812511b5e4c2,NOTEN|glück auf,LOW,false,LEGACY_VARIANT,live,ACTIVE,true,false,,Blech-7er,Noten,,,,Glück auf,SCORE,physical,,,,,,,,,,PHYSICAL,Glück auf,Glück auf,GLUECK_AUF,Glück auf ist eine Notenausgabe im XeisWorks-Produktkatalog.,AUTO_DRAFT,GENERATED,Format: PHYSICAL,Kategorie: Noten,,,,,40.82,10.00,44.90,EUR,ERP_NET,0.00,true,,,,,,,,,,,,,,,,,,,,false,true,,,,,,,true,Cumulus_Physisch,false,,,Glück auf,CHANNEL_TITLE_MATCH_TO_XLSX_SOT,Produktpalette(2).xlsx:XeisWorks,10,DERIVED_TITLE_MATCH,XW-6003,false,,,
XW-604.2,XW-604.2,,XW-6004,3b1e1931-c937-5eba-9269-f7529895f5e7,NOTEN|himmelsthron,LOW,false,LEGACY_VARIANT,live,ACTIVE,true,false,,Blech-7er,Noten,,,,Himmelsthron,SCORE,physical,,,,,,,,,,PHYSICAL,Himmelsthron,Himmelsthron,HIMMELSTHRON,Himmelsthron ist eine Notenausgabe im XeisWorks-Produktkatalog.,AUTO_DRAFT,GENERATED,Format: PHYSICAL,Kategorie: Noten,,,,,40.82,10.00,44.90,EUR,ERP_NET,0.00,true,,,,,,,,,,,,,,,,,,,,false,true,,,,,,,true,Cumulus_Physisch,false,,,Himmelsthron,CHANNEL_TITLE_MATCH_TO_XLSX_SOT,Produktpalette(2).xlsx:XeisWorks,11,DERIVED_TITLE_MATCH,XW-6004,false,,,
XW-605.2,XW-605.2,,XW-6005,f4cb9772-d2ff-5e70-a8c8-e32a30e68657,NOTEN|veilchen-polka,LOW,false,LEGACY_VARIANT,live,ACTIVE,true,false,,Blech-7er,Noten,,,,Veilchen-Polka,SCORE,physical,,,,,,,,,,PHYSICAL,Veilchen-Polka,Veilchen-Polka,VEILCHEN_POLKA,Veilchen-Polka ist eine Notenausgabe im XeisWorks-Produktkatalog.,AUTO_DRAFT,GENERATED,Format: PHYSICAL,Kategorie: Noten,,,,,40.82,10.00,44.90,EUR,ERP_NET,0.00,true,,,,,,,,,,,,,,,,,,,,false,true,,,,,,,true,Cumulus_Physisch,false,,,Veilchen-Polka,CHANNEL_TITLE_MATCH_TO_XLSX_SOT,Produktpalette(2).xlsx:XeisWorks,12,DERIVED_TITLE_MATCH,XW-6005,false,,,
XW-606.2,XW-606.2,,XW-6006,2da6ec66-45a2-5999-95bd-6dd4b4f4c03a,NOTEN|lorete walzer,LOW,false,LEGACY_VARIANT,live,ACTIVE,true,false,,Blech-7er,Noten,,,,Lorete Walzer,SCORE,physical,,,,,,,,,,PHYSICAL,Lorete Walzer,Lorete Walzer,LORETE_WALZER,Lorete Walzer ist eine Notenausgabe im XeisWorks-Produktkatalog.,AUTO_DRAFT,GENERATED,Format: PHYSICAL,Kategorie: Noten,,,,,40.82,10.00,44.90,EUR,ERP_NET,0.00,true,,,,,,,,,,,,,,,,,,,,false,true,,,,,,,true,Cumulus_Physisch,false,,,Lorete Walzer,CHANNEL_TITLE_MATCH_TO_XLSX_SOT,Produktpalette(2).xlsx:XeisWorks,13,DERIVED_TITLE_MATCH,XW-6006,false,,,
XW-608.2,XW-608.2,,XW-6008,41049d86-b093-523c-b8e6-1b0ae1d603f3,NOTEN|sonnenuntergang am berg,LOW,false,LEGACY_VARIANT,live,ACTIVE,true,false,,Blech-7er,Noten,,,,Sonnenuntergang am Berg,SCORE,physical,,,,,,,,,,PHYSICAL,Sonnenuntergang am Berg,Sonnenuntergang am Berg,SONNENUNTERGANG_AM_BERG,Sonnenuntergang am Berg ist eine Notenausgabe im XeisWorks-Produktkatalog.,AUTO_DRAFT,GENERATED,Format: PHYSICAL,Kategorie: Noten,,,,,40.82,10.00,44.90,EUR,ERP_NET,0.00,true,,,,,,,,,,,,,,,,,,,,false,true,,,,,,,true,Cumulus_Physisch,false,,,Sonnenuntergang am Berg,CHANNEL_TITLE_MATCH_TO_XLSX_SOT,Produktpalette(2).xlsx:XeisWorks,15,DERIVED_TITLE_MATCH,XW-6008,false,,,
XW-609.2,XW-609.2,,XW-6009,c1fdc398-4db0-5633-bad6-1cf84f369618,NOTEN|kinderträume,LOW,false,LEGACY_VARIANT,live,ACTIVE,true,false,,Blech-7er,Noten,,,,Kinderträume,SCORE,physical,,,,,,,,,,PHYSICAL,Kinderträume,Kinderträume,KINDERTRAEUME,Kinderträume ist eine Notenausgabe im XeisWorks-Produktkatalog.,AUTO_DRAFT,GENERATED,Format: PHYSICAL,Kategorie: Noten,,,,,40.82,10.00,44.90,EUR,ERP_NET,0.00,true,,,,,,,,,,,,,,,,,,,,false,true,,,,,,,true,Cumulus_Physisch,false,,,Kinderträume,CHANNEL_TITLE_MATCH_TO_XLSX_SOT,Produktpalette(2).xlsx:XeisWorks,16,DERIVED_TITLE_MATCH,XW-6009,false,,,
XW-610.1,XW-610.1,,XW-6210,4dff8e5c-29dd-5697-ab16-4ad2fac6ec05,NOTEN|neverna milenka,LOW,false,LEGACY_VARIANT,live,ACTIVE,true,false,,Blech-7er,Noten,,,,Neverna Milenka,SCORE,physical,,,,,,Böhmische Besetzung,,,,PHYSICAL,Neverna Milenka [Böhmische Besetzung],Neverna Milenka [Böhm.],NEVERNA_MILENKA_BOE,Neverna Milenka [Böhmische Besetzung] ist eine Notenausgabe im XeisWorks-Produktkatalog.,AUTO_DRAFT,GENERATED,Besetzung: Böhmische Besetzung,Format: PHYSICAL,Kategorie: Noten,,,,34.45,10.00,37.90,EUR,ERP_NET,0.00,true,,,,,,,,,,,,,,,,,,,,false,true,,,,,,,true,Cumulus_Physisch,false,,,Neverna Milenka,CHANNEL_TITLE_MATCH_TO_XLSX_SOT,Produktpalette(2).xlsx:XeisWorks,17,DERIVED_TITLE_MATCH,XW-6210,false,,,
XW-611.2,XW-611.2,,XW-6010,0668be32-b7bf-5fa9-9a97-45d7d7b02957,NOTEN|bier polka,LOW,false,LEGACY_VARIANT,live,ACTIVE,true,false,,Blech-7er,Noten,,,,Bier Polka,SCORE,physical,,,,,,,,,,PHYSICAL,Bier Polka,Bier Polka,BIER_POLKA,Bier Polka ist eine Notenausgabe im XeisWorks-Produktkatalog.,AUTO_DRAFT,GENERATED,Format: PHYSICAL,Kategorie: Noten,,,,,40.82,10.00,44.90,EUR,ERP_NET,0.00,true,,,,,,,,,,,,,,,,,,,,false,true,,,,,,,true,Cumulus_Physisch,false,,,Bier Polka,CHANNEL_TITLE_MATCH_TO_XLSX_SOT,Produktpalette(2).xlsx:XeisWorks,17,DERIVED_TITLE_MATCH,XW-6010,false,,,
XW-612.1,XW-612.1,,XW-6201,4a091468-2ad2-53c2-b77e-3046f1604e3d,NOTEN|smutna deva,LOW,false,LEGACY_VARIANT,live,ACTIVE,true,false,,Blech-7er,Noten,,,,Smutna Deva,SCORE,physical,,,,,,Böhmische Besetzung,,,,PHYSICAL,Smutna Deva [Böhmische Besetzung],Smutna Deva [Böhm.],SMUTNA_DEVA_BOE,Smutna Deva [Böhmische Besetzung] ist eine Notenausgabe im XeisWorks-Produktkatalog.,AUTO_DRAFT,GENERATED,Besetzung: Böhmische Besetzung,Format: PHYSICAL,Kategorie: Noten,,,,34.45,10.00,37.90,EUR,ERP_NET,0.00,true,,,,,,,,,,,,,,,,,,,,false,true,,,,,,,true,Cumulus_Physisch,false,,,Smutna Deva,CHANNEL_TITLE_MATCH_TO_XLSX_SOT,Produktpalette(2).xlsx:XeisWorks,8,DERIVED_TITLE_MATCH,XW-6201,false,,,
XW-619.1,XW-619.1,,XW-4039,a7ceabdb-e786-5b77-8d7e-f8c9573c4b22,NOTEN|schöne maderl,LOW,false,ENSEMBLE_VARIANT|LEGACY_VARIANT,live,ACTIVE,true,false,,Blech-7er,Noten,,,,Schöne Maderl,SCORE,physical,,,,,,Böhmische Besetzung,,,,PHYSICAL,Schöne Maderl [Böhmische Besetzung],Schöne Maderl [Böhm.],SCHOENE_MADERL_BOE,Schöne Maderl [Böhmische Besetzung] ist eine Notenausgabe im XeisWorks-Produktkatalog.,AUTO_DRAFT,GENERATED,Besetzung: Böhmische Besetzung,Format: PHYSICAL,Kategorie: Noten,,,,34.45,10.00,37.90,EUR,ERP_NET,0.00,true,,,,,,,,,,,,,,,,,,,,false,true,,,,,,,true,Cumulus_Physisch,false,,,Schöne Maderl,CHANNEL_TITLE_MATCH_TO_XLSX_SOT,Produktpalette(2).xlsx:XeisWorks,45,DERIVED_TITLE_MATCH,XW-4039,false,,,
XW-620.1,XW-620.1,,XW-6209,a290fcdd-094c-55e5-ae31-0483ffa1ec61,NOTEN|tschecharanka polka,LOW,false,LEGACY_VARIANT,live,ACTIVE,true,false,,Blech-7er,Noten,,,,Tschecharanka Polka,SCORE,physical,,,,,,Böhmische Besetzung,,,,PHYSICAL,Tschecharanka Polka [Böhmische Besetzung],Tschecharanka Polka [Böhm.],TSCHECHARANKA_POLKA_BOE,Tschecharanka Polka [Böhmische Besetzung] ist eine Notenausgabe im XeisWorks-Produktkatalog.,AUTO_DRAFT,GENERATED,Besetzung: Böhmische Besetzung,Format: PHYSICAL,Kategorie: Noten,,,,34.45,10.00,37.90,EUR,ERP_NET,0.00,true,,,,,,,,,,,,,,,,,,,,false,true,,,,,,,true,Cumulus_Physisch,false,,,Tschecharanka Polka,CHANNEL_TITLE_MATCH_TO_XLSX_SOT,Produktpalette(2).xlsx:XeisWorks,16,DERIVED_TITLE_MATCH,XW-6209,false,,,
XW-621.2,XW-621.2,,XW-6011,ddaf7d2b-c235-5c00-9d7a-519c1fe6f1e9,NOTEN|weinkost,LOW,false,ENSEMBLE_VARIANT|LEGACY_VARIANT,live,ACTIVE,true,false,,Blech-7er,Noten,,,,Weinkost,SCORE,physical,,,,,,Böhmische Besetzung,,,,PHYSICAL,Weinkost [Böhmische Besetzung],Weinkost [Böhm.],WEINKOST_BOE,Weinkost [Böhmische Besetzung] ist eine Notenausgabe im XeisWorks-Produktkatalog.,AUTO_DRAFT,GENERATED,Besetzung: Böhmische Besetzung,Format: PHYSICAL,Kategorie: Noten,,,,34.45,10.00,37.90,EUR,ERP_NET,0.00,true,,,,,,,,,,,,,,,,,,,,false,true,,,,,,,true,Cumulus_Physisch,false,,,Weinkost,CHANNEL_TITLE_MATCH_TO_XLSX_SOT,Produktpalette(2).xlsx:XeisWorks,18,DERIVED_TITLE_MATCH,XW-6011,false,,,
XW-701,XW-701,,XW-7001,710bd4b8-9a9e-5dd1-96c6-7931cf11906b,NOTEN|flotter dreier,LOW,false,FORMAT_VARIANT|LEGACY_VARIANT,live,ACTIVE,true,false,,Blech-7er,Noten,,,,Flotter Dreier,SCORE,digital,,,,,,,,,,DIGITAL,Flotter Dreier,Flotter Dreier,FLOTTER_DREIER,Flotter Dreier ist eine Notenausgabe im XeisWorks-Produktkatalog.,AUTO_DRAFT,GENERATED,Format: DIGITAL,Kategorie: Noten,,,,,11.73,10.00,12.90,EUR,ERP_NET,0.00,true,,,,,,,,,,,,,,,,,,,,false,true,,,,,,,true,Cumulus_Digital,false,,,Flotter Dreier,CHANNEL_TITLE_MATCH_TO_XLSX_SOT,Produktpalette(2).xlsx:XeisWorks,6,DERIVED_TITLE_MATCH,XW-7001,false,,,
XW-702,XW-702,,,de1c2c01-491c-593a-a038-f19f463197cc,NOTEN|niel gow's lament for his second wife,LOW,true,CANONICAL,review,REVIEW,true,true,,Blech-7er,Noten,,,,Niel Gow's Lament For His Second Wife,SCORE,digital,,,,,,,,,,DIGITAL,Niel Gow's Lament For His Second Wife,Niel Gow's Lament For His Second Wife,NIEL_GOW_S_LAMENT_FOR_HIS_SE,Niel Gow's Lament For His Second Wife ist eine Notenausgabe im XeisWorks-Produktkatalog.,AUTO_DRAFT,GENERATED,Format: DIGITAL,Kategorie: Noten,,,,,11.73,10.00,12.90,EUR,ERP_NET,0.00,true,,,,,,,,,,,,,,,,,,,,false,true,,,,,,,true,Cumulus_Digital,false,,,Niel Gow's Lament For His Second Wife,ERP_FALLBACK,,,EXTERNAL,,false,,SOT_GAP,Product-like channel item has no exact or safe title/category match in the XLSX SOT.
XW-703,XW-703,,XW-7003,a2e64e97-d0c5-584b-bdc1-cbf55e0d421b,NOTEN|für weihnachten bereit,MEDIUM,false,LEGACY_VARIANT,live,ACTIVE,true,false,,Blech-7er,Noten,,,,Für Weihnachten bereit,SCORE,physical,,,,,,,,,,PHYSICAL,Für Weihnachten bereit,Für Weihnachten bereit,FUER_WEIHNACHTEN_BEREIT,"Komp./Arr.: Albert Wieder
für Blechhauf'n-XXL-Besetzung + Sängerin",SOURCE,WIX,für Blechhauf'n-XXL-Besetzung + Sängerin,,,,,B2B,27.18,10.00,29.90,EUR,ERP_NET,0.00,true,,,,,,,,,,,,,,,,,,,,true,true,product_700f77aa-11ca-bca1-0a8a-31d083aafa11,product_700f77aa-11ca-bca1-0a8a-31d083aafa11,true,Divers_Blech|B2B,4f718e_db2fb93431224693b8509ecd9cf86676~mv2.jpg|4f718e_743333d9f3ec41d3b40fa23b6912064b~mv2.jpg|4f718e_deff9a72d40e41afa46a9ab3fdd7f366~mv2.jpg|4f718e_5969064a439343d98835be433a2b6586~mv2.jpg|4f718e_1734419976534dcf8075d99dd0b1688a,<p>Komp./Arr.: Albert Wieder</p><p>für Blechhauf'n-XXL-Besetzung + Sängerin</p>,true,Cumulus_Physisch,false,,Für Weihnachten bereit,Für Weihnachten bereit,CHANNEL_TITLE_MATCH_TO_XLSX_SOT,Produktpalette(2).xlsx:XeisWorks,8,DERIVED_TITLE_MATCH,XW-7003,false,,,
XW-704,XW-704,,,b16695f7-2163-5785-b9f3-5384fd84e546,"NOTEN|nein, ich will nicht lieber...",MEDIUM,true,CANONICAL,review,ACTIVE,true,true,,Blech-7er,Noten,,,,"Nein, ich will nicht lieber...",SCORE,physical,,,,,,,,,,PHYSICAL,"Nein, ich will nicht lieber...","Nein, ich will nicht lieber...",NEIN_ICH_WILL_NICHT_LIEBER,Komp./Arr.: Albert Wieder,SOURCE,WIX,Komp./Arr.: Albert Wieder,,,,,B2B,18.09,10.00,19.90,EUR,ERP_NET,0.00,true,,,,,,,,,,,,,,,,,,,,true,true,product_a7649954-47ca-b69d-9366-76c3dde0e93b,product_a7649954-47ca-b69d-9366-76c3dde0e93b,true,Divers_Blech|B2B,4f718e_8d69ca6ae6bd48859b25f2e1283312d1~mv2.jpg|4f718e_8ca07061155b442c8f5b62d2575f449b~mv2.jpg|4f718e_e763e78612e443d18c1bda5e3a76e513~mv2.jpg|4f718e_e4c6d87f82814cb4971265ab47ad0599,<p>Komp./Arr.: Albert Wieder</p>,true,Cumulus_Physisch,false,,"Nein, ich will nicht lieber Piccoloflöte spielen!","Nein, ich will nicht lieber...",ERP_FALLBACK,,,EXTERNAL,,false,,SOT_GAP,Product-like channel item has no exact or safe title/category match in the XLSX SOT.
XW-704.2,XW-704.2,,XW-704,b16695f7-2163-5785-b9f3-5384fd84e546,"NOTEN|nein, ich will nicht lieber...",LOW,false,ALTERNATE_SKU,review,REVIEW,true,true,,Blech-7er,Noten,,,,"Nein, ich will nicht lieber...",SCORE,physical,,,,,,,,,,PHYSICAL,"Nein, ich will nicht lieber...","Nein, ich will nicht lieber...",NEIN_ICH_WILL_NICHT_LIEBER,"Nein, ich will nicht lieber... ist eine Notenausgabe im XeisWorks-Produktkatalog.",AUTO_DRAFT,GENERATED,Format: PHYSICAL,Kategorie: Noten,,,,,22.64,10.00,24.90,EUR,ERP_NET,0.00,true,,,,,,,,,,,,,,,,,,,,false,true,,,,,,,true,Cumulus_Physisch,false,,,"Nein, ich will nicht lieber...",ERP_FALLBACK,,,EXTERNAL,,false,,,Review is tracked on canonical product variant XW-704.
XW-705,XW-705,,XW-7005,fcc311e8-2f00-5893-a838-110db6233a5c,NOTEN|blechalong #1,LOW,false,LEGACY_VARIANT,live,ACTIVE,true,false,,Sonstige,Noten,,,,BlechAlong #1,SCORE,physical,,,,,,,,,,PHYSICAL,BlechAlong #1,BlechAlong #1,BLECHALONG_1,BlechAlong #1 ist eine Notenausgabe im XeisWorks-Produktkatalog.,AUTO_DRAFT,GENERATED,Format: PHYSICAL,Kategorie: Noten,,,,,26.82,10.00,29.50,EUR,ERP_NET,0.00,true,,,,,,,,,,,,,,,,,,,,false,true,,,,,,,true,Blechhaufn_Physisch,false,,,BlechAlong #1,CHANNEL_TITLE_MATCH_TO_XLSX_SOT,Produktpalette(2).xlsx:XeisWorks,10,DERIVED_TITLE_MATCH,XW-7005,false,,,
XW-801,XW-801,,XW-4059,11036733-16b9-5b67-b136-68fb0d3ed245,CD|vorübermorgen,MEDIUM,false,LEGACY_VARIANT,live,ACTIVE,true,false,Blechhaufn,Sonstige,CD,,,,"CD ""vorÜbermorgen""",cd,physical,,,,,,,,,,PHYSICAL,vorÜbermorgen,vorÜbermorgen,vorÜbermorgen,Die 1. Blechhauf'n-CD: vorÜbermorgen,SOURCE,WIX,Die 1. Blechhauf'n-CD: vorÜbermorgen,,,,,B2B,14.92,10.00,16.41,EUR,ERP_NET,0.00,true,,,,,,,,,,,,,,,,,,,,true,true,product_07eab904-13d3-5e71-e322-75be9fa010fb,product_07eab904-13d3-5e71-e322-75be9fa010fb,true,BH-CDs|B2B,4f718e_79d71f0c4f4f423ca35a742cbe75ebaa~mv2.jpg|4f718e_6670e0d0afae4345bd036f3d06d938d1|4f718e_a1638bfa9c6c42728f1402fcd9aab2ce|4f718e_e53a5dd5382a496899911e5fe32f50b9,<p>Die 1. Blechhauf'n-CD:&nbsp; &nbsp;<strong>vorÜbermorgen</strong></p>,true,Blechhaufn_CDs,false,,vorÜbermorgen,"CD ""vorÜbermorgen""",CHANNEL_TITLE_MATCH_TO_XLSX_SOT,Produktpalette(2).xlsx:XeisWorks,66,DERIVED_TITLE_MATCH,XW-4059,false,,,
XW-802,XW-802,,XW-4060,7d23771b-cb32-5a20-99a9-162482b04972,CD|tierzuliebe,MEDIUM,false,LEGACY_VARIANT,live,ACTIVE,true,false,Blechhaufn,Sonstige,CD,,,,Tierzuliebe,cd,physical,,,,,,,,,,PHYSICAL,Tierzuliebe,Tierzuliebe,Tierzuliebe,Die 2. Blechhauf'n-CD: Tierzuliebe,SOURCE,WIX,Die 2. Blechhauf'n-CD: Tierzuliebe,,,,,B2B,16.27,10.00,17.90,EUR,WIX_GROSS,,,,,,,,,,,,,,,,,,,,,,true,true,product_065aff5a-d518-e28e-8bb9-bd873f279540,product_065aff5a-d518-e28e-8bb9-bd873f279540,true,BH-CDs|B2B,4f718e_14b0dc5818334128b890ad908378acd1~mv2.jpg|4f718e_41380c42189b41fcbbe50cc7de12f083|4f718e_2fdd6f765ebb48ab982d30d494784bbc|4f718e_3577b120399e47c09ecb78cd82307d18,<p>Die 2. Blechhauf'n-CD:&nbsp; &nbsp;<strong>Tierzuliebe</strong></p>,false,,false,,Tierzuliebe,,CHANNEL_TITLE_MATCH_TO_XLSX_SOT,Produktpalette(2).xlsx:XeisWorks,67,DERIVED_TITLE_MATCH,XW-4060,false,,,
XW-803,XW-803,,XW-4061,832aef21-7d2c-557d-bcbf-782278efb1de,CD|betörend röhrend,MEDIUM,false,LEGACY_VARIANT,live,ACTIVE,true,false,Blechhaufn,Sonstige,CD,,,,Betörend Röhrend,cd,physical,,,,,,,,,,PHYSICAL,Betörend Röhrend,Betörend Röhrend,Betörend_Röhrend,Die 3. Blechhauf'n-CD: Betörend Röhrend,SOURCE,WIX,Die 3. Blechhauf'n-CD: Betörend Röhrend,,,,,B2B,14.92,10.00,16.41,EUR,ERP_NET,0.00,true,,,,,,,,,,,,,,,,,,,,true,true,product_782bbbba-021b-8f20-4de0-00295710addd,product_782bbbba-021b-8f20-4de0-00295710addd,true,BH-CDs|B2B,4f718e_ebd125339d4f4f389ac0230abb51c0ea~mv2.jpg|4f718e_6caf2a9b576d4d5ab87833fb3d950920~mv2.jpg|4f718e_581d8f21c51b4627868ce8b04a32381d|4f718e_82c87aebe40e45eba109f24400ff85cd|4f718e_6e20a607a33649c09719e64e87f66f0a,<p>Die 3. Blechhauf'n-CD:&nbsp; &nbsp;<strong>Betörend Röhrend</strong></p>,true,Blechhaufn_CDs,false,,Betörend Röhrend,Betörend Röhrend,CHANNEL_TITLE_MATCH_TO_XLSX_SOT,Produktpalette(2).xlsx:XeisWorks,68,DERIVED_TITLE_MATCH,XW-4061,false,,,
XW-804,XW-804,,XW-4062,56a05ccb-a8fb-5727-b0d3-c5caad8d34ac,CD|entertainment live,MEDIUM,false,LEGACY_VARIANT,live,ACTIVE,true,false,Blechhaufn,Sonstige,CD,,,,"CD ""Entertainment live""",cd,physical,,,,,,,,,,PHYSICAL,Entertainment live,Entertainment live,Entertainment_live,Die 4. Blechhauf'n-CD: Entertainment live,SOURCE,WIX,Die 4. Blechhauf'n-CD: Entertainment live,,,,,B2B,14.92,10.00,16.41,EUR,ERP_NET,0.00,true,,,,,,,,,,,,,,,,,,,,true,true,product_96f2af0c-14ba-b3e6-91a3-df181d82fdc3,product_96f2af0c-14ba-b3e6-91a3-df181d82fdc3,true,BH-CDs|B2B,4f718e_ffbad2c2705247ee98b28c7ddc93841c~mv2.jpg|4f718e_fc15e27d46eb4aec95cf36cbb0ea1a09~mv2.jpg|4f718e_c14fa54953ae4b42b1ba77fc51d72adb|4f718e_ea87e798e294428ba07be8c49ed11ef0|4f718e_6191f9aa4d3549f2b77113f0d7c08aec,<p>Die 4. Blechhauf'n-CD:&nbsp; &nbsp;<strong>Entertainment live</strong></p>,true,Blechhaufn_CDs,false,,Entertainment live,"CD ""Entertainment live""",CHANNEL_TITLE_MATCH_TO_XLSX_SOT,Produktpalette(2).xlsx:XeisWorks,69,DERIVED_TITLE_MATCH,XW-4062,false,,,
XW-805,XW-805,,XW-4063,21e759f4-044d-5e19-a3cc-f14bffa995d0,CD|bh,MEDIUM,false,LEGACY_VARIANT,live,ACTIVE,true,false,Blechhaufn,Sonstige,CD,,,,BH,cd,physical,,,,,,,,,,PHYSICAL,BH,BH,BH,Die 5. Blechhauf'n-CD: BH,SOURCE,WIX,Die 5. Blechhauf'n-CD: BH,,,,,B2B,16.27,10.00,17.90,EUR,WIX_GROSS,,,,,,,,,,,,,,,,,,,,,,true,true,product_34a11b64-9e31-6d32-a741-c681b010c0e3,product_34a11b64-9e31-6d32-a741-c681b010c0e3,true,BH-CDs|B2B,4f718e_649c57be5e734ef0ad3e85c4ecefa72d~mv2.gif|4f718e_433313830db6459b9580a04bd00b2c93~mv2.jpg|4f718e_c7f048ab97d146869a8cfd6c0fa9887a|4f718e_65c442cff68c47b98a9c48e6c43087a2,<p>Die 5. Blechhauf'n-CD:&nbsp; &nbsp;<strong>BH</strong></p>,false,,false,,BH,,CHANNEL_TITLE_MATCH_TO_XLSX_SOT,Produktpalette(2).xlsx:XeisWorks,70,DERIVED_TITLE_MATCH,XW-4063,false,,,
XW-806,XW-806,,XW-4064,67ac25f5-fe51-56cb-887a-751a671a5c69,CD|on the road,MEDIUM,false,LEGACY_VARIANT,live,ACTIVE,true,false,Blechhaufn,Sonstige,CD,,,,"CD ""On The Road""",cd,physical,,,,,,,,,,PHYSICAL,On The Road,On The Road,On_The_Road,Die 6. Blechhauf'n-CD: On The Road,SOURCE,WIX,Die 6. Blechhauf'n-CD: On The Road,,,,,B2B,14.92,10.00,16.41,EUR,ERP_NET,0.00,true,,,,,,,,,,,,,,,,,,,,true,true,product_f75b095c-f9fd-f9ed-e882-0f3daee300cb,product_f75b095c-f9fd-f9ed-e882-0f3daee300cb,true,BH-CDs|B2B,4f718e_30a2992a5ca1410cbce28140e6c04dee~mv2.jpg|4f718e_f274c484f9dc44bc952f7384b3667ce0~mv2.jpg|4f718e_774fc057a27d486c99fb924e37ea1d5d|4f718e_519a363b4c594dcb99b65dc8632d3f86|4f718e_802739ac4e9f4134abfa68e6d815d11d,<p>Die 6. Blechhauf'n-CD:&nbsp; &nbsp;<strong>On The Road</strong></p>,true,Blechhaufn_CDs,false,,On The Road,"CD ""On The Road""",CHANNEL_TITLE_MATCH_TO_XLSX_SOT,Produktpalette(2).xlsx:XeisWorks,71,DERIVED_TITLE_MATCH,XW-4064,false,,,
XW-807,XW-807,,XW-4065,d1979dc3-5c8f-54be-9a19-dc471da0e20c,CD|bh xxl,MEDIUM,false,LEGACY_VARIANT,live,ACTIVE,true,false,Blechhaufn,Sonstige,CD,,,,"""BH-XXL""-CD",cd,physical,,,,,,,,,,PHYSICAL,BH XXL,BH XXL,BH_XXL,Die 7. Blechhauf'n-CD: BH XXL,SOURCE,WIX,Die 7. Blechhauf'n-CD: BH XXL,,,,,B2B,14.92,10.00,16.41,EUR,ERP_NET,0.00,true,,,,,,,,,,,,,,,,,,,,true,true,product_b1b8b07e-d7a0-d242-ad8e-e2468da6813f,product_b1b8b07e-d7a0-d242-ad8e-e2468da6813f,true,BH-CDs|B2B,4f718e_ffe181a0a3dd44ab9a612adb44d17475~mv2.jpg|4f718e_d2da66d214a04635be6b7e7bf4f17dcb~mv2.jpg|4f718e_b3b9a1f0abcf4656b89692478e7691a9|4f718e_06c92a6e7149416eab0a1dee594369cd|4f718e_41c442443a2d441cbf7d39f43fde28d7,<p>Die 7. Blechhauf'n-CD:&nbsp; &nbsp;<strong>BH XXL</strong></p>,true,Blechhaufn_CDs,false,,BH XXL,"""BH-XXL""-CD",CHANNEL_TITLE_MATCH_TO_XLSX_SOT,Produktpalette(2).xlsx:XeisWorks,72,DERIVED_TITLE_MATCH,XW-4065,false,,,
XW-808,XW-808,,XW-4066,5e213fe3-9499-509d-a27a-3478e5439a77,CD|wirtshausrunde,MEDIUM,false,LEGACY_VARIANT,live,ACTIVE,true,false,Blechhaufn,Sonstige,CD,,,,"CD ""Wirtshausrunde""",cd,physical,,,,,,,,,,PHYSICAL,Wirtshausrunde,Wirtshausrunde,Wirtshausrunde,Die 8. Blechhauf'n-CD: Wirtshausrunde,SOURCE,WIX,Die 8. Blechhauf'n-CD: Wirtshausrunde,,,,,B2B,14.92,10.00,16.41,EUR,ERP_NET,0.00,true,,,,,,,,,,,,,,,,,,,,true,true,product_ea9ebb1b-e106-b32b-20d3-6fbdd75aa99d,product_ea9ebb1b-e106-b32b-20d3-6fbdd75aa99d,true,BH-CDs|B2B,4f718e_7a37639a1dea4520a152e20fa0f78e0d~mv2.jpg|4f718e_72c6b2a5ddb94ba09fcaf514705070a8~mv2.jpg|4f718e_d2e1850d7a534f9d9d87d2a3b1bb20c5|4f718e_27e2df3b1c6c4d52871267e8e89288a6|4f718e_3162472043664e9ebabd53d6debdf21b,<p>Die 8. Blechhauf'n-CD:&nbsp; &nbsp;<strong>Wirtshausrunde</strong></p>,true,Blechhaufn_CDs,false,,Wirtshausrunde,"CD ""Wirtshausrunde""",CHANNEL_TITLE_MATCH_TO_XLSX_SOT,Produktpalette(2).xlsx:XeisWorks,73,DERIVED_TITLE_MATCH,XW-4066,false,,,
XW-809,XW-809,,XW-4067,e0bc121b-6b14-5634-9d60-96bd8bc1d254,CD|home,MEDIUM,false,LEGACY_VARIANT,live,ACTIVE,true,false,Blechhaufn,Sonstige,CD,,,,"CD ""Home""",cd,physical,,,,,,,,,,PHYSICAL,Home,Home,Home,Die 9. Blechhauf'n-CD: Home [feat. Christoph Moschberger],SOURCE,WIX,Die 9. Blechhauf'n-CD: Home [feat. Christoph Moschberger],,,,,B2B,14.92,10.00,16.41,EUR,ERP_NET,0.00,true,,,,,,,,,,,,,,,,,,,,true,true,product_fd798247-0e44-5a78-31f0-0a94900ec931,product_fd798247-0e44-5a78-31f0-0a94900ec931,true,BH-CDs|B2B,4f718e_1fbe05ffbb664bff8588a8e8b370fdff~mv2.jpg|4f718e_bbbb86086f154e4fa747af24d98c66fe~mv2.jpg|4f718e_8311ca93cc0a4c08bb3c57bb039eb513|4f718e_d443ab84bb10434fa50acfba825925ea|4f718e_1909facc048c40779a3211c0dfa77687,<p>Die 9. Blechhauf'n-CD:&nbsp; &nbsp;<strong>Home&nbsp;[feat. Christoph Moschberger]</strong></p>,true,Blechhaufn_CDs,false,,Home [feat. Christoph Moschberger],"CD ""Home""",CHANNEL_TITLE_MATCH_TO_XLSX_SOT,Produktpalette(2).xlsx:XeisWorks,74,DERIVED_TITLE_MATCH,XW-4067,false,,,
XW-810,XW-810,,,e5245f7c-0399-5947-938f-822e9bc5a51a,CD|well done,MEDIUM,true,CANONICAL,review,ACTIVE,true,true,Blechhaufn,Sonstige,CD,,,,"CD ""Well Done""",cd,physical,,,,,,,,,,PHYSICAL,Well Done,Well Done,Well_Done,Die 10. Blechhauf'n-CD: Well Done [2023],SOURCE,WIX,Die 10. Blechhauf'n-CD: Well Done [2023],,,,,B2B,16.58,10.00,18.24,EUR,ERP_NET,0.00,true,,,,,,,,,,,,,,,,,,,,true,true,product_7e4cd864-8346-f9d4-3743-952272eaae4a,product_7e4cd864-8346-f9d4-3743-952272eaae4a,true,BH-CDs|B2B,4f718e_b5c685329d4d4f02b4c7cab29472a413~mv2.jpg|4f718e_fcf20f975b114f2a87fc29170e10d4df~mv2.jpg|4f718e_4b9547f58b034edbb01519797880fe76~mv2.jpg,<p>Die 10. Blechhauf'n-CD:&nbsp; &nbsp;<strong>Well Done </strong>[2023]</p>,true,Blechhaufn_CDs,false,,Well Done,"CD ""Well Done""",ERP_FALLBACK,,,EXTERNAL,,false,,SOT_GAP,Product-like channel item has no exact or safe title/category match in the XLSX SOT.
XW-811,XW-811,,XW-4039,a7ceabdb-e786-5b77-8d7e-f8c9573c4b22,NOTEN|schöne maderl,LOW,false,LEGACY_VARIANT,live,ACTIVE,true,false,,Blech-7er,Noten,,,,Schöne Maderl,SCORE,physical,,,,,,,,,,PHYSICAL,Schöne Maderl,Schöne Maderl,SCHOENE_MADERL,Schöne Maderl ist eine Notenausgabe im XeisWorks-Produktkatalog.,AUTO_DRAFT,GENERATED,Format: PHYSICAL,Kategorie: Noten,,,,,19.91,10.00,21.90,EUR,ERP_NET,0.00,true,,,,,,,,,,,,,,,,,,,,false,true,,,,,,,true,Cumulus_Physisch,false,,,Schöne Maderl,CHANNEL_TITLE_MATCH_TO_XLSX_SOT,Produktpalette(2).xlsx:XeisWorks,45,DERIVED_TITLE_MATCH,XW-4039,false,,,
XW-812,XW-812,,XW-4028,9ec6a543-763f-5dc8-a870-39f3bed6f841,NOTEN|für schöne stunden,LOW,false,LEGACY_VARIANT,live,ACTIVE,true,false,,Blech-7er,Noten,,,,Für schöne Stunden,SCORE,physical,,,,,,,,,,PHYSICAL,Für schöne Stunden,Für schöne Stunden,FUER_SCHOENE_STUNDEN,Für schöne Stunden ist eine Notenausgabe im XeisWorks-Produktkatalog.,AUTO_DRAFT,GENERATED,Format: PHYSICAL,Kategorie: Noten,,,,,19.91,10.00,21.90,EUR,ERP_NET,0.00,true,,,,,,,,,,,,,,,,,,,,false,true,,,,,,,true,Cumulus_Physisch,false,,,Für schöne Stunden,CHANNEL_TITLE_MATCH_TO_XLSX_SOT,Produktpalette(2).xlsx:XeisWorks,34,DERIVED_TITLE_MATCH,XW-4028,false,,,
XW-813,XW-813,,,c1e24d67-de67-59e3-ae15-9aa0e615c1dd,CD|undefined,LOW,true,CANONICAL,review,REVIEW,true,true,Blechhaufn,Sonstige,CD,,,,undefined,cd,physical,,,,,,,,,,PHYSICAL,undefined,undefined,undefined,undefined ist eine CD-Ausgabe im Blechhaufn-Produktkatalog.,AUTO_DRAFT,GENERATED,Format: PHYSICAL,Kategorie: CD,,,,,0.00,10.00,0.00,EUR,ERP_NET,0.00,true,,,,,,,,,,,,,,,,,,,,false,true,,,,,,,true,Blechhaufn_CDs,false,,,undefined,ERP_FALLBACK,,,EXTERNAL,,false,,SOT_GAP,Product-like channel item has no exact or safe title/category match in the XLSX SOT.
XW-1200,XW-1200,,,aaf07e00-f50e-5eeb-8d65-17da3f1be3f4,NOTEN|einzelstücke,HIGH,true,CANONICAL,live,ACTIVE,true,false,XeisWorks,TanzlMusi-Edition,Noten,,,,Einzelstücke,SCORE,physical,,,,,,,,,,PHYSICAL,Einzelstücke,Einzelstücke,EINZELSTUECKE,Einzelstücke ist eine Notenausgabe im XeisWorks-Produktkatalog.,AUTO_DRAFT,GENERATED,Format: PHYSICAL,Kategorie: Noten,,,,,,10.00,,EUR,,,,,,,,,,,,,,,,,,,,,,,false,true,,,,,,,false,,false,Einzelstücke,,,XLSX_SOT_NORMALIZED,Produktpalette(2).xlsx:XeisWorks,46,EXACT,,false,,,
XW-1201,XW-1201,,,0832a1e5-a096-53a8-9d96-3138ef0097ce,NOTEN|he lippei,HIGH,true,CANONICAL,live,ACTIVE,true,false,XeisWorks,TanzlMusi-Edition,Noten,,,,He Lippei,SCORE,digital,,,,,,,,,,PRINT_AT_HOME,He Lippei,He Lippei,HE_LIPPEI_P,"Polka mit Gesang (Volksweise)
Arr.: Bernhard Holl",SOURCE,WIX,Arr.: Bernhard Holl,,,,,B2B,16.73,10.00,18.40,EUR,ERP_NET,0.00,false,100.0,,,,,,,,,,,,,,,,,,,true,true,product_c51eba45-a1c3-a60b-a092-aa100314a5ab,product_c51eba45-a1c3-a60b-a092-aa100314a5ab,true,TanzlMusi EINZEL|TanzlMusi GESAMT|B2B,4f718e_c29004aff46d41ca88a3eda314553fb8~mv2.jpg|4f718e_195169c93441407d9430e70324affc3a~mv2.jpg|4f718e_9aec1bad311146bd928ce7f655d069f3~mv2.jpg|4f718e_c3b14e47e86e43888aa6ecb10febea5d,<p>Polka mit Gesang (Volksweise)</p><p>Arr.: Bernhard Holl</p>,true,XeisWorks_Print@Home,false,He Lippei,He Lippei,He Lippei,XLSX_SOT_NORMALIZED,Produktpalette(2).xlsx:XeisWorks,47,EXACT,,false,,,
XW-1202,XW-1202,,,d1126b6b-828c-5d8a-8014-84a525b60897,NOTEN|kaserstatt,HIGH,true,CANONICAL,live,ACTIVE,true,false,XeisWorks,TanzlMusi-Edition,Noten,,,,Kaserstatt,SCORE,physical,,,,,,,,,,PHYSICAL,Kaserstatt,Kaserstatt,KASERSTATT,"Volksweise
Arr.: Bernhard Holl",SOURCE,WIX,Arr.: Bernhard Holl,,,,,B2B,16.27,10.00,17.90,EUR,WIX_GROSS,,,100.0,,,,,,,,,,,,,,,,,,,true,true,product_8993628c-b1a9-0a0b-1fca-872b85d013be,product_8993628c-b1a9-0a0b-1fca-872b85d013be,false,TanzlMusi EINZEL|TanzlMusi GESAMT|B2B,4f718e_bdb6676982a949bb8a02aca4ba6265d3~mv2.jpg,<p>Volksweise</p><p>Arr.: Bernhard Holl</p>,false,,false,Kaserstatt,Kaserstatt Walzer,,XLSX_SOT_NORMALIZED,Produktpalette(2).xlsx:XeisWorks,48,EXACT,,false,,,
XW-1203,XW-1203,,,267a5ec3-924a-51f5-aeac-966027aba7b1,NOTEN|schitouren polka,HIGH,true,CANONICAL,live,ACTIVE,true,false,XeisWorks,TanzlMusi-Edition,Noten,,,,Schitouren Polka,SCORE,digital,,,,,,,,,,PRINT_AT_HOME,Schitouren Polka,Schitouren Polka,SCHITOUREN_POLKA_P,"Polka von Karl Dumfart
Arr.: Bernhard Holl",SOURCE,WIX,Arr.: Bernhard Holl,,,,,B2B,18.09,10.00,19.90,EUR,ERP_NET,0.00,true,100.0,,,,,,,,,,,,,,,,,,,true,true,product_d6ed9327-7b10-1dfc-e285-8b558835c920,product_d6ed9327-7b10-1dfc-e285-8b558835c920,true,TanzlMusi EINZEL|TanzlMusi GESAMT|B2B,4f718e_b8f85331fdfd403595b71d81bf055607~mv2.jpg|4f718e_415b15561ec346698998d9201a36fee3~mv2.jpg,<p>Polka von Karl Dumfart</p><p>Arr.: Bernhard Holl</p>,true,XeisWorks_Print@Home,false,Schitouren Polka,Schitouren Polka,Schitouren Polka,XLSX_SOT_NORMALIZED,Produktpalette(2).xlsx:XeisWorks,49,EXACT,,false,,,
XW-1204,XW-1204,,,1ea25400-4b5d-5f2c-bd95-5d8365586b95,NOTEN|da lisi z'ehr,HIGH,true,CANONICAL,live,ACTIVE,true,false,XeisWorks,TanzlMusi-Edition,Noten,,,,Da Lisi z'Ehr,SCORE,physical,,,,,,,,,,PHYSICAL,Da Lisi z'Ehr,Da Lisi z'Ehr,DA_LISI_Z_EHR,"Boarischer von Johanna Dumfart
Arr.: Bernhard Holl",SOURCE,WIX,Arr.: Bernhard Holl,,,,,B2B,16.27,10.00,17.90,EUR,WIX_GROSS,,,100.0,,,,,,,,,,,,,,,,,,,true,true,product_d97b989d-ce76-1ec5-5a9d-c4d846be9f15,product_d97b989d-ce76-1ec5-5a9d-c4d846be9f15,true,TanzlMusi EINZEL|TanzlMusi GESAMT|B2B,4f718e_0105ec3bf37549be9fc5557a79cf1519~mv2.jpg|4f718e_5e8540cc3da44300aebb8ba33d96792d~mv2.jpg,<p>Boarischer von Johanna Dumfart</p><p>Arr.: Bernhard Holl</p>,false,,false,Da Lisi z'Ehr,Da Lisi z'Ehr,,XLSX_SOT_NORMALIZED,Produktpalette(2).xlsx:XeisWorks,50,EXACT,,false,,,
XW-1205,XW-1205,,,28c57afc-3720-51aa-912d-3dd61ab34ea8,RESERVED|XW-1205,LOW,true,CANONICAL,draft,RESERVED,false,false,XeisWorks,TanzlMusi-Edition,Reserviert,,,,,RESERVED,physical,,,,,,,,,,PHYSICAL,Reserviert - XW-1205,Reserviert XW-1205,XW-1205,Reserviert - XW-1205 ist eine reservierte Artikelnummer im XW Product Hub.,AUTO_DRAFT,GENERATED,Format: PHYSICAL,,,,,,,10.00,,EUR,,,,,,,,,,,,,,,,,,,,,,,false,false,,,,,,,false,,false,,,,XLSX_SOT_RESERVED,Produktpalette(2).xlsx:XeisWorks,51,RESERVED,,false,,,
XW-1206,XW-1206,,,5d762c18-6007-55df-9480-2b32fbd87517,RESERVED|XW-1206,LOW,true,CANONICAL,draft,RESERVED,false,false,XeisWorks,TanzlMusi-Edition,Reserviert,,,,,RESERVED,physical,,,,,,,,,,PHYSICAL,Reserviert - XW-1206,Reserviert XW-1206,XW-1206,Reserviert - XW-1206 ist eine reservierte Artikelnummer im XW Product Hub.,AUTO_DRAFT,GENERATED,Format: PHYSICAL,,,,,,,10.00,,EUR,,,,,,,,,,,,,,,,,,,,,,,false,false,,,,,,,false,,false,,,,XLSX_SOT_RESERVED,Produktpalette(2).xlsx:XeisWorks,52,RESERVED,,false,,,
XW-1207,XW-1207,,,50a828ba-4ad0-58c4-9043-cfb46979da99,RESERVED|XW-1207,LOW,true,CANONICAL,draft,RESERVED,false,false,XeisWorks,TanzlMusi-Edition,Reserviert,,,,,RESERVED,physical,,,,,,,,,,PHYSICAL,Reserviert - XW-1207,Reserviert XW-1207,XW-1207,Reserviert - XW-1207 ist eine reservierte Artikelnummer im XW Product Hub.,AUTO_DRAFT,GENERATED,Format: PHYSICAL,,,,,,,10.00,,EUR,,,,,,,,,,,,,,,,,,,,,,,false,false,,,,,,,false,,false,,,,XLSX_SOT_RESERVED,Produktpalette(2).xlsx:XeisWorks,53,RESERVED,,false,,,
XW-1208,XW-1208,,,9ee94875-550f-5e2a-9b3d-bfdc1828868f,RESERVED|XW-1208,LOW,true,CANONICAL,draft,RESERVED,false,false,XeisWorks,TanzlMusi-Edition,Reserviert,,,,,RESERVED,physical,,,,,,,,,,PHYSICAL,Reserviert - XW-1208,Reserviert XW-1208,XW-1208,Reserviert - XW-1208 ist eine reservierte Artikelnummer im XW Product Hub.,AUTO_DRAFT,GENERATED,Format: PHYSICAL,,,,,,,10.00,,EUR,,,,,,,,,,,,,,,,,,,,,,,false,false,,,,,,,false,,false,,,,XLSX_SOT_RESERVED,Produktpalette(2).xlsx:XeisWorks,54,RESERVED,,false,,,
XW-1209,XW-1209,,,2272f530-30f6-5aa1-a0e5-73c00dd91839,RESERVED|XW-1209,LOW,true,CANONICAL,draft,RESERVED,false,false,XeisWorks,TanzlMusi-Edition,Reserviert,,,,,RESERVED,physical,,,,,,,,,,PHYSICAL,Reserviert - XW-1209,Reserviert XW-1209,XW-1209,Reserviert - XW-1209 ist eine reservierte Artikelnummer im XW Product Hub.,AUTO_DRAFT,GENERATED,Format: PHYSICAL,,,,,,,10.00,,EUR,,,,,,,,,,,,,,,,,,,,,,,false,false,,,,,,,false,,false,,,,XLSX_SOT_RESERVED,Produktpalette(2).xlsx:XeisWorks,55,RESERVED,,false,,,
XW-4000,XW-4000,XW-400,,d000219f-bf3f-5c4d-a9d8-cbc0fffdb3c1,NOTEN|div. blechhaufn-noten,HIGH,true,CANONICAL,live,ACTIVE,true,false,Blechhaufn,Blechhaufn,Noten,,,,Div. Blechhaufn-Noten,SCORE,physical,,,,,,,7-stimmig,7,,PHYSICAL,Div. Blechhaufn-Noten,Div. Blechhaufn-Noten,Div._Blechhaufn-Noten,Div. Blechhaufn-Noten ist eine Notenausgabe im Blechhaufn-Produktkatalog.,AUTO_DRAFT,GENERATED,Stimmigkeit/Satz: 7-stimmig,Format: PHYSICAL,Kategorie: Noten,,,,22.64,10.00,24.90,EUR,ERP_NET,0.00,true,,,,,,,,,,,,,,,,,,,,false,true,,,,,,,true,Blechhaufn_Physisch,false,Div. Blechhaufn-Noten,,Div. Blechhaufn-Noten,XLSX_SOT_NORMALIZED,Produktpalette(2).xlsx:XeisWorks,6,EXACT,,true,Legacy SKU(s) XW-400 auf XW-4000 normalisieren; sku_alias für Historie beibehalten.,,
XW-4000.1,XW-4000.1,XW-400.1,XW-4000,d000219f-bf3f-5c4d-a9d8-cbc0fffdb3c1,NOTEN|div. blechhaufn-noten,HIGH,false,LEGACY_VARIANT,live,ACTIVE,true,false,Blechhaufn,Blechhaufn,Noten,,,,Zusatzstimme BH-Noten,SCORE,physical,,,,,,,7-stimmig,7,,PHYSICAL,Div. Blechhaufn-Noten,Div. Blechhaufn-Noten,Div._Blechhaufn-Noten,Div. Blechhaufn-Noten ist eine Notenausgabe im Blechhaufn-Produktkatalog.,AUTO_DRAFT,GENERATED,Stimmigkeit/Satz: 7-stimmig,Format: PHYSICAL,Kategorie: Noten,,,,2.27,10.00,2.50,EUR,ERP_NET,0.00,true,,,,,,,,,,,,,,,,,,,,false,true,,,,,,,true,Blechhaufn_Physisch,false,Div. Blechhaufn-Noten,,Zusatzstimme BH-Noten,XLSX_SOT_NORMALIZED,Produktpalette(2).xlsx:XeisWorks,6,DERIVED,,true,Legacy SKU(s) XW-400.1 auf XW-4000.1 normalisieren; sku_alias für Historie beibehalten.,,
XW-4001,XW-4001,XW-401,,27bf0cb5-8b17-57e3-9e56-b505d576620b,NOTEN|kirchen-7er,HIGH,true,CANONICAL,live,ACTIVE,true,false,Blechhaufn,Blechhaufn,Noten,,,,Kirchen-7er,SCORE,physical,,,,,,,7-stimmig,7,,PHYSICAL,Kirchen-7er,Kirchen-7er,Kirchen-7er,Kirchen-7er ist eine Notenausgabe im Blechhaufn-Produktkatalog.,AUTO_DRAFT,GENERATED,Stimmigkeit/Satz: 7-stimmig,Format: PHYSICAL,Kategorie: Noten,,,,18.09,10.00,19.90,EUR,ERP_NET,0.00,false,,,,,,,,,,,,,,,,,,,,false,true,,,,,,,true,XeisWorks digital,false,Kirchen-7er,,#1 Kirchen-7er,XLSX_SOT_NORMALIZED,Produktpalette(2).xlsx:XeisWorks,7,EXACT,,true,Legacy SKU(s) XW-401 auf XW-4001 normalisieren; sku_alias für Historie beibehalten.,,
XW-4001.2,XW-4001.2,XW-401.2,XW-4001,27bf0cb5-8b17-57e3-9e56-b505d576620b,NOTEN|kirchen-7er,HIGH,false,FORMAT_VARIANT|LEGACY_VARIANT,live,ACTIVE,true,false,Blechhaufn,Blechhaufn,Noten,,,,#1 Kirchen-7er,SCORE,digital,,,,,,,7-stimmig,7,,PRINT_AT_HOME,Kirchen-7er,Kirchen-7er,Kirchen-7er,Kirchen-7er ist eine Notenausgabe im Blechhaufn-Produktkatalog.,AUTO_DRAFT,GENERATED,Stimmigkeit/Satz: 7-stimmig,Format: PRINT_AT_HOME,Kategorie: Noten,,,,22.64,10.00,24.90,EUR,ERP_NET,0.00,true,,,,,,,,,,,,,,,,,,,,false,true,,,,,,,true,XeisWorks_Print@Home,false,Kirchen-7er,,#1 Kirchen-7er,XLSX_SOT_NORMALIZED,Produktpalette(2).xlsx:XeisWorks,7,DERIVED,,true,Legacy SKU(s) XW-401.2 auf XW-4001.2 normalisieren; sku_alias für Historie beibehalten.,,
XW-4001.4,XW-4001.4,XW-401.4,XW-4001,27bf0cb5-8b17-57e3-9e56-b505d576620b,NOTEN|kirchen-7er,HIGH,false,LEGACY_VARIANT,live,ACTIVE,true,false,Blechhaufn,Blechhaufn,Noten,,,,ZST Kirchen7er: Hrn1 in F,SCORE,physical,,,,,,,7-stimmig,7,,PHYSICAL,Kirchen-7er,Kirchen-7er,Kirchen-7er,Kirchen-7er ist eine Notenausgabe im Blechhaufn-Produktkatalog.,AUTO_DRAFT,GENERATED,Stimmigkeit/Satz: 7-stimmig,Format: PHYSICAL,Kategorie: Noten,,,,2.50,10.00,2.75,EUR,ERP_NET,0.00,true,,,,,,,,,,,,,,,,,,,,false,true,,,,,,,true,XeisWorks_Hefte,false,Kirchen-7er,,ZST Kirchen7er: Hrn1 in F,XLSX_SOT_NORMALIZED,Produktpalette(2).xlsx:XeisWorks,7,DERIVED,,true,Legacy SKU(s) XW-401.4 auf XW-4001.4 normalisieren; sku_alias für Historie beibehalten.,,
XW-4001.5,XW-4001.5,XW-401.5,XW-4001,27bf0cb5-8b17-57e3-9e56-b505d576620b,NOTEN|kirchen-7er,HIGH,false,LEGACY_VARIANT,live,ACTIVE,true,false,Blechhaufn,Blechhaufn,Noten,,,,ZST Kirchen7er: Hrn.2 in F,SCORE,physical,,,,,,,7-stimmig,7,,PHYSICAL,Kirchen-7er,Kirchen-7er,Kirchen-7er,Kirchen-7er ist eine Notenausgabe im Blechhaufn-Produktkatalog.,AUTO_DRAFT,GENERATED,Stimmigkeit/Satz: 7-stimmig,Format: PHYSICAL,Kategorie: Noten,,,,2.50,10.00,2.75,EUR,ERP_NET,0.00,true,,,,,,,,,,,,,,,,,,,,false,true,,,,,,,true,XeisWorks_Hefte,false,Kirchen-7er,,ZST Kirchen7er: Hrn.2 in F,XLSX_SOT_NORMALIZED,Produktpalette(2).xlsx:XeisWorks,7,DERIVED,,true,Legacy SKU(s) XW-401.5 auf XW-4001.5 normalisieren; sku_alias für Historie beibehalten.,,
XW-4001.6,XW-4001.6,XW-401.6,XW-4001,27bf0cb5-8b17-57e3-9e56-b505d576620b,NOTEN|kirchen-7er,HIGH,false,LEGACY_VARIANT,live,ACTIVE,true,false,Blechhaufn,Blechhaufn,Noten,,,,ZST Kirchen7er: Hrn.3 in F,SCORE,physical,,,,,,,7-stimmig,7,,PHYSICAL,Kirchen-7er,Kirchen-7er,Kirchen-7er,Kirchen-7er ist eine Notenausgabe im Blechhaufn-Produktkatalog.,AUTO_DRAFT,GENERATED,Stimmigkeit/Satz: 7-stimmig,Format: PHYSICAL,Kategorie: Noten,,,,2.50,10.00,2.75,EUR,ERP_NET,0.00,true,,,,,,,,,,,,,,,,,,,,false,true,,,,,,,true,XeisWorks_Hefte,false,Kirchen-7er,,ZST Kirchen7er: Hrn.3 in F,XLSX_SOT_NORMALIZED,Produktpalette(2).xlsx:XeisWorks,7,DERIVED,,true,Legacy SKU(s) XW-401.6 auf XW-4001.6 normalisieren; sku_alias für Historie beibehalten.,,
XW-4002,XW-4002,XW-402,,434c2397-2b66-5418-a491-ebaa269106d6,NOTEN|advent-7er,HIGH,true,CANONICAL,live,ACTIVE,true,false,Blechhaufn,Blechhaufn,Noten,,,,Advent-7er,SCORE,physical,,,,,,,7-stimmig,7,,PHYSICAL,Advent-7er,Advent-7er,Advent-7er,Advent-7er ist eine Notenausgabe im Blechhaufn-Produktkatalog.,AUTO_DRAFT,GENERATED,Stimmigkeit/Satz: 7-stimmig,Format: PHYSICAL,Kategorie: Noten,,,,18.09,10.00,19.90,EUR,ERP_NET,-2.00,true,,,,,,,,,,,,,,,,,,,,false,true,,,,,,,true,XeisWorks digital,false,Advent-7er,,#2 Advent-7er,XLSX_SOT_NORMALIZED,Produktpalette(2).xlsx:XeisWorks,8,EXACT,,true,Legacy SKU(s) XW-402 auf XW-4002 normalisieren; sku_alias für Historie beibehalten.,,
XW-4002.2,XW-4002.2,XW-402.2,XW-4002,434c2397-2b66-5418-a491-ebaa269106d6,NOTEN|advent-7er,HIGH,false,FORMAT_VARIANT|LEGACY_VARIANT,live,ACTIVE,true,false,Blechhaufn,Blechhaufn,Noten,,,,#2 Advent-7er,SCORE,digital,,,,,,,7-stimmig,7,,PRINT_AT_HOME,Advent-7er,Advent-7er,Advent-7er,Advent-7er ist eine Notenausgabe im Blechhaufn-Produktkatalog.,AUTO_DRAFT,GENERATED,Stimmigkeit/Satz: 7-stimmig,Format: PRINT_AT_HOME,Kategorie: Noten,,,,22.64,10.00,24.90,EUR,ERP_NET,0.00,true,,,,,,,,,,,,,,,,,,,,false,true,,,,,,,true,XeisWorks_Print@Home,false,Advent-7er,,#2 Advent-7er,XLSX_SOT_NORMALIZED,Produktpalette(2).xlsx:XeisWorks,8,DERIVED,,true,Legacy SKU(s) XW-402.2 auf XW-4002.2 normalisieren; sku_alias für Historie beibehalten.,,
XW-4003,XW-4003,XW-403,,1faa1ba5-9259-5e68-88c5-98919c710a11,NOTEN|in gedanken bin i bei dir,HIGH,true,CANONICAL,live,ACTIVE,true,false,Blechhaufn,Blechhaufn,Noten,,,,In Gedanken bin i bei dir,SCORE,physical,,,,,,,7-stimmig,7,,PHYSICAL,In Gedanken bin i bei dir,In Gedanken bin i bei dir,In_Gedanken_bin_i_bei_dir,In Gedanken bin i bei dir ist eine Notenausgabe im Blechhaufn-Produktkatalog.,AUTO_DRAFT,GENERATED,Stimmigkeit/Satz: 7-stimmig,Format: PHYSICAL,Kategorie: Noten,,,B2B,22.64,10.00,24.90,EUR,ERP_NET,4.00,true,175.0,,,,,,,,,,,,,,,,,,,true,true,product_ba584883-bf76-6829-0262-ea066e1153fb,product_ba584883-bf76-6829-0262-ea066e1153fb,true,Blechhauf'n|B2B|Brass_7stimmig|BH - Wirtshausrunde,4f718e_dbeea62ce1d64a1e8303da328bdaad8a~mv2.jpg|4f718e_24833dc13d684112ba173b920eb79115~mv2.jpg|4f718e_e041123d75d94c94935139c879d55cbc~mv2.jpg|4f718e_c2dddf5c1a7246beac0138132426d01b,<p>Kärntnerlied von Hedi Preissegger</p><p>Arr.: Bernhard Holl</p>,true,XeisWorks_Print@Home,false,In Gedanken bin i bei dir,In Gedanken bin i bei dir,In Gedanken bin i bei dir,XLSX_SOT_NORMALIZED,Produktpalette(2).xlsx:XeisWorks,9,EXACT,,true,Legacy SKU(s) XW-403 auf XW-4003 normalisieren; sku_alias für Historie beibehalten.,,
XW-4003.2,XW-4003.2,XW-403.2,XW-4003,1faa1ba5-9259-5e68-88c5-98919c710a11,NOTEN|in gedanken bin i bei dir,HIGH,false,FORMAT_VARIANT|LEGACY_VARIANT,live,ACTIVE,true,false,Blechhaufn,Blechhaufn,Noten,,,,In Gedanken bin i bei dir,SCORE,digital,,,,,,,7-stimmig,7,,PRINT_AT_HOME,In Gedanken bin i bei dir,In Gedanken bin i bei dir,In_Gedanken_bin_i_bei_dir,In Gedanken bin i bei dir ist eine Notenausgabe im Blechhaufn-Produktkatalog.,AUTO_DRAFT,GENERATED,Stimmigkeit/Satz: 7-stimmig,Format: PRINT_AT_HOME,Kategorie: Noten,,,,22.64,10.00,24.90,EUR,ERP_NET,0.00,true,,,,,,,,,,,,,,,,,,,,false,true,,,,,,,true,XeisWorks_Print@Home,false,In Gedanken bin i bei dir,,In Gedanken bin i bei dir,XLSX_SOT_NORMALIZED,Produktpalette(2).xlsx:XeisWorks,9,DERIVED,,true,Legacy SKU(s) XW-403.2 auf XW-4003.2 normalisieren; sku_alias für Historie beibehalten.,,
XW-4004,XW-4004,XW-404,,07fe2674-4720-5dbe-95ac-239032b7cfa4,NOTEN|übermorgen,HIGH,true,CANONICAL,live,ACTIVE,true,false,Blechhaufn,Blechhaufn,Noten,,,,Übermorgen,SCORE,physical,,,,,,,7-stimmig,7,,PHYSICAL,Übermorgen,Übermorgen,Übermorgen,Übermorgen ist eine Notenausgabe im Blechhaufn-Produktkatalog.,AUTO_DRAFT,GENERATED,Stimmigkeit/Satz: 7-stimmig,Format: PHYSICAL,Kategorie: Noten,,,B2B,19.91,10.00,21.90,EUR,ERP_NET,0.00,true,175.0,,,,,,,,,,,,,,,,,,,true,true,product_80a6edc3-89bd-2811-a287-9fcd6f9f9c8f,product_80a6edc3-89bd-2811-a287-9fcd6f9f9c8f,true,Blechhauf'n|B2B|Brass_7stimmig|BH - VorÜbermorgen,4f718e_44c47ab17861433daad59a876ef6303a~mv2.jpg|4f718e_dceae40cb62a4ebe9f654ee6a321c4ea~mv2.jpg|4f718e_eeca9fb4139242e88f42dd6105bacc38~mv2.jpg|4f718e_528959199be44d54992e52789bd32712,<p>Komp./Arr.: Albert Wieder</p>,true,Cumulus_Physisch,false,Übermorgen,Übermorgen,Übermorgen,XLSX_SOT_NORMALIZED,Produktpalette(2).xlsx:XeisWorks,10,EXACT,,true,Legacy SKU(s) XW-404 auf XW-4004 normalisieren; sku_alias für Historie beibehalten.,,
XW-4005,XW-4005,XW-405,,ce3aa6fd-af32-5013-8cea-bc83af04876b,NOTEN|bin's a junger witwer,HIGH,true,CANONICAL,live,ACTIVE,true,false,Blechhaufn,Blechhaufn,Noten,,,,Bin's a junger Witwer,SCORE,physical,,,,,,,7-stimmig,7,,PHYSICAL,Bin's a junger Witwer,Bin's a junger Witwer,Bin's_a_junger_Witwer,Bin's a junger Witwer ist eine Notenausgabe im Blechhaufn-Produktkatalog.,AUTO_DRAFT,GENERATED,Stimmigkeit/Satz: 7-stimmig,Format: PHYSICAL,Kategorie: Noten,,,B2B,19.91,10.00,21.90,EUR,ERP_NET,3.00,true,175.0,,,,,,,,,,,,,,,,,,,true,true,product_b6107e39-0464-534f-b55e-e7df3c85b405,product_b6107e39-0464-534f-b55e-e7df3c85b405,true,Blechhauf'n|B2B|Brass_7stimmig|BH - VorÜbermorgen,4f718e_6d1aa15c31964027a6afd34703b093fd~mv2.jpg|4f718e_7855658699a447daa3407e27c0823211~mv2.jpg|4f718e_93c9c94cf8fc4cd28e216ac280bed480~mv2.jpg|4f718e_e53a5dd5382a496899911e5fe32f50b9,<p><strong>Volksweise</strong></p><p>Arr.: da Blechhauf'n</p>,true,Cumulus_Physisch,false,Bin's a junger Witwer,Bin's a junger Witwer,Bin's a junger Witwer,XLSX_SOT_NORMALIZED,Produktpalette(2).xlsx:XeisWorks,11,EXACT,,true,Legacy SKU(s) XW-405 auf XW-4005 normalisieren; sku_alias für Historie beibehalten.,,
XW-4005.2,XW-4005.2,XW-405.2,XW-4005,ce3aa6fd-af32-5013-8cea-bc83af04876b,NOTEN|bin's a junger witwer,HIGH,false,LEGACY_VARIANT,live,ACTIVE,true,false,Blechhaufn,Blechhaufn,Noten,,,,Bin's a junger Witwer,SCORE,physical,,,,,,,7-stimmig,7,,PHYSICAL,Bin's a junger Witwer,Bin's a junger Witwer,Bin's_a_junger_Witwer,Bin's a junger Witwer ist eine Notenausgabe im Blechhaufn-Produktkatalog.,AUTO_DRAFT,GENERATED,Stimmigkeit/Satz: 7-stimmig,Format: PHYSICAL,Kategorie: Noten,,,,19.91,10.00,21.90,EUR,ERP_NET,0.00,true,,,,,,,,,,,,,,,,,,,,false,true,,,,,,,true,Cumulus_Physisch,false,Bin's a junger Witwer,,Bin's a junger Witwer,XLSX_SOT_NORMALIZED,Produktpalette(2).xlsx:XeisWorks,11,DERIVED,,true,Legacy SKU(s) XW-405.2 auf XW-4005.2 normalisieren; sku_alias für Historie beibehalten.,,
XW-4006,XW-4006,XW-406,,054e6b81-2c65-5924-bdac-65cf8aa0541f,NOTEN|urlaubspolka,HIGH,true,CANONICAL,live,ACTIVE,true,false,Blechhaufn,Blechhaufn,Noten,,,,Urlaubspolka,SCORE,physical,,,,,,,7-stimmig,7,,PHYSICAL,Urlaubspolka,Urlaubspolka,Urlaubspolka,Urlaubspolka ist eine Notenausgabe im Blechhaufn-Produktkatalog.,AUTO_DRAFT,GENERATED,Stimmigkeit/Satz: 7-stimmig,Format: PHYSICAL,Kategorie: Noten,,,B2B,19.91,10.00,21.90,EUR,ERP_NET,0.00,true,175.0,,,,,,,,,,,,,,,,,,,true,true,product_c950874d-eb06-7a29-9b17-c8fa860ee641,product_c950874d-eb06-7a29-9b17-c8fa860ee641,true,Blechhauf'n|B2B|Brass_7stimmig|BH - VorÜbermorgen,4f718e_b0336cab1f154db092ed33d15f6d4bd7~mv2.jpg|4f718e_ae89858f870040ee9582f6f6e92a6c93~mv2.jpg|4f718e_b98491262f0543ef96d8bf44525d0477~mv2.jpg|4f718e_a1638bfa9c6c42728f1402fcd9aab2ce,<p><strong>Volksweise</strong></p><p>Arr.: Albert Wieder</p>,true,Cumulus_Physisch,false,Urlaubspolka,Urlaubspolka,Urlaubspolka,XLSX_SOT_NORMALIZED,Produktpalette(2).xlsx:XeisWorks,12,EXACT,,true,Legacy SKU(s) XW-406 auf XW-4006 normalisieren; sku_alias für Historie beibehalten.,,
XW-4006.2,XW-4006.2,XW-406.2,XW-4006,054e6b81-2c65-5924-bdac-65cf8aa0541f,NOTEN|urlaubspolka,HIGH,false,LEGACY_VARIANT,live,ACTIVE,true,false,Blechhaufn,Blechhaufn,Noten,,,,Urlaubspolka,SCORE,physical,,,,,,,7-stimmig,7,,PHYSICAL,Urlaubspolka,Urlaubspolka,Urlaubspolka,Urlaubspolka ist eine Notenausgabe im Blechhaufn-Produktkatalog.,AUTO_DRAFT,GENERATED,Stimmigkeit/Satz: 7-stimmig,Format: PHYSICAL,Kategorie: Noten,,,,19.91,10.00,21.90,EUR,ERP_NET,0.00,true,,,,,,,,,,,,,,,,,,,,false,true,,,,,,,true,Cumulus_Physisch,false,Urlaubspolka,,Urlaubspolka,XLSX_SOT_NORMALIZED,Produktpalette(2).xlsx:XeisWorks,12,DERIVED,,true,Legacy SKU(s) XW-406.2 auf XW-4006.2 normalisieren; sku_alias für Historie beibehalten.,,
XW-4007,XW-4007,XW-407,,6a77a1df-177f-5c35-81a7-5707c697801d,NOTEN|30er-polka,HIGH,true,CANONICAL,live,ACTIVE,true,false,Blechhaufn,Blechhaufn,Noten,,,,30er-Polka,SCORE,physical,,,,,,,7-stimmig,7,,PHYSICAL,30er-Polka,30er-Polka,30er-Polka,30er-Polka ist eine Notenausgabe im Blechhaufn-Produktkatalog.,AUTO_DRAFT,GENERATED,Stimmigkeit/Satz: 7-stimmig,Format: PHYSICAL,Kategorie: Noten,,,B2B,19.91,10.00,21.90,EUR,WIX_GROSS,,,175.0,,,,,,,,,,,,,,,,,,,true,true,product_6c12c090-b6fc-2eb5-fa87-21ec18ac1aac,product_6c12c090-b6fc-2eb5-fa87-21ec18ac1aac,true,Blechhauf'n|B2B|Brass_7stimmig|BH - VorÜbermorgen,4f718e_da2f3100029f4991adb7cb150b32af65~mv2.jpg|4f718e_a9a1080ae919452188c900614954cca7~mv2.jpg|4f718e_d99178f3f96844ba9d19488e2c51b857~mv2.jpg|4f718e_b24af376269c4789ba1624429ed86777,<p>Komp./Arr.: Albert Wieder</p>,false,,false,30er-Polka,30'er-Polka,,XLSX_SOT_NORMALIZED,Produktpalette(2).xlsx:XeisWorks,13,EXACT,,true,Legacy SKU(s) XW-407 auf XW-4007 normalisieren; sku_alias für Historie beibehalten.,,
XW-4007.2,XW-4007.2,XW-407.2,XW-4007,6a77a1df-177f-5c35-81a7-5707c697801d,NOTEN|30er-polka,HIGH,false,LEGACY_VARIANT,live,ACTIVE,true,false,Blechhaufn,Blechhaufn,Noten,,,,30er-Polka,SCORE,physical,,,,,,,7-stimmig,7,,PHYSICAL,30er-Polka,30er-Polka,30er-Polka,30er-Polka ist eine Notenausgabe im Blechhaufn-Produktkatalog.,AUTO_DRAFT,GENERATED,Stimmigkeit/Satz: 7-stimmig,Format: PHYSICAL,Kategorie: Noten,,,,19.91,10.00,21.90,EUR,ERP_NET,0.00,true,,,,,,,,,,,,,,,,,,,,false,true,,,,,,,true,Cumulus_Physisch,false,30er-Polka,,30er-Polka,XLSX_SOT_NORMALIZED,Produktpalette(2).xlsx:XeisWorks,13,DERIVED,,true,Legacy SKU(s) XW-407.2 auf XW-4007.2 normalisieren; sku_alias für Historie beibehalten.,,
XW-4008,XW-4008,XW-408,,5bd785e5-edd1-576c-91ef-fa8e25c9cca8,NOTEN|pfoarramadl,HIGH,true,CANONICAL,live,ACTIVE,true,false,Blechhaufn,Blechhaufn,Noten,,,,Pfoarramadl,SCORE,physical,,,,,,,7-stimmig,7,,PHYSICAL,Pfoarramadl,Pfoarramadl,Pfoarramadl,Pfoarramadl ist eine Notenausgabe im Blechhaufn-Produktkatalog.,AUTO_DRAFT,GENERATED,Stimmigkeit/Satz: 7-stimmig,Format: PHYSICAL,Kategorie: Noten,,,B2B,19.91,10.00,21.90,EUR,WIX_GROSS,,,175.0,,,,,,,,,,,,,,,,,,,true,true,product_e822651b-4269-973a-40a6-5c1977b279f5,product_e822651b-4269-973a-40a6-5c1977b279f5,true,Blechhauf'n|B2B|Brass_7stimmig|BH - VorÜbermorgen,4f718e_9c6e04409acb4c36ac154bcf3354d9fb~mv2.jpg|4f718e_5fdebbf1a82840c3a16d12d36ea39e05~mv2.jpg|4f718e_6bcc7327fdd041b3b007ba60863b64c1~mv2.jpg|4f718e_a518ff68b3c9432ebeb70e808fa25583,<p><strong>Volksweise</strong></p><p>Arr.: da Blechhauf'n</p>,false,,false,Pfoarramadl,Pfoarramadl,,XLSX_SOT_NORMALIZED,Produktpalette(2).xlsx:XeisWorks,14,EXACT,,true,Legacy SKU(s) XW-408 auf XW-4008 normalisieren; sku_alias für Historie beibehalten.,,
XW-4008.2,XW-4008.2,XW-408.2,XW-4008,5bd785e5-edd1-576c-91ef-fa8e25c9cca8,NOTEN|pfoarramadl,HIGH,false,LEGACY_VARIANT,live,ACTIVE,true,false,Blechhaufn,Blechhaufn,Noten,,,,Pfoarramadl,SCORE,physical,,,,,,,7-stimmig,7,,PHYSICAL,Pfoarramadl,Pfoarramadl,Pfoarramadl,Pfoarramadl ist eine Notenausgabe im Blechhaufn-Produktkatalog.,AUTO_DRAFT,GENERATED,Stimmigkeit/Satz: 7-stimmig,Format: PHYSICAL,Kategorie: Noten,,,,19.91,10.00,21.90,EUR,ERP_NET,0.00,true,,,,,,,,,,,,,,,,,,,,false,true,,,,,,,true,Cumulus_Physisch,false,Pfoarramadl,,Pfoarramadl,XLSX_SOT_NORMALIZED,Produktpalette(2).xlsx:XeisWorks,14,DERIVED,,true,Legacy SKU(s) XW-408.2 auf XW-4008.2 normalisieren; sku_alias für Historie beibehalten.,,
XW-4009,XW-4009,XW-409,,c7ec88be-d0d9-5b0d-aa55-c9b27810eb8a,NOTEN|am kamin,HIGH,true,CANONICAL,live,ACTIVE,true,false,Blechhaufn,Blechhaufn,Noten,,,,Am Kamin,SCORE,physical,,,,,,,7-stimmig,7,,PHYSICAL,Am Kamin,Am Kamin,Am_Kamin,Am Kamin ist eine Notenausgabe im Blechhaufn-Produktkatalog.,AUTO_DRAFT,GENERATED,Stimmigkeit/Satz: 7-stimmig,Format: PHYSICAL,Kategorie: Noten,,,B2B,19.91,10.00,21.90,EUR,ERP_NET,1.00,true,175.0,,,,,,,,,,,,,,,,,,,true,true,product_bcd337b9-ff72-349a-c5bf-5ae6a828813a,product_bcd337b9-ff72-349a-c5bf-5ae6a828813a,true,Blechhauf'n|B2B|Brass_7stimmig|BH - Tierzuliebe,4f718e_1e167cfd52e64158bb4127b43cf788b3~mv2.jpg|4f718e_0b7030ca3f3142b59b0facd23ed8d9db~mv2.jpg|4f718e_a02f649c734e4e29aea1badf9da123ee~mv2.jpg|4f718e_2fdd6f765ebb48ab982d30d494784bbc,<p>Komp./Arr.: Albert Wieder</p>,true,Cumulus_Physisch,false,Am Kamin,Am Kamin,Am Kamin,XLSX_SOT_NORMALIZED,Produktpalette(2).xlsx:XeisWorks,15,EXACT,,true,Legacy SKU(s) XW-409 auf XW-4009 normalisieren; sku_alias für Historie beibehalten.,,
XW-4009.1,XW-4009.1,XW-409.1,XW-4009,c7ec88be-d0d9-5b0d-aa55-c9b27810eb8a,NOTEN|am kamin,HIGH,false,LEGACY_VARIANT,live,ACTIVE,true,false,Blechhaufn,Blechhaufn,Noten,,,,Am Kamin,SCORE,physical,,,,,,,7-stimmig,7,,PHYSICAL,Am Kamin,Am Kamin,Am_Kamin,Am Kamin ist eine Notenausgabe im Blechhaufn-Produktkatalog.,AUTO_DRAFT,GENERATED,Stimmigkeit/Satz: 7-stimmig,Format: PHYSICAL,Kategorie: Noten,,,,19.91,10.00,21.90,EUR,ERP_NET,0.00,true,,,,,,,,,,,,,,,,,,,,false,true,,,,,,,true,Cumulus_Physisch,false,Am Kamin,,Am Kamin,XLSX_SOT_NORMALIZED,Produktpalette(2).xlsx:XeisWorks,15,DERIVED,,true,Legacy SKU(s) XW-409.1 auf XW-4009.1 normalisieren; sku_alias für Historie beibehalten.,,
XW-4009.2,XW-4009.2,XW-409.2,XW-4009,c7ec88be-d0d9-5b0d-aa55-c9b27810eb8a,NOTEN|am kamin,HIGH,false,LEGACY_VARIANT,live,ACTIVE,true,false,Blechhaufn,Blechhaufn,Noten,,,,Am Kamin,SCORE,physical,,,,,,,7-stimmig,7,,PHYSICAL,Am Kamin,Am Kamin,Am_Kamin,Am Kamin ist eine Notenausgabe im Blechhaufn-Produktkatalog.,AUTO_DRAFT,GENERATED,Stimmigkeit/Satz: 7-stimmig,Format: PHYSICAL,Kategorie: Noten,,,,19.91,10.00,21.90,EUR,ERP_NET,0.00,true,,,,,,,,,,,,,,,,,,,,false,true,,,,,,,true,Cumulus_Physisch,false,Am Kamin,,Am Kamin,XLSX_SOT_NORMALIZED,Produktpalette(2).xlsx:XeisWorks,15,DERIVED,,true,Legacy SKU(s) XW-409.2 auf XW-4009.2 normalisieren; sku_alias für Historie beibehalten.,,
XW-4010,XW-4010,XW-410,,5f607627-029b-5be8-83aa-40f1d9253809,NOTEN|anna polka,HIGH,true,CANONICAL,live,ACTIVE,true,false,Blechhaufn,Blechhaufn,Noten,,,,Anna Polka,SCORE,physical,,,,,,,7-stimmig,7,,PHYSICAL,Anna Polka,Anna Polka,Anna_Polka,Anna Polka ist eine Notenausgabe im Blechhaufn-Produktkatalog.,AUTO_DRAFT,GENERATED,Stimmigkeit/Satz: 7-stimmig,Format: PHYSICAL,Kategorie: Noten,,,B2B,19.91,10.00,21.90,EUR,ERP_NET,0.00,true,175.0,,,,,,,,,,,,,,,,,,,true,true,product_349e7c40-acce-982c-2667-2c504c0707c1,product_349e7c40-acce-982c-2667-2c504c0707c1,true,Blechhauf'n|B2B|Brass_7stimmig|BH - VorÜbermorgen,4f718e_812814d51beb4280a3856bd22a5e1a2a~mv2.jpg|4f718e_805e95e0a3ac4399bd1768717ee4a54b~mv2.jpg|4f718e_f5bf96fd68d0454080e6fc63a101b10f~mv2.jpg|4f718e_3f8277614e1846baa4683689a2e575a4,<p>Volksweise</p><p>Arr.: da Blechhauf'n</p>,true,Cumulus_Physisch,false,Anna Polka,Anna Polka,Anna-Polka,XLSX_SOT_NORMALIZED,Produktpalette(2).xlsx:XeisWorks,16,EXACT,,true,Legacy SKU(s) XW-410 auf XW-4010 normalisieren; sku_alias für Historie beibehalten.,,
XW-4010.2,XW-4010.2,XW-410.2,XW-4010,5f607627-029b-5be8-83aa-40f1d9253809,NOTEN|anna polka,HIGH,false,LEGACY_VARIANT,live,ACTIVE,true,false,Blechhaufn,Blechhaufn,Noten,,,,Anna-Polka,SCORE,physical,,,,,,,7-stimmig,7,,PHYSICAL,Anna Polka,Anna Polka,Anna_Polka,Anna Polka ist eine Notenausgabe im Blechhaufn-Produktkatalog.,AUTO_DRAFT,GENERATED,Stimmigkeit/Satz: 7-stimmig,Format: PHYSICAL,Kategorie: Noten,,,,19.91,10.00,21.90,EUR,ERP_NET,0.00,true,,,,,,,,,,,,,,,,,,,,false,true,,,,,,,true,Cumulus_Physisch,false,Anna Polka,,Anna-Polka,XLSX_SOT_NORMALIZED,Produktpalette(2).xlsx:XeisWorks,16,DERIVED,,true,Legacy SKU(s) XW-410.2 auf XW-4010.2 normalisieren; sku_alias für Historie beibehalten.,,
XW-4011,XW-4011,XW-411,,d81ebb01-be9c-5ea5-bc95-f7c23c148fef,NOTEN|april polka,HIGH,true,CANONICAL,live,ACTIVE,true,false,Blechhaufn,Blechhaufn,Noten,,,,April Polka,SCORE,physical,,,,,,,7-stimmig,7,,PHYSICAL,April Polka,April Polka,April_Polka,April Polka ist eine Notenausgabe im Blechhaufn-Produktkatalog.,AUTO_DRAFT,GENERATED,Stimmigkeit/Satz: 7-stimmig,Format: PHYSICAL,Kategorie: Noten,,,B2B,22.64,10.00,24.90,EUR,ERP_NET,3.00,true,175.0,,,,,,,,,,,,,,,,,,,true,true,product_f46d1e2b-a3d6-cbe2-ce34-2a4a1422cb73,product_f46d1e2b-a3d6-cbe2-ce34-2a4a1422cb73,true,Blechhauf'n|Brass_7stimmig|BH - Entertainment|B2B,4f718e_7e9881d89365451d9c287d73cdefee97~mv2.jpg|4f718e_211b27b922cd4a42af38cffb01fae031~mv2.jpg|4f718e_c11815b680694ee18a622934002994aa~mv2.jpg|4f718e_ea87e798e294428ba07be8c49ed11ef0,<p>Komp.: Josef Konecny</p><p>Arr.: da Blechhauf'n</p>,true,Cumulus_Physisch,false,April Polka,April Polka,April Polka,XLSX_SOT_NORMALIZED,Produktpalette(2).xlsx:XeisWorks,17,EXACT,,true,Legacy SKU(s) XW-411 auf XW-4011 normalisieren; sku_alias für Historie beibehalten.,,
XW-4011.2,XW-4011.2,XW-411.2,XW-4011,d81ebb01-be9c-5ea5-bc95-f7c23c148fef,NOTEN|april polka,HIGH,false,LEGACY_VARIANT,live,ACTIVE,true,false,Blechhaufn,Blechhaufn,Noten,,,,April Polka,SCORE,physical,,,,,,,7-stimmig,7,,PHYSICAL,April Polka,April Polka,April_Polka,April Polka ist eine Notenausgabe im Blechhaufn-Produktkatalog.,AUTO_DRAFT,GENERATED,Stimmigkeit/Satz: 7-stimmig,Format: PHYSICAL,Kategorie: Noten,,,,22.64,10.00,24.90,EUR,ERP_NET,0.00,true,,,,,,,,,,,,,,,,,,,,false,true,,,,,,,true,Cumulus_Physisch,false,April Polka,,April Polka,XLSX_SOT_NORMALIZED,Produktpalette(2).xlsx:XeisWorks,17,DERIVED,,true,Legacy SKU(s) XW-411.2 auf XW-4011.2 normalisieren; sku_alias für Historie beibehalten.,,
XW-4012,XW-4012,XW-412,,95034dbc-4e14-52a7-b8c2-296bf51aca23,NOTEN|auf da hulzgstett'n,HIGH,true,CANONICAL,live,ACTIVE,true,false,Blechhaufn,Blechhaufn,Noten,,,,Auf da Hulzgstett'n,SCORE,physical,,,,,,,7-stimmig,7,,PHYSICAL,Auf da Hulzgstett'n,Auf da Hulzgstett'n,Auf_da_Hulzgstett'n,Auf da Hulzgstett'n ist eine Notenausgabe im Blechhaufn-Produktkatalog.,AUTO_DRAFT,GENERATED,Stimmigkeit/Satz: 7-stimmig,Format: PHYSICAL,Kategorie: Noten,,,B2B,19.91,10.00,21.90,EUR,ERP_NET,0.00,true,175.0,,,,,,,,,,,,,,,,,,,true,true,product_63586884-8eee-1ff2-d5f8-637bbfb1b2c0,product_63586884-8eee-1ff2-d5f8-637bbfb1b2c0,true,Blechhauf'n|B2B|Brass_7stimmig|BH - VorÜbermorgen,4f718e_e13f2d09e9a74f4d8ccf20149e2fa09a~mv2.jpg|4f718e_7818552a7ea4488fa8037d97ccc2d071~mv2.jpg|4f718e_6e3552d6e4974d0791de883173011e42~mv2.jpg|4f718e_6670e0d0afae4345bd036f3d06d938d1,<p>Volksweise</p><p>Arr.: da Blechhauf'n</p>,true,Cumulus_Physisch,false,Auf da Hulzgstett'n,Auf da Hulzg'stettn,Auf da Hulzgstett'n,XLSX_SOT_NORMALIZED,Produktpalette(2).xlsx:XeisWorks,18,EXACT,,true,Legacy SKU(s) XW-412 auf XW-4012 normalisieren; sku_alias für Historie beibehalten.,,
XW-4012.1,XW-4012.1,XW-412.1,XW-4012,95034dbc-4e14-52a7-b8c2-296bf51aca23,NOTEN|auf da hulzgstett'n,HIGH,false,FORMAT_VARIANT|LEGACY_VARIANT,live,ACTIVE,true,false,Blechhaufn,Blechhaufn,Noten,,,,Auf da Hulzgs'tettn,SCORE,digital,,,,,,,7-stimmig,7,,DIGITAL,Auf da Hulzgstett'n,Auf da Hulzgstett'n,Auf_da_Hulzgstett'n,Auf da Hulzgstett'n ist eine Notenausgabe im Blechhaufn-Produktkatalog.,AUTO_DRAFT,GENERATED,Stimmigkeit/Satz: 7-stimmig,Format: DIGITAL,Kategorie: Noten,,,,18.09,10.00,19.90,EUR,ERP_NET,0.00,true,,,,,,,,,,,,,,,,,,,,false,true,,,,,,,true,Cumulus_Digital,false,Auf da Hulzgstett'n,,Auf da Hulzgs'tettn,XLSX_SOT_NORMALIZED,Produktpalette(2).xlsx:XeisWorks,18,DERIVED,,true,Legacy SKU(s) XW-412.1 auf XW-4012.1 normalisieren; sku_alias für Historie beibehalten.,,
XW-4013,XW-4013,XW-413,,2f1380a2-251a-5560-be2a-13abe1387971,NOTEN|bagatelle,HIGH,true,CANONICAL,live,ACTIVE,true,false,Blechhaufn,Blechhaufn,Noten,,,,Bagatelle,SCORE,physical,,,,,,,7-stimmig,7,,PHYSICAL,Bagatelle,Bagatelle,Bagatelle,Bagatelle ist eine Notenausgabe im Blechhaufn-Produktkatalog.,AUTO_DRAFT,GENERATED,Stimmigkeit/Satz: 7-stimmig,Format: PHYSICAL,Kategorie: Noten,,,B2B,22.64,10.00,24.90,EUR,WIX_GROSS,,,175.0,,,,,,,,,,,,,,,,,,,true,true,product_167aafde-fbd5-7234-de85-1e290b124f69,product_167aafde-fbd5-7234-de85-1e290b124f69,true,Blechhauf'n|B2B|Brass_7stimmig|BH - Entertainment,4f718e_99de7687a42b443b94e4f4908a661110~mv2.jpg|4f718e_743972bbde9d404d8d184ff413df4d40~mv2.jpg|4f718e_437a394bdde14427a339c70834b49c91~mv2.jpg|4f718e_e6cf2955ae1642d38500f467554fb02c,<p>Komp.: Ludwig v. Beethoven</p><p>Arr.: Christian Wieder</p>,false,,false,Bagatelle,Bagatelle,,XLSX_SOT_NORMALIZED,Produktpalette(2).xlsx:XeisWorks,19,EXACT,,true,Legacy SKU(s) XW-413 auf XW-4013 normalisieren; sku_alias für Historie beibehalten.,,
XW-4013.2,XW-4013.2,XW-413.2,XW-4013,2f1380a2-251a-5560-be2a-13abe1387971,NOTEN|bagatelle,HIGH,false,LEGACY_VARIANT,live,ACTIVE,true,false,Blechhaufn,Blechhaufn,Noten,,,,Bagatelle,SCORE,physical,,,,,,,7-stimmig,7,,PHYSICAL,Bagatelle,Bagatelle,Bagatelle,Bagatelle ist eine Notenausgabe im Blechhaufn-Produktkatalog.,AUTO_DRAFT,GENERATED,Stimmigkeit/Satz: 7-stimmig,Format: PHYSICAL,Kategorie: Noten,,,,22.64,10.00,24.90,EUR,ERP_NET,0.00,true,,,,,,,,,,,,,,,,,,,,false,true,,,,,,,true,Cumulus_Physisch,false,Bagatelle,,Bagatelle,XLSX_SOT_NORMALIZED,Produktpalette(2).xlsx:XeisWorks,19,DERIVED,,true,Legacy SKU(s) XW-413.2 auf XW-4013.2 normalisieren; sku_alias für Historie beibehalten.,,
XW-4014,XW-4014,XW-414,,dbdc02ba-047c-5f86-944e-01b47278f47e,NOTEN|banjo boy,HIGH,true,CANONICAL,live,ACTIVE,true,false,Blechhaufn,Blechhaufn,Noten,,,,Banjo Boy,SCORE,physical,,,,,,,7-stimmig,7,,PHYSICAL,Banjo Boy,Banjo Boy,Banjo_Boy,Banjo Boy ist eine Notenausgabe im Blechhaufn-Produktkatalog.,AUTO_DRAFT,GENERATED,Stimmigkeit/Satz: 7-stimmig,Format: PHYSICAL,Kategorie: Noten,,,B2B,22.64,10.00,24.90,EUR,ERP_NET,1.00,true,175.0,,,,,,,,,,,,,,,,,,,true,true,product_c3af9df3-3d0c-3d5d-a53c-a7ddeb735a5a,product_c3af9df3-3d0c-3d5d-a53c-a7ddeb735a5a,true,Blechhauf'n|B2B|Brass_7stimmig|BH - BetörendRöhrend,4f718e_d4be7bfa1491470c874cc1827f78b199~mv2.jpg|4f718e_af4e39d0deb2440a881174a6ed1ac655~mv2.jpg|4f718e_8985f53625d148fcaee3de49b9c6bb1e~mv2.jpg|4f718e_82c87aebe40e45eba109f24400ff85cd,<p>Komp./Arr.: Albert Wieder</p>,true,Cumulus_Physisch,false,Banjo Boy,Banjo Boy,Banjo Boy,XLSX_SOT_NORMALIZED,Produktpalette(2).xlsx:XeisWorks,20,EXACT,,true,Legacy SKU(s) XW-414 auf XW-4014 normalisieren; sku_alias für Historie beibehalten.,,
XW-4015,XW-4015,XW-415,,d717b559-93ab-53f8-9810-05d7bd5b0d53,NOTEN|bh polka,HIGH,true,CANONICAL,live,ACTIVE,true,false,Blechhaufn,Blechhaufn,Noten,,,,BH Polka,SCORE,physical,,,,,,,7-stimmig,7,,PHYSICAL,BH Polka,BH Polka,BH_Polka,BH Polka ist eine Notenausgabe im Blechhaufn-Produktkatalog.,AUTO_DRAFT,GENERATED,Stimmigkeit/Satz: 7-stimmig,Format: PHYSICAL,Kategorie: Noten,,,B2B,22.64,10.00,24.90,EUR,ERP_NET,1.00,true,175.0,,,,,,,,,,,,,,,,,,,true,true,product_322424c2-e34f-92a2-1008-cde06dd0d319,product_322424c2-e34f-92a2-1008-cde06dd0d319,true,Blechhauf'n|Brass_7stimmig|BH - BH|B2B,4f718e_a979ab07e2244742b7512d2469688eb6~mv2.jpg|4f718e_70f6171698f74a1b8a87927191b30521~mv2.jpg|4f718e_b02c353ab9b9481d90c84272aa7e28eb~mv2.jpg|4f718e_65c442cff68c47b98a9c48e6c43087a2,<p>Komp./Arr.: Christian Wieder</p>,true,Cumulus_Physisch,false,BH Polka,BH Polka,BH Polka,XLSX_SOT_NORMALIZED,Produktpalette(2).xlsx:XeisWorks,21,EXACT,,true,Legacy SKU(s) XW-415 auf XW-4015 normalisieren; sku_alias für Historie beibehalten.,,
XW-4016,XW-4016,XW-416,,68c4f8ef-0e50-565b-aedb-aa09ca3a2446,NOTEN|blondinen walzer,HIGH,true,CANONICAL,live,ACTIVE,true,false,Blechhaufn,Blechhaufn,Noten,,,,Blondinen Walzer,SCORE,physical,,,,,,,7-stimmig,7,,PHYSICAL,Blondinen Walzer,Blondinen Walzer,Blondinen_Walzer,Blondinen Walzer ist eine Notenausgabe im Blechhaufn-Produktkatalog.,AUTO_DRAFT,GENERATED,Stimmigkeit/Satz: 7-stimmig,Format: PHYSICAL,Kategorie: Noten,,,B2B,22.64,10.00,24.90,EUR,ERP_NET,0.00,true,175.0,,,,,,,,,,,,,,,,,,,true,true,product_61bd637e-bdf5-230e-a9df-3aa052d7489d,product_61bd637e-bdf5-230e-a9df-3aa052d7489d,true,Blechhauf'n|Brass_7stimmig|BH - Entertainment|B2B,4f718e_02715fa434b94fae993f9f081824dddb~mv2.jpg|4f718e_7117c7a3b27d4f129b0b541f90934e3f~mv2.jpg|4f718e_f946726b08d54032aea95c2470078ef4~mv2.jpg|4f718e_b17e8e0326a04d348522e3e389e8b9e4,<p>Komp.: Herbert Pixner</p><p>Arr.: Albert Wieder</p>,true,Cumulus_Physisch,false,Blondinen Walzer,Blondinen Walzer,Blondinen Walzer,XLSX_SOT_NORMALIZED,Produktpalette(2).xlsx:XeisWorks,22,EXACT,,true,Legacy SKU(s) XW-416 auf XW-4016 normalisieren; sku_alias für Historie beibehalten.,,
XW-4016.2,XW-4016.2,XW-416.2,XW-4016,68c4f8ef-0e50-565b-aedb-aa09ca3a2446,NOTEN|blondinen walzer,HIGH,false,LEGACY_VARIANT,live,ACTIVE,true,false,Blechhaufn,Blechhaufn,Noten,,,,Blondinen Walzer,SCORE,physical,,,,,,,7-stimmig,7,,PHYSICAL,Blondinen Walzer,Blondinen Walzer,Blondinen_Walzer,Blondinen Walzer ist eine Notenausgabe im Blechhaufn-Produktkatalog.,AUTO_DRAFT,GENERATED,Stimmigkeit/Satz: 7-stimmig,Format: PHYSICAL,Kategorie: Noten,,,,22.64,10.00,24.90,EUR,ERP_NET,0.00,true,,,,,,,,,,,,,,,,,,,,false,true,,,,,,,true,Cumulus_Physisch,false,Blondinen Walzer,,Blondinen Walzer,XLSX_SOT_NORMALIZED,Produktpalette(2).xlsx:XeisWorks,22,DERIVED,,true,Legacy SKU(s) XW-416.2 auf XW-4016.2 normalisieren; sku_alias für Historie beibehalten.,,
XW-4017,XW-4017,XW-417,,b94b3e49-34c6-527f-ad7a-0527a29d2019,NOTEN|breznicka polka,HIGH,true,CANONICAL,live,ACTIVE,true,false,Blechhaufn,Blechhaufn,Noten,,,,Breznicka Polka,SCORE,physical,,,,,,,7-stimmig,7,,PHYSICAL,Breznicka Polka,Breznicka Polka,Breznicka_Polka,Breznicka Polka ist eine Notenausgabe im Blechhaufn-Produktkatalog.,AUTO_DRAFT,GENERATED,Stimmigkeit/Satz: 7-stimmig,Format: PHYSICAL,Kategorie: Noten,,,B2B,22.64,10.00,24.90,EUR,ERP_NET,0.00,true,175.0,,,,,,,,,,,,,,,,,,,true,true,product_bcd92a4c-b20c-0f2a-adc3-00820ba1ba13,product_bcd92a4c-b20c-0f2a-adc3-00820ba1ba13,true,Blechhauf'n|Brass_7stimmig|BH - BetörendRöhrend|B2B,4f718e_847f9cfaf5184011b579c3cd4dd8bc41~mv2.jpg|4f718e_1b6042ba84254d1a88a9f5be6868fe71~mv2.jpg|4f718e_f7e9d0a26da949c8bbaa99abdbe78a67~mv2.jpg|4f718e_6e20a607a33649c09719e64e87f66f0a,<p>Komp.: Karel Valdauf</p><p>Arr.: Albert Wieder</p>,true,Cumulus_Physisch,false,Breznicka Polka,Breznicka Polka,Breznicka Polka,XLSX_SOT_NORMALIZED,Produktpalette(2).xlsx:XeisWorks,23,EXACT,,true,Legacy SKU(s) XW-417 auf XW-4017 normalisieren; sku_alias für Historie beibehalten.,,
XW-4018,XW-4018,XW-418,,e317dd04-f2ba-58ef-a046-e98124c187e3,NOTEN|das glühwürmchen,HIGH,true,CANONICAL,live,ACTIVE,true,false,Blechhaufn,Blechhaufn,Noten,,,,Das Glühwürmchen,SCORE,physical,,,,,,,7-stimmig,7,,PHYSICAL,Das Glühwürmchen,Das Glühwürmchen,Das_Glühwürmchen,Das Glühwürmchen ist eine Notenausgabe im Blechhaufn-Produktkatalog.,AUTO_DRAFT,GENERATED,Stimmigkeit/Satz: 7-stimmig,Format: PHYSICAL,Kategorie: Noten,,,B2B,18.09,10.00,19.90,EUR,ERP_NET,0.00,true,175.0,,,,,,,,,,,,,,,,,,,true,true,product_64f8e2f3-63db-7e16-478a-17489eb3142b,product_64f8e2f3-63db-7e16-478a-17489eb3142b,true,Blechhauf'n|B2B|Brass_7stimmig|BH - Tierzuliebe,4f718e_51d7a035c138429886104e695017081a~mv2.jpg|4f718e_7ec0e8c4eac34befb70f7e265a6e4a16~mv2.jpg|4f718e_0e88541ec12847d79e65a817f936998f~mv2.jpg|4f718e_bd5003cf72a14eb5bc72c04ce55665ac,<p>Komp./Arr.: Albert Wieder</p>,true,Cumulus_Digital,false,Das Glühwürmchen,Das Glühwürmchen,Das Glühwürmchen,XLSX_SOT_NORMALIZED,Produktpalette(2).xlsx:XeisWorks,24,EXACT,,true,Legacy SKU(s) XW-418 auf XW-4018 normalisieren; sku_alias für Historie beibehalten.,,
XW-4018.2,XW-4018.2,XW-418.2,XW-4018,e317dd04-f2ba-58ef-a046-e98124c187e3,NOTEN|das glühwürmchen,HIGH,false,LEGACY_VARIANT,live,ACTIVE,true,false,Blechhaufn,Blechhaufn,Noten,,,,Das Glühwürmchen,SCORE,physical,,,,,,,7-stimmig,7,,PHYSICAL,Das Glühwürmchen,Das Glühwürmchen,Das_Glühwürmchen,Das Glühwürmchen ist eine Notenausgabe im Blechhaufn-Produktkatalog.,AUTO_DRAFT,GENERATED,Stimmigkeit/Satz: 7-stimmig,Format: PHYSICAL,Kategorie: Noten,,,,19.91,10.00,21.90,EUR,ERP_NET,0.00,true,,,,,,,,,,,,,,,,,,,,false,true,,,,,,,true,Cumulus_Physisch,false,Das Glühwürmchen,,Das Glühwürmchen,XLSX_SOT_NORMALIZED,Produktpalette(2).xlsx:XeisWorks,24,DERIVED,,true,Legacy SKU(s) XW-418.2 auf XW-4018.2 normalisieren; sku_alias für Historie beibehalten.,,
XW-4019,XW-4019,XW-419,,90862608-9b32-5ebb-8751-04e8db56a713,NOTEN|das oppossum,HIGH,true,CANONICAL,live,ACTIVE,true,false,Blechhaufn,Blechhaufn,Noten,,,,Das Oppossum,SCORE,physical,,,,,,,7-stimmig,7,,PHYSICAL,Das Oppossum,Das Oppossum,Das_Oppossum,Das Oppossum ist eine Notenausgabe im Blechhaufn-Produktkatalog.,AUTO_DRAFT,GENERATED,Stimmigkeit/Satz: 7-stimmig,Format: PHYSICAL,Kategorie: Noten,,,B2B,18.09,10.00,19.90,EUR,ERP_NET,0.00,true,175.0,,,,,,,,,,,,,,,,,,,true,true,product_3e1a9c72-0640-7fcf-9d12-072115aec824,product_3e1a9c72-0640-7fcf-9d12-072115aec824,true,Blechhauf'n|B2B|Brass_7stimmig|BH - Tierzuliebe,4f718e_e87a03c90fa945a9bd382593cec75a9e~mv2.jpg|4f718e_bcbeb975a91f44c192dbb46f9ca2ba5a~mv2.jpg|4f718e_230cd888201b4e7ea2a731dadb454813~mv2.jpg|4f718e_6f77bbd277114ecca2de2ffb45e96495,<p>Komp./Arr.: Albert Wieder</p>,true,Cumulus_Digital,false,Das Oppossum,Das Oppossum,Das Oppossum,XLSX_SOT_NORMALIZED,Produktpalette(2).xlsx:XeisWorks,25,EXACT,,true,Legacy SKU(s) XW-419 auf XW-4019 normalisieren; sku_alias für Historie beibehalten.,,
XW-4020,XW-4020,XW-420,,bc830705-b7a9-57a8-8a53-e6bc407b2753,NOTEN|der feuersalamander,HIGH,true,CANONICAL,live,ACTIVE,true,false,Blechhaufn,Blechhaufn,Noten,,,,Der Feuersalamander,SCORE,physical,,,,,,,7-stimmig,7,,PHYSICAL,Der Feuersalamander,Der Feuersalamander,Der_Feuersalamander,Der Feuersalamander ist eine Notenausgabe im Blechhaufn-Produktkatalog.,AUTO_DRAFT,GENERATED,Stimmigkeit/Satz: 7-stimmig,Format: PHYSICAL,Kategorie: Noten,,,B2B,19.91,10.00,21.90,EUR,WIX_GROSS,,,175.0,,,,,,,,,,,,,,,,,,,true,true,product_7ca49c2d-92b9-ab6a-8349-195ef90ade4e,product_7ca49c2d-92b9-ab6a-8349-195ef90ade4e,true,Blechhauf'n|B2B|Brass_7stimmig|BH - Tierzuliebe,4f718e_78c59d4c630d411d8898706f6c9a487d~mv2.jpg|4f718e_deb11d19cfb54630ac8729ba09225529~mv2.jpg|4f718e_60769957e03747d6be073e09e0b9956c~mv2.jpg|4f718e_4104cdd71c69487dbbc1860ef6430ba0,<p>Komp./Arr.: Albert Wieder</p>,false,,false,Der Feuersalamander,Der Feuersalamander,,XLSX_SOT_NORMALIZED,Produktpalette(2).xlsx:XeisWorks,26,EXACT,,true,Legacy SKU(s) XW-420 auf XW-4020 normalisieren; sku_alias für Historie beibehalten.,,
XW-4021,XW-4021,XW-421,,74d33164-5bea-581a-8b98-e93753c1ae8b,NOTEN|der schließer,HIGH,true,CANONICAL,live,ACTIVE,true,false,Blechhaufn,Blechhaufn,Noten,,,,Der Schließer,SCORE,physical,,,,,,,7-stimmig,7,,PHYSICAL,Der Schließer,Der Schließer,Der_Schließer,Der Schließer ist eine Notenausgabe im Blechhaufn-Produktkatalog.,AUTO_DRAFT,GENERATED,Stimmigkeit/Satz: 7-stimmig,Format: PHYSICAL,Kategorie: Noten,,,B2B,22.64,10.00,24.90,EUR,ERP_NET,0.00,true,175.0,,,,,,,,,,,,,,,,,,,true,true,product_c42b8090-fe81-457f-3be9-1897774e56b2,product_c42b8090-fe81-457f-3be9-1897774e56b2,true,Blechhauf'n|Brass_7stimmig|BH - Entertainment|B2B,4f718e_91d8b1814ecd465e9257e24a6363fc26~mv2.jpg|4f718e_6822b4848206441392f22635e8ba5846~mv2.jpg|4f718e_b1988b6a96a0489e9217ba30ed38cbf4~mv2.jpg|4f718e_6191f9aa4d3549f2b77113f0d7c08aec,<p>Komp./Arr.: Albert Wieder</p>,true,Cumulus_Physisch,false,Der Schließer,Der Schließer,Der Schließer,XLSX_SOT_NORMALIZED,Produktpalette(2).xlsx:XeisWorks,27,EXACT,,true,Legacy SKU(s) XW-421 auf XW-4021 normalisieren; sku_alias für Historie beibehalten.,,
XW-4022,XW-4022,XW-422,,a1d1f4f5-4dae-5353-8ae6-8d28089d85e1,NOTEN|der schmetterling,HIGH,true,CANONICAL,live,ACTIVE,true,false,Blechhaufn,Blechhaufn,Noten,,,,Der Schmetterling,SCORE,physical,,,,,,,7-stimmig,7,,PHYSICAL,Der Schmetterling,Der Schmetterling,Der_Schmetterling,Der Schmetterling ist eine Notenausgabe im Blechhaufn-Produktkatalog.,AUTO_DRAFT,GENERATED,Stimmigkeit/Satz: 7-stimmig,Format: PHYSICAL,Kategorie: Noten,,,B2B,19.91,10.00,21.90,EUR,ERP_NET,0.00,true,175.0,,,,,,,,,,,,,,,,,,,true,true,product_a75b4027-842d-8a17-f3cf-2b8a81b9ca75,product_a75b4027-842d-8a17-f3cf-2b8a81b9ca75,true,Blechhauf'n|Brass_7stimmig|BH - Tierzuliebe|B2B,4f718e_900e3c8f035a4c4abbb1c6830ef732f2~mv2.jpg|4f718e_d3a1623d12414e3fa825872e12a72460~mv2.jpg|4f718e_468b42d158ab456ea8c7ad7821aa4fb7~mv2.jpg|4f718e_f9f148c65dd44ee4bc752b365582db0d,<p>Komp./Arr.: Albert Wieder</p>,true,Cumulus_Physisch,false,Der Schmetterling,Der Schmetterling,Der Schmetterling,XLSX_SOT_NORMALIZED,Produktpalette(2).xlsx:XeisWorks,28,EXACT,,true,Legacy SKU(s) XW-422 auf XW-4022 normalisieren; sku_alias für Historie beibehalten.,,
XW-4023,XW-4023,XW-423,,ec414671-bad3-558c-ab70-03713ce4b692,NOTEN|die akute,HIGH,true,CANONICAL,live,ACTIVE,true,false,Blechhaufn,Blechhaufn,Noten,,,,Die Akute,SCORE,physical,,,,,,,7-stimmig,7,,PHYSICAL,Die Akute,Die Akute,Die_Akute,Die Akute ist eine Notenausgabe im Blechhaufn-Produktkatalog.,AUTO_DRAFT,GENERATED,Stimmigkeit/Satz: 7-stimmig,Format: PHYSICAL,Kategorie: Noten,,,B2B,22.64,10.00,24.90,EUR,WIX_GROSS,,,175.0,,,,,,,,,,,,,,,,,,,true,true,product_3c768fdf-3947-4bed-3dbf-934c8e196d05,product_3c768fdf-3947-4bed-3dbf-934c8e196d05,true,Blechhauf'n|Brass_7stimmig|BH - BetörendRöhrend|B2B,4f718e_c5c874ce02694b35b200857cbf5562e4~mv2.jpg|4f718e_0d5689b572cb49428b6c50ca0351e4bf~mv2.jpg|4f718e_7e84da1c84434e24a03e71a240f943cd~mv2.jpg|4f718e_a6b9412f113443f5b39314e657131b8d,<p>Komp./Arr.: Roman Weninger</p>,false,,false,Die Akute,Die Akute,,XLSX_SOT_NORMALIZED,Produktpalette(2).xlsx:XeisWorks,29,EXACT,,true,Legacy SKU(s) XW-423 auf XW-4023 normalisieren; sku_alias für Historie beibehalten.,,
XW-4024,XW-4024,XW-424,,f38b1a15-553a-53d5-a589-89713379d0ad,NOTEN|erinnerungen an brennberg,HIGH,true,CANONICAL,live,ACTIVE,true,false,Blechhaufn,Blechhaufn,Noten,,,,Erinnerungen an Brennberg,SCORE,physical,,,,,,,7-stimmig,7,,PHYSICAL,Erinnerungen an Brennberg,Erinnerungen an Brennberg,Erinnerungen_an_Brennberg,Erinnerungen an Brennberg ist eine Notenausgabe im Blechhaufn-Produktkatalog.,AUTO_DRAFT,GENERATED,Stimmigkeit/Satz: 7-stimmig,Format: PHYSICAL,Kategorie: Noten,,,,18.09,10.00,19.90,EUR,ERP_NET,0.00,true,,,,,,,,,,,,,,,,,,,,false,true,,,,,,,true,Cumulus_Digital,false,Erinnerungen an Brennberg,,Erinnerungen an Brennberg,XLSX_SOT_NORMALIZED,Produktpalette(2).xlsx:XeisWorks,30,EXACT,,true,Legacy SKU(s) XW-424 auf XW-4024 normalisieren; sku_alias für Historie beibehalten.,,
XW-4024.2,XW-4024.2,XW-424.2,XW-4024,f38b1a15-553a-53d5-a589-89713379d0ad,NOTEN|erinnerungen an brennberg,HIGH,false,ARRANGEMENT_VARIANT|LEGACY_VARIANT,live,ACTIVE,true,false,Blechhaufn,Blechhaufn,Noten,,,,Erinnerungen an Brennberg,SCORE,physical,,,,,,,7-stimmig,7,Standard,PHYSICAL,Erinnerungen an Brennberg,Erinnerungen an Brennberg,Erinnerungen_an_Brennberg,Erinnerungen an Brennberg ist eine Notenausgabe im Blechhaufn-Produktkatalog.,AUTO_DRAFT,GENERATED,Stimmigkeit/Satz: 7-stimmig,Arrangement: Standard,Format: PHYSICAL,Kategorie: Noten,,,19.91,10.00,21.90,EUR,ERP_NET,0.00,true,,,,,,,,,,,,,,,,,,,,false,true,,,,,,,true,Cumulus_Physisch,false,Erinnerungen an Brennberg,,Erinnerungen an Brennberg,XLSX_SOT_NORMALIZED,Produktpalette(2).xlsx:XeisWorks,30,DERIVED,,true,Legacy SKU(s) XW-424.2 auf XW-4024.2 normalisieren; sku_alias für Historie beibehalten.,,
XW-4024.3,XW-4024.3,XW-424.3,XW-4024,f38b1a15-553a-53d5-a589-89713379d0ad,NOTEN|erinnerungen an brennberg,HIGH,false,ARRANGEMENT_VARIANT|LEGACY_VARIANT,live,ACTIVE,true,false,Blechhaufn,Blechhaufn,Noten,,,,Erinnerungen an Brennberg,SCORE,physical,,,,,,,7-stimmig,7,Blechhaufn-Version,PHYSICAL,Erinnerungen an Brennberg [Blechhaufn-Version],Erinnerungen an Brennberg [Blechhaufn-Version],Erinnerungen_an_Brennberg_Blechhaufn-Version,Erinnerungen an Brennberg [Blechhaufn-Version] ist eine Notenausgabe im Blechhaufn-Produktkatalog.,AUTO_DRAFT,GENERATED,Stimmigkeit/Satz: 7-stimmig,Arrangement: Blechhaufn-Version,Format: PHYSICAL,Kategorie: Noten,,,22.64,10.00,24.90,EUR,ERP_NET,0.00,true,,,,,,,,,,,,,,,,,,,,false,true,,,,,,,true,Albert,false,Erinnerungen an Brennberg,,Erinnerungen an Brennberg,XLSX_SOT_NORMALIZED,Produktpalette(2).xlsx:XeisWorks,30,DERIVED,,true,Legacy SKU(s) XW-424.3 auf XW-4024.3 normalisieren; sku_alias für Historie beibehalten.,,
XW-4025,XW-4025,XW-425,,cabed151-d4f7-52ce-8d53-dd4178193795,NOTEN|fliegermarsch,HIGH,true,CANONICAL,live,ACTIVE,true,false,Blechhaufn,Blechhaufn,Noten,,,,Fliegermarsch,SCORE,physical,,,,,,,7-stimmig,7,,PHYSICAL,Fliegermarsch,Fliegermarsch,Fliegermarsch,Fliegermarsch ist eine Notenausgabe im Blechhaufn-Produktkatalog.,AUTO_DRAFT,GENERATED,Stimmigkeit/Satz: 7-stimmig,Format: PHYSICAL,Kategorie: Noten,,,B2B,22.64,10.00,24.90,EUR,ERP_NET,1.00,true,175.0,,,,,,,,,,,,,,,,,,,true,true,product_63a2eba5-4a2a-db35-9c77-74f9201fd149,product_63a2eba5-4a2a-db35-9c77-74f9201fd149,true,Blechhauf'n|Brass_7stimmig|BH - BetörendRöhrend|B2B,4f718e_5cb4ca642983463891b5e908dac90c73~mv2.jpg|4f718e_bf02eaec7560441da292492d50897669~mv2.jpg|4f718e_261e6cacb74b454c90f2c6cf55637ed2~mv2.jpg|4f718e_581d8f21c51b4627868ce8b04a32381d,<p>Komp.: Hermann Dostal</p><p>Arr.: Albert Wieder</p>,true,Cumulus_Physisch,false,Fliegermarsch,Fliegermarsch,Fliegermarsch,XLSX_SOT_NORMALIZED,Produktpalette(2).xlsx:XeisWorks,31,EXACT,,true,Legacy SKU(s) XW-425 auf XW-4025 normalisieren; sku_alias für Historie beibehalten.,,
XW-4026,XW-4026,XW-426,,d6a8ea4c-206f-52b0-9f5e-a875778c0e33,NOTEN|arnhem,HIGH,true,CANONICAL,live,ACTIVE,true,false,Blechhaufn,Blechhaufn,Noten,,,,Arnhem,SCORE,physical,,,,,,,7-stimmig,7,,PHYSICAL,Arnhem,Arnhem,Arnhem,Arnhem ist eine Notenausgabe im Blechhaufn-Produktkatalog.,AUTO_DRAFT,GENERATED,Stimmigkeit/Satz: 7-stimmig,Format: PHYSICAL,Kategorie: Noten,,,B2B,22.64,10.00,24.90,EUR,ERP_NET,0.00,true,175.0,,,,,,,,,,,,,,,,,,,true,true,product_cefefea1-f944-1950-a358-4010cfad6a8b,product_cefefea1-f944-1950-a358-4010cfad6a8b,true,Blechhauf'n|Brass_7stimmig|BH - BH|B2B,4f718e_01ccdcf37793480aac5664cc2aa309e5~mv2.jpg|4f718e_e22e7631751247ca955b886a351f2cd7~mv2.jpg|4f718e_d13c2bb04cb44947ba68df8d4eef35b7~mv2.jpg|4f718e_c7f048ab97d146869a8cfd6c0fa9887a,<p>Komp.: Albert E. Kelly</p><p>Arr.: Bernhard Holl</p>,true,XeisWorks_Print@Home,false,Arnhem,Arnhem,Arnhem,XLSX_SOT_NORMALIZED,Produktpalette(2).xlsx:XeisWorks,32,EXACT,,true,Legacy SKU(s) XW-426 auf XW-4026 normalisieren; sku_alias für Historie beibehalten.,,
XW-4027,XW-4027,XW-427,,0b0af814-4835-531a-8725-d32460e3a424,NOTEN|für oma,HIGH,true,CANONICAL,live,ACTIVE,true,false,Blechhaufn,Blechhaufn,Noten,,,,Für Oma,SCORE,physical,,,,,,,7-stimmig,7,,PHYSICAL,Für Oma,Für Oma,Für_Oma,Für Oma ist eine Notenausgabe im Blechhaufn-Produktkatalog.,AUTO_DRAFT,GENERATED,Stimmigkeit/Satz: 7-stimmig,Format: PHYSICAL,Kategorie: Noten,,,B2B,18.09,10.00,19.90,EUR,ERP_NET,0.00,true,175.0,,,,,,,,,,,,,,,,,,,true,true,product_0c80cc1e-af53-ebe4-67d8-f75aeae89172,product_0c80cc1e-af53-ebe4-67d8-f75aeae89172,true,Blechhauf'n|Brass_7stimmig|BH - Entertainment|B2B,4f718e_e72ea4dcfbb04b10adccdbe61f399df9~mv2.jpg|4f718e_80cae3bab2334d5b83929cb5a4c62a5f~mv2.jpg|4f718e_1d997779291d4f32876bc08caa9d49b5~mv2.jpg|4f718e_354b94622d59426585ded23154c8e0ee,<p>Komp./Arr.: Christian Wieder</p>,true,Cumulus_Digital,false,Für Oma,Für Oma,Für Oma,XLSX_SOT_NORMALIZED,Produktpalette(2).xlsx:XeisWorks,33,EXACT,,true,Legacy SKU(s) XW-427 auf XW-4027 normalisieren; sku_alias für Historie beibehalten.,,
XW-4027.2,XW-4027.2,XW-427.2,XW-4027,0b0af814-4835-531a-8725-d32460e3a424,NOTEN|für oma,HIGH,false,LEGACY_VARIANT,live,ACTIVE,true,false,Blechhaufn,Blechhaufn,Noten,,,,Für Oma,SCORE,physical,,,,,,,7-stimmig,7,,PHYSICAL,Für Oma,Für Oma,Für_Oma,Für Oma ist eine Notenausgabe im Blechhaufn-Produktkatalog.,AUTO_DRAFT,GENERATED,Stimmigkeit/Satz: 7-stimmig,Format: PHYSICAL,Kategorie: Noten,,,,22.64,10.00,24.90,EUR,ERP_NET,0.00,true,,,,,,,,,,,,,,,,,,,,false,true,,,,,,,true,Cumulus_Physisch,false,Für Oma,,Für Oma,XLSX_SOT_NORMALIZED,Produktpalette(2).xlsx:XeisWorks,33,DERIVED,,true,Legacy SKU(s) XW-427.2 auf XW-4027.2 normalisieren; sku_alias für Historie beibehalten.,,
XW-4028,XW-4028,XW-428,,9ec6a543-763f-5dc8-a870-39f3bed6f841,NOTEN|für schöne stunden,HIGH,true,CANONICAL,live,ACTIVE,true,false,Blechhaufn,Blechhaufn,Noten,,,,Für schöne Stunden,SCORE,physical,,,,,,,7-stimmig,7,,PHYSICAL,Für schöne Stunden,Für schöne Stunden,Für_schöne_Stunden,Für schöne Stunden ist eine Notenausgabe im Blechhaufn-Produktkatalog.,AUTO_DRAFT,GENERATED,Stimmigkeit/Satz: 7-stimmig,Format: PHYSICAL,Kategorie: Noten,,,B2B,18.09,10.00,19.90,EUR,ERP_NET,0.00,true,175.0,,,,,,,,,,,,,,,,,,,true,true,product_eec7c9ef-4bcc-eb2e-0b8f-2a5fbc668692,product_eec7c9ef-4bcc-eb2e-0b8f-2a5fbc668692,true,Blechhauf'n|Brass_7stimmig|BH - Tierzuliebe|B2B,4f718e_9ff4eccb24234adda79a9a1963f6fed7~mv2.jpg|4f718e_862750c9144b463f904c76d4509206b4~mv2.jpg|4f718e_e8b7ce2dbbac4e299c54239a5bbe0b43~mv2.jpg|4f718e_41380c42189b41fcbbe50cc7de12f083,<p>Komp./Arr.: Roman Weninger</p>,true,Cumulus_Digital,false,Für schöne Stunden,Für schöne Stunden,Für schöne Stunden,XLSX_SOT_NORMALIZED,Produktpalette(2).xlsx:XeisWorks,34,EXACT,,true,Legacy SKU(s) XW-428 auf XW-4028 normalisieren; sku_alias für Historie beibehalten.,,
XW-4028.2,XW-4028.2,XW-428.2,XW-4028,9ec6a543-763f-5dc8-a870-39f3bed6f841,NOTEN|für schöne stunden,HIGH,false,LEGACY_VARIANT,live,ACTIVE,true,false,Blechhaufn,Blechhaufn,Noten,,,,Für schöne Stunden,SCORE,physical,,,,,,,7-stimmig,7,,PHYSICAL,Für schöne Stunden,Für schöne Stunden,Für_schöne_Stunden,Für schöne Stunden ist eine Notenausgabe im Blechhaufn-Produktkatalog.,AUTO_DRAFT,GENERATED,Stimmigkeit/Satz: 7-stimmig,Format: PHYSICAL,Kategorie: Noten,,,,19.91,10.00,21.90,EUR,ERP_NET,0.00,true,,,,,,,,,,,,,,,,,,,,false,true,,,,,,,true,Cumulus_Physisch,false,Für schöne Stunden,,Für schöne Stunden,XLSX_SOT_NORMALIZED,Produktpalette(2).xlsx:XeisWorks,34,DERIVED,,true,Legacy SKU(s) XW-428.2 auf XW-4028.2 normalisieren; sku_alias für Historie beibehalten.,,
XW-4029,XW-4029,XW-429,,b8661af7-7d7d-5d6d-bc53-80d4aeac1bf1,NOTEN|hinter der garage,HIGH,true,CANONICAL,live,ACTIVE,true,false,Blechhaufn,Blechhaufn,Noten,,,,Hinter der Garage,SCORE,physical,,,,,,,7-stimmig,7,,PHYSICAL,Hinter der Garage,Hinter der Garage,Hinter_der_Garage,Hinter der Garage ist eine Notenausgabe im Blechhaufn-Produktkatalog.,AUTO_DRAFT,GENERATED,Stimmigkeit/Satz: 7-stimmig,Format: PHYSICAL,Kategorie: Noten,,,,18.09,10.00,19.90,EUR,ERP_NET,0.00,true,,,,,,,,,,,,,,,,,,,,false,true,,,,,,,true,Cumulus_Digital,false,Hinter der Garage,,Hinter der Garage,XLSX_SOT_NORMALIZED,Produktpalette(2).xlsx:XeisWorks,35,EXACT,,true,Legacy SKU(s) XW-429 auf XW-4029 normalisieren; sku_alias für Historie beibehalten.,,
XW-4029.2,XW-4029.2,XW-429.2,XW-4029,b8661af7-7d7d-5d6d-bc53-80d4aeac1bf1,NOTEN|hinter der garage,HIGH,false,LEGACY_VARIANT,live,ACTIVE,true,false,Blechhaufn,Blechhaufn,Noten,,,,Hinter der Garage,SCORE,physical,,,,,,,7-stimmig,7,,PHYSICAL,Hinter der Garage,Hinter der Garage,Hinter_der_Garage,Hinter der Garage ist eine Notenausgabe im Blechhaufn-Produktkatalog.,AUTO_DRAFT,GENERATED,Stimmigkeit/Satz: 7-stimmig,Format: PHYSICAL,Kategorie: Noten,,,,22.64,10.00,24.90,EUR,ERP_NET,0.00,true,,,,,,,,,,,,,,,,,,,,false,true,,,,,,,true,Cumulus_Physisch,false,Hinter der Garage,,Hinter der Garage,XLSX_SOT_NORMALIZED,Produktpalette(2).xlsx:XeisWorks,35,DERIVED,,true,Legacy SKU(s) XW-429.2 auf XW-4029.2 normalisieren; sku_alias für Historie beibehalten.,,
XW-4030,XW-4030,XW-430,,18de64f9-5c61-5812-a21f-c405672fda35,NOTEN|hochzeitswalzer nr.2,HIGH,true,CANONICAL,live,ACTIVE,true,false,Blechhaufn,Blechhaufn,Noten,,,,Hochzeitswalzer Nr.2,SCORE,physical,,,,,,,7-stimmig,7,,PHYSICAL,Hochzeitswalzer Nr.2,Hochzeitswalzer Nr.2,Hochzeitswalzer_Nr.2,Hochzeitswalzer Nr.2 ist eine Notenausgabe im Blechhaufn-Produktkatalog.,AUTO_DRAFT,GENERATED,Stimmigkeit/Satz: 7-stimmig,Format: PHYSICAL,Kategorie: Noten,,,B2B,22.64,10.00,24.90,EUR,ERP_NET,0.00,true,175.0,,,,,,,,,,,,,,,,,,,true,true,product_ff9f3ce3-cb5c-2e10-2fcf-571bce730539,product_ff9f3ce3-cb5c-2e10-2fcf-571bce730539,true,Blechhauf'n|Brass_7stimmig|BH - BetörendRöhrend|B2B,4f718e_0e8a3c9b7e504f9099daf86b90ec859c~mv2.jpg|4f718e_f38586d1c4a54e92941efe7919aed5c0~mv2.jpg|4f718e_ef0c033ce99244b08c1d5dd3f38ffb8c~mv2.jpg|4f718e_fb1309badd05431c921472ce4bbe5066,<p>Komp./Arr.: Albert Wieder</p>,true,Cumulus_Physisch,false,Hochzeitswalzer Nr.2,Hochzeitswalzer Nr. 2,Hochzeitswalzer Nr. 2,XLSX_SOT_NORMALIZED,Produktpalette(2).xlsx:XeisWorks,36,EXACT,,true,Legacy SKU(s) XW-430 auf XW-4030 normalisieren; sku_alias für Historie beibehalten.,,
XW-4031,XW-4031,XW-431,,0a5c13fa-cfb7-5b83-9c1c-94994ac21507,NOTEN|kolo,HIGH,true,CANONICAL,live,ACTIVE,true,false,Blechhaufn,Blechhaufn,Noten,,,,Kolo,SCORE,physical,,,,,,,7-stimmig,7,,PHYSICAL,Kolo,Kolo,Kolo,Kolo ist eine Notenausgabe im Blechhaufn-Produktkatalog.,AUTO_DRAFT,GENERATED,Stimmigkeit/Satz: 7-stimmig,Format: PHYSICAL,Kategorie: Noten,,,B2B,22.64,10.00,24.90,EUR,ERP_NET,0.00,true,175.0,,,,,,,,,,,,,,,,,,,true,true,product_f9721f76-c600-9543-6227-6972c5cd8d6e,product_f9721f76-c600-9543-6227-6972c5cd8d6e,true,Blechhauf'n|Brass_7stimmig|BH - Entertainment|B2B,4f718e_77b41dd31c9f4e2d971ecfc7eda6ec5b~mv2.jpg|4f718e_6f4f38bd3a34499186dd9dd29c3c9a61~mv2.jpg|4f718e_40a6a1c7cefa44baa2cddad81f32e06a~mv2.jpg|4f718e_df37f96df4dd4a59ab6485d337c4f1eb,<p>Volksweise</p><p>Arr.: Albert Wieder</p>,true,Cumulus_Physisch,false,Kolo,Kolo,Kolo,XLSX_SOT_NORMALIZED,Produktpalette(2).xlsx:XeisWorks,37,EXACT,,true,Legacy SKU(s) XW-431 auf XW-4031 normalisieren; sku_alias für Historie beibehalten.,,
XW-4031.2,XW-4031.2,XW-431.2,XW-4031,0a5c13fa-cfb7-5b83-9c1c-94994ac21507,NOTEN|kolo,HIGH,false,LEGACY_VARIANT,live,ACTIVE,true,false,Blechhaufn,Blechhaufn,Noten,,,,Kolo,SCORE,physical,,,,,,,7-stimmig,7,,PHYSICAL,Kolo,Kolo,Kolo,Kolo ist eine Notenausgabe im Blechhaufn-Produktkatalog.,AUTO_DRAFT,GENERATED,Stimmigkeit/Satz: 7-stimmig,Format: PHYSICAL,Kategorie: Noten,,,,22.64,10.00,24.90,EUR,ERP_NET,0.00,true,,,,,,,,,,,,,,,,,,,,false,true,,,,,,,true,Cumulus_Physisch,false,Kolo,,Kolo,XLSX_SOT_NORMALIZED,Produktpalette(2).xlsx:XeisWorks,37,DERIVED,,true,Legacy SKU(s) XW-431.2 auf XW-4031.2 normalisieren; sku_alias für Historie beibehalten.,,
XW-4032,XW-4032,XW-432,,72d82633-0a17-5669-9128-b87b89627542,NOTEN|leckmicha marsch,HIGH,true,CANONICAL,live,ACTIVE,true,false,Blechhaufn,Blechhaufn,Noten,,,,Leckmicha Marsch,SCORE,physical,,,,,,,7-stimmig,7,,PHYSICAL,Leckmicha Marsch,Leckmicha Marsch,Leckmicha_Marsch,Leckmicha Marsch ist eine Notenausgabe im Blechhaufn-Produktkatalog.,AUTO_DRAFT,GENERATED,Stimmigkeit/Satz: 7-stimmig,Format: PHYSICAL,Kategorie: Noten,,,B2B,22.64,10.00,24.90,EUR,ERP_NET,2.00,true,175.0,,,,,,,,,,,,,,,,,,,true,true,product_579ebcf4-4ff5-7570-855a-f56bf1d49e5c,product_579ebcf4-4ff5-7570-855a-f56bf1d49e5c,true,Blechhauf'n|Brass_7stimmig|BH - Entertainment|B2B,4f718e_aeb101b662df4ef19d9a9ca98c6ec72d~mv2.jpg|4f718e_d1cbe0658b074827b34400886429854d~mv2.jpg|4f718e_3771fc99a6bc449c9e056cc0b8c949e0~mv2.jpg|4f718e_c14fa54953ae4b42b1ba77fc51d72adb,<p>Komp.: Herbert Pixner</p><p>Arr.: Albert Wieder</p>,true,Cumulus_Physisch,false,Leckmicha Marsch,Leckmicha Marsch,Leckmicha Marsch,XLSX_SOT_NORMALIZED,Produktpalette(2).xlsx:XeisWorks,38,EXACT,,true,Legacy SKU(s) XW-432 auf XW-4032 normalisieren; sku_alias für Historie beibehalten.,,
XW-4033,XW-4033,XW-433,,4541fe43-b259-59a6-a6c1-32f4882ee458,NOTEN|meine mutti hat gesagt,HIGH,true,CANONICAL,live,ACTIVE,true,false,Blechhaufn,Blechhaufn,Noten,,,,Meine Mutti hat gesagt,SCORE,physical,,,,,,,7-stimmig,7,,PHYSICAL,Meine Mutti hat gesagt,Meine Mutti hat gesagt,Meine_Mutti_hat_gesagt,Meine Mutti hat gesagt ist eine Notenausgabe im Blechhaufn-Produktkatalog.,AUTO_DRAFT,GENERATED,Stimmigkeit/Satz: 7-stimmig,Format: PHYSICAL,Kategorie: Noten,,,B2B,19.91,10.00,21.90,EUR,ERP_NET,0.00,true,175.0,,,,,,,,,,,,,,,,,,,true,true,product_996152cc-4d3d-85aa-35bf-07128d1b308e,product_996152cc-4d3d-85aa-35bf-07128d1b308e,true,Blechhauf'n|Brass_7stimmig|BH - VorÜbermorgen|B2B,4f718e_3bad5eeb551e4744a42044ecd20d8df0~mv2.jpg|4f718e_5aad77ec96044849b6260d0e8bedc344~mv2.jpg|4f718e_5523aa724fba447f87874845b4139d1f~mv2.jpg|4f718e_ce2e8eb395034b2a8b4dd19b6d35dee6,<p>Volksweise</p><p>Arr.: Albert Wieder</p>,true,Cumulus_Physisch,false,Meine Mutti hat gesagt,Meine Mutti hat gesagt,Meine Mutti hat gesagt,XLSX_SOT_NORMALIZED,Produktpalette(2).xlsx:XeisWorks,39,EXACT,,true,Legacy SKU(s) XW-433 auf XW-4033 normalisieren; sku_alias für Historie beibehalten.,,
XW-4034,XW-4034,XW-434,,fbbef078-400d-584e-9122-2a9f114e5db3,NOTEN|milacek,HIGH,true,CANONICAL,live,ACTIVE,true,false,Blechhaufn,Blechhaufn,Noten,,,,Milacek,SCORE,physical,,,,,,,7-stimmig,7,,PHYSICAL,Milacek,Milacek,Milacek,Milacek ist eine Notenausgabe im Blechhaufn-Produktkatalog.,AUTO_DRAFT,GENERATED,Stimmigkeit/Satz: 7-stimmig,Format: PHYSICAL,Kategorie: Noten,,,B2B,18.09,10.00,19.90,EUR,ERP_NET,1.00,true,175.0,,,,,,,,,,,,,,,,,,,true,true,product_89a4e291-6cab-cf8c-384a-0d69db5868a5,product_89a4e291-6cab-cf8c-384a-0d69db5868a5,true,Blechhauf'n|B2B|Brass_7stimmig|BH - BetörendRöhrend,4f718e_d341b3e291ee4747932b97853d17fdbb~mv2.jpg|4f718e_1ad410cb5d1242e0b5451c81cb709f13~mv2.jpg|4f718e_02f8f1d5751743fbbf8b44c33bb34738~mv2.jpg|4f718e_e4fd4c9461e145c98e2cda6e9be418db,<p>Volksweise</p><p>Arr.: Roman Weninger</p>,true,Cumulus_Physisch,false,Milacek,Milacek,Milacek,XLSX_SOT_NORMALIZED,Produktpalette(2).xlsx:XeisWorks,40,EXACT,,true,Legacy SKU(s) XW-434 auf XW-4034 normalisieren; sku_alias für Historie beibehalten.,,
XW-4035,XW-4035,XW-435,,2dba838a-4c98-54a7-b055-79ad7469e153,NOTEN|pepi do?,HIGH,true,CANONICAL,live,ACTIVE,true,false,Blechhaufn,Blechhaufn,Noten,,,,Pepi do?,SCORE,physical,,,,,,,7-stimmig,7,,PHYSICAL,Pepi do?,Pepi do?,Pepi_do?,Pepi do? ist eine Notenausgabe im Blechhaufn-Produktkatalog.,AUTO_DRAFT,GENERATED,Stimmigkeit/Satz: 7-stimmig,Format: PHYSICAL,Kategorie: Noten,,,B2B,22.64,10.00,24.90,EUR,ERP_NET,0.00,true,175.0,,,,,,,,,,,,,,,,,,,true,true,product_bdddf6a9-f25e-6cea-76cf-b18b5f23d8ef,product_bdddf6a9-f25e-6cea-76cf-b18b5f23d8ef,true,Blechhauf'n|Brass_7stimmig|BH - Wirtshausrunde|B2B,4f718e_a9528cb753824f529f3fe28201e20244~mv2.jpg|4f718e_497876ac1cf047abbf1f95f4383e7dd9~mv2.jpg|4f718e_2a6bed6a87b945f49a6755b540a10c2d~mv2.jpg|4f718e_70ab5432c374472ab532e9072d90af3c,<p>Volksweise</p><p>Arr.: Bernhard Holl</p>,true,XeisWorks_Print@Home,false,Pepi do?,Pepi do?,Pepi do?,XLSX_SOT_NORMALIZED,Produktpalette(2).xlsx:XeisWorks,41,EXACT,,true,Legacy SKU(s) XW-435 auf XW-4035 normalisieren; sku_alias für Historie beibehalten.,,
XW-4036,XW-4036,XW-436,,880ec44e-823d-5a09-91fa-32f4a1cbad9e,NOTEN|pix,HIGH,true,CANONICAL,live,ACTIVE,true,false,Blechhaufn,Blechhaufn,Noten,,,,Pix,SCORE,physical,,,,,,,7-stimmig,7,,PHYSICAL,Pix,Pix,Pix,Pix ist eine Notenausgabe im Blechhaufn-Produktkatalog.,AUTO_DRAFT,GENERATED,Stimmigkeit/Satz: 7-stimmig,Format: PHYSICAL,Kategorie: Noten,,,B2B,22.64,10.00,24.90,EUR,ERP_NET,0.00,true,175.0,,,,,,,,,,,,,,,,,,,true,true,product_5102c407-7d5f-ca22-7ce2-b05881591eaf,product_5102c407-7d5f-ca22-7ce2-b05881591eaf,true,Blechhauf'n|Brass_7stimmig|BH - OnTheRoad|B2B,4f718e_d308bfbe8251490e843a213959929b48~mv2.jpg|4f718e_d7c92039817347979fa58cfbeea30371~mv2.jpg|4f718e_e9cfb1cb2982457c99ea95593f587b96~mv2.jpg|4f718e_802739ac4e9f4134abfa68e6d815d11d,<p>Komp./Arr.: Albert Wieder</p>,true,Cumulus_Physisch,false,Pix,Pix,Pix,XLSX_SOT_NORMALIZED,Produktpalette(2).xlsx:XeisWorks,42,EXACT,,true,Legacy SKU(s) XW-436 auf XW-4036 normalisieren; sku_alias für Historie beibehalten.,,
XW-4037,XW-4037,XW-437,,f29f86aa-2828-59d0-95d8-ae31fb332522,NOTEN|praise you,HIGH,true,CANONICAL,live,ACTIVE,true,false,Blechhaufn,Blechhaufn,Noten,,,,Praise You,SCORE,physical,,,,,,,7-stimmig,7,,PHYSICAL,Praise You,Praise You,Praise_You,Praise You ist eine Notenausgabe im Blechhaufn-Produktkatalog.,AUTO_DRAFT,GENERATED,Stimmigkeit/Satz: 7-stimmig,Format: PHYSICAL,Kategorie: Noten,,,B2B,22.64,10.00,24.90,EUR,ERP_NET,0.00,true,175.0,,,,,,,,,,,,,,,,,,,true,true,product_af532ed0-747b-f641-2a72-d61cae4e5d43,product_af532ed0-747b-f641-2a72-d61cae4e5d43,true,Blechhauf'n|Brass_7stimmig|BH - OnTheRoad|B2B,4f718e_3f307e6b0aa54b1e95f556807634c393~mv2.jpg|4f718e_6ff77f3bc06f4a31898f210727848ba4~mv2.jpg|4f718e_cac2285dec2841b28bc702c7bba44793~mv2.jpg|4f718e_774fc057a27d486c99fb924e37ea1d5d,<p>Volksweise</p><p>Arr.: Albert Wieder</p>,true,Cumulus_Physisch,false,Praise You,Praise You,Praise You,XLSX_SOT_NORMALIZED,Produktpalette(2).xlsx:XeisWorks,43,EXACT,,true,Legacy SKU(s) XW-437 auf XW-4037 normalisieren; sku_alias für Historie beibehalten.,,
XW-4038,XW-4038,XW-438,,1a7fd185-a193-5cee-8c42-5ddf956cbb0a,NOTEN|retuschen boarischer,HIGH,true,CANONICAL,live,ACTIVE,true,false,Blechhaufn,Blechhaufn,Noten,,,,Retuschen Boarischer,SCORE,physical,,,,,,,7-stimmig,7,,PHYSICAL,Retuschen Boarischer,Retuschen Boarischer,Retuschen_Boarischer,Retuschen Boarischer ist eine Notenausgabe im Blechhaufn-Produktkatalog.,AUTO_DRAFT,GENERATED,Stimmigkeit/Satz: 7-stimmig,Format: PHYSICAL,Kategorie: Noten,,,B2B,18.09,10.00,19.90,EUR,ERP_NET,0.00,true,175.0,,,,,,,,,,,,,,,,,,,true,true,product_497f6dd8-c137-3f36-8c87-6f48d1ec383a,product_497f6dd8-c137-3f36-8c87-6f48d1ec383a,true,Blechhauf'n|B2B|Brass_7stimmig|BH - OnTheRoad,4f718e_ecd5d9b6d922413f954b160f7282d9ea~mv2.jpg|4f718e_02c4ee765aa64c1e8ff0faf90a216d55~mv2.jpg|4f718e_7373aa7a7f12412692c8dda08d6cf07c~mv2.jpg|4f718e_519a363b4c594dcb99b65dc8632d3f86,<p>Komp.: Peter Kiesenhofer</p><p>Arr.: Bernhard Holl</p>,true,Cumulus_Digital,false,Retuschen Boarischer,Retuschen Boarischer,Retuschen-Boarischer,XLSX_SOT_NORMALIZED,Produktpalette(2).xlsx:XeisWorks,44,EXACT,,true,Legacy SKU(s) XW-438 auf XW-4038 normalisieren; sku_alias für Historie beibehalten.,,
XW-4038.2,XW-4038.2,XW-438.2,XW-4038,1a7fd185-a193-5cee-8c42-5ddf956cbb0a,NOTEN|retuschen boarischer,HIGH,false,FORMAT_VARIANT|LEGACY_VARIANT,live,ACTIVE,true,false,Blechhaufn,Blechhaufn,Noten,,,,Retuschen-Boarischer,SCORE,digital,,,,,,,7-stimmig,7,,PRINT_AT_HOME,Retuschen Boarischer,Retuschen Boarischer,Retuschen_Boarischer,Retuschen Boarischer ist eine Notenausgabe im Blechhaufn-Produktkatalog.,AUTO_DRAFT,GENERATED,Stimmigkeit/Satz: 7-stimmig,Format: PRINT_AT_HOME,Kategorie: Noten,,,,22.64,10.00,24.90,EUR,ERP_NET,0.00,true,,,,,,,,,,,,,,,,,,,,false,true,,,,,,,true,XeisWorks_Print@Home,false,Retuschen Boarischer,,Retuschen-Boarischer,XLSX_SOT_NORMALIZED,Produktpalette(2).xlsx:XeisWorks,44,DERIVED,,true,Legacy SKU(s) XW-438.2 auf XW-4038.2 normalisieren; sku_alias für Historie beibehalten.,,
XW-4039,XW-4039,XW-439,,a7ceabdb-e786-5b77-8d7e-f8c9573c4b22,NOTEN|schöne maderl,HIGH,true,CANONICAL,live,ACTIVE,true,false,Blechhaufn,Blechhaufn,Noten,,,,Schöne Maderl,SCORE,physical,,,,,,,7-stimmig,7,,PHYSICAL,Schöne Maderl,Schöne Maderl,Schöne_Maderl,Schöne Maderl ist eine Notenausgabe im Blechhaufn-Produktkatalog.,AUTO_DRAFT,GENERATED,Stimmigkeit/Satz: 7-stimmig,Format: PHYSICAL,Kategorie: Noten,,,B2B,19.91,10.00,21.90,EUR,ERP_NET,0.00,true,175.0,,,,,,,,,,,,,,,,,,,true,true,product_298186e6-27b4-de9a-df92-cb74057125e9,product_298186e6-27b4-de9a-df92-cb74057125e9,true,Blechhauf'n|B2B|Brass_7stimmig|BH - Tierzuliebe,4f718e_7081ec5af190443db6f707d6c6f62fb6~mv2.jpg|4f718e_a68a5c41a6de40ca8e906c6b31accb9e~mv2.jpg|4f718e_925c8f4d90174d948764a48d522e75f6~mv2.jpg|4f718e_3577b120399e47c09ecb78cd82307d18,<p>Volksweise</p><p>Arr.: Roman Weninger</p>,true,Cumulus_Physisch,false,Schöne Maderl,Schöne Maderl,Schöne Maderl,XLSX_SOT_NORMALIZED,Produktpalette(2).xlsx:XeisWorks,45,EXACT,,true,Legacy SKU(s) XW-439 auf XW-4039 normalisieren; sku_alias für Historie beibehalten.,,
XW-4040,XW-4040,XW-440,,d64db89c-52f3-594a-9e99-51623e88f365,NOTEN|s'is feiaombd,HIGH,true,CANONICAL,live,ACTIVE,true,false,Blechhaufn,Blechhaufn,Noten,,,,S'is Feiaombd,SCORE,physical,,,,,,,7-stimmig,7,,PHYSICAL,S'is Feiaombd,S'is Feiaombd,S'is_Feiaombd,S'is Feiaombd ist eine Notenausgabe im Blechhaufn-Produktkatalog.,AUTO_DRAFT,GENERATED,Stimmigkeit/Satz: 7-stimmig,Format: PHYSICAL,Kategorie: Noten,,,B2B,22.64,10.00,24.90,EUR,ERP_NET,1.00,true,175.0,,,,,,,,,,,,,,,,,,,true,true,product_3c0a0eb3-0672-5093-c6ee-5231908a88c6,product_3c0a0eb3-0672-5093-c6ee-5231908a88c6,true,Blechhauf'n|Brass_7stimmig|BH - BetörendRöhrend|B2B,4f718e_2f12f358a5f8468e8a7713b2f223fd9a~mv2.jpg|4f718e_66563205bd6d4d46b556abb9b6066fc5~mv2.jpg|4f718e_854e5a9149a44a85ad5a3418cb10401e~mv2.jpg|4f718e_de7904bb599343f899920295a81d8247,<p>Walzer nach einer Volksweise</p><p>Komp./Arr.: Roman Weninger</p>,true,Cumulus_Physisch,false,S'is Feiaombd,S'is Feiaombd,S'is Feiaombd,XLSX_SOT_NORMALIZED,Produktpalette(2).xlsx:XeisWorks,46,EXACT,,true,Legacy SKU(s) XW-440 auf XW-4040 normalisieren; sku_alias für Historie beibehalten.,,
XW-4041,XW-4041,XW-441,XW-4006,054e6b81-2c65-5924-bdac-65cf8aa0541f,NOTEN|urlaubspolka,HIGH,false,LEGACY_VARIANT,live,ACTIVE,true,false,Blechhaufn,Blechhaufn,Noten,,,,Urlaubspolka,SCORE,physical,,,,,,,7-stimmig,7,,PHYSICAL,Urlaubspolka,Urlaubspolka,Urlaubspolka,Urlaubspolka ist eine Notenausgabe im Blechhaufn-Produktkatalog.,AUTO_DRAFT,GENERATED,Stimmigkeit/Satz: 7-stimmig,Format: PHYSICAL,Kategorie: Noten,,,,18.09,10.00,19.90,EUR,ERP_NET,0.00,true,,,,,,,,,,,,,,,,,,,,false,true,,,,,,,true,Cumulus_Digital,false,Urlaubspolka,,Urlaubspolka,XLSX_SOT_NORMALIZED,Produktpalette(2).xlsx:XeisWorks,47,EXACT,,true,Legacy SKU(s) XW-441 auf XW-4041 normalisieren; sku_alias für Historie beibehalten.,,
XW-4042,XW-4042,XW-442,,a764f614-558b-511b-aec9-ef6c0482e9e5,NOTEN|vorgestern,HIGH,true,CANONICAL,live,ACTIVE,true,false,Blechhaufn,Blechhaufn,Noten,,,,Vorgestern,SCORE,physical,,,,,,,7-stimmig,7,,PHYSICAL,Vorgestern,Vorgestern,Vorgestern,Vorgestern ist eine Notenausgabe im Blechhaufn-Produktkatalog.,AUTO_DRAFT,GENERATED,Stimmigkeit/Satz: 7-stimmig,Format: PHYSICAL,Kategorie: Noten,,,B2B,19.91,10.00,21.90,EUR,ERP_NET,0.00,true,175.0,,,,,,,,,,,,,,,,,,,true,true,product_503d8792-cfd4-f0d4-6214-baac61419a6e,product_503d8792-cfd4-f0d4-6214-baac61419a6e,true,Blechhauf'n|Brass_7stimmig|BH - VorÜbermorgen|B2B,4f718e_59d94276f20d479ab0ffed04bd0dc091~mv2.jpg|4f718e_d9c72186377f44dab88773a23c2848fb~mv2.jpg|4f718e_4ff55bb58270413d921bebec1bc5a677~mv2.jpg|4f718e_5b4596718e3049cc8311f6cccb7b6d1e,<p>Komp./Arr.: Albert Wieder</p>,true,Cumulus_Physisch,false,Vorgestern,Vorgestern,Vorgestern,XLSX_SOT_NORMALIZED,Produktpalette(2).xlsx:XeisWorks,48,EXACT,,true,Legacy SKU(s) XW-442 auf XW-4042 normalisieren; sku_alias für Historie beibehalten.,,
XW-4042.1,XW-4042.1,XW-442.1,XW-4042,a764f614-558b-511b-aec9-ef6c0482e9e5,NOTEN|vorgestern,HIGH,false,FORMAT_VARIANT|LEGACY_VARIANT,live,ACTIVE,true,false,Blechhaufn,Blechhaufn,Noten,,,,Vorgestern,SCORE,digital,,,,,,,7-stimmig,7,,DIGITAL,Vorgestern,Vorgestern,Vorgestern,Vorgestern ist eine Notenausgabe im Blechhaufn-Produktkatalog.,AUTO_DRAFT,GENERATED,Stimmigkeit/Satz: 7-stimmig,Format: DIGITAL,Kategorie: Noten,,,,18.09,10.00,19.90,EUR,ERP_NET,0.00,true,,,,,,,,,,,,,,,,,,,,false,true,,,,,,,true,Cumulus_Digital,false,Vorgestern,,Vorgestern,XLSX_SOT_NORMALIZED,Produktpalette(2).xlsx:XeisWorks,48,DERIVED,,true,Legacy SKU(s) XW-442.1 auf XW-4042.1 normalisieren; sku_alias für Historie beibehalten.,,
XW-4043,XW-4043,XW-443,,bfe9e264-66f5-5775-a0c3-b131161aff1e,NOTEN|zadok the priest,HIGH,true,CANONICAL,live,ACTIVE,true,false,Blechhaufn,Blechhaufn,Noten,,,,Zadok The Priest,SCORE,physical,,,,,,,7-stimmig,7,,PHYSICAL,Zadok The Priest,Zadok The Priest,Zadok_The_Priest,Zadok The Priest ist eine Notenausgabe im Blechhaufn-Produktkatalog.,AUTO_DRAFT,GENERATED,Stimmigkeit/Satz: 7-stimmig,Format: PHYSICAL,Kategorie: Noten,,,B2B,19.91,10.00,21.90,EUR,ERP_NET,8.00,true,175.0,,,,,,,,,,,,,,,,,,,true,true,product_cffa12fe-214c-0cd4-64ad-232eb7bb289e,product_cffa12fe-214c-0cd4-64ad-232eb7bb289e,true,Blechhauf'n|Brass_7stimmig|BH - Entertainment|B2B,4f718e_fcb9f86ff46744789a6c272bbf75c627~mv2.jpg|4f718e_57f141c76ec5467eb4e275ca6aeafa13~mv2.jpg|4f718e_5492684eb9be4ffb86a36a1949b41119~mv2.jpg|4f718e_b5c17648bf8c45c7964bc180564c0857,"<p>""Zadok The Priest""</p><p>Komp.: Georg F. Händel</p><p>Arr.: Albert Wieder</p>",true,Cumulus_Physisch,false,Zadok The Priest,Champions League - Fanfare,Champions League-Fanfare,XLSX_SOT_NORMALIZED,Produktpalette(2).xlsx:XeisWorks,49,EXACT,,true,Legacy SKU(s) XW-443 auf XW-4043 normalisieren; sku_alias für Historie beibehalten.,,
XW-4043.2,XW-4043.2,XW-443.2,XW-4043,bfe9e264-66f5-5775-a0c3-b131161aff1e,NOTEN|zadok the priest,HIGH,false,LEGACY_VARIANT,live,ACTIVE,true,false,Blechhaufn,Blechhaufn,Noten,,,,Champions League-Fanfare,SCORE,physical,,,,,,,7-stimmig,7,,PHYSICAL,Zadok The Priest,Zadok The Priest,Zadok_The_Priest,Zadok The Priest ist eine Notenausgabe im Blechhaufn-Produktkatalog.,AUTO_DRAFT,GENERATED,Stimmigkeit/Satz: 7-stimmig,Format: PHYSICAL,Kategorie: Noten,,,,22.64,10.00,24.90,EUR,ERP_NET,0.00,true,,,,,,,,,,,,,,,,,,,,false,true,,,,,,,true,Cumulus_Physisch,false,Zadok The Priest,,Champions League-Fanfare,XLSX_SOT_NORMALIZED,Produktpalette(2).xlsx:XeisWorks,49,DERIVED,,true,Legacy SKU(s) XW-443.2 auf XW-4043.2 normalisieren; sku_alias für Historie beibehalten.,,
XW-4044,XW-4044,XW-444,,c39a71fd-320a-5763-9d38-5384dd7ac53c,NOTEN|aeronauten-marsch,HIGH,true,CANONICAL,live,ACTIVE,true,false,Blechhaufn,Blechhaufn,Noten,,,,Aeronauten-Marsch,SCORE,physical,,,,,,,7-stimmig,7,,PHYSICAL,Aeronauten-Marsch,Aeronauten-Marsch,Aeronauten-Marsch,Aeronauten-Marsch ist eine Notenausgabe im Blechhaufn-Produktkatalog.,AUTO_DRAFT,GENERATED,Stimmigkeit/Satz: 7-stimmig,Format: PHYSICAL,Kategorie: Noten,,,,19.91,10.00,21.90,EUR,ERP_NET,0.00,true,,,,,,,,,,,,,,,,,,,,false,true,,,,,,,true,Cumulus_Physisch,false,Aeronauten-Marsch,,Aeronauten-Marsch,XLSX_SOT_NORMALIZED,Produktpalette(2).xlsx:XeisWorks,50,EXACT,,true,Legacy SKU(s) XW-444 auf XW-4044 normalisieren; sku_alias für Historie beibehalten.,,
XW-4045,XW-4045,XW-445,,7c875b56-168b-591b-8c19-6792fb0e8475,NOTEN|gabriella's song,HIGH,true,CANONICAL,live,ACTIVE,true,false,Blechhaufn,Blechhaufn,Noten,,,,Gabriella's Song,SCORE,physical,,,,,,,7-stimmig,7,,PHYSICAL,Gabriella's Song,Gabriella's Song,Gabriella's_Song,Gabriella's Song ist eine Notenausgabe im Blechhaufn-Produktkatalog.,AUTO_DRAFT,GENERATED,Stimmigkeit/Satz: 7-stimmig,Format: PHYSICAL,Kategorie: Noten,,,,22.64,10.00,24.90,EUR,ERP_NET,0.00,true,,,,,,,,,,,,,,,,,,,,false,true,,,,,,,true,Cumulus_Physisch,false,Gabriella's Song,,Gabriella's Song,XLSX_SOT_NORMALIZED,Produktpalette(2).xlsx:XeisWorks,51,EXACT,,true,Legacy SKU(s) XW-445 auf XW-4045 normalisieren; sku_alias für Historie beibehalten.,,
XW-4046,XW-4046,,,c6e97f63-77a6-5524-9f76-a0287602e010,NOTEN|the lion sleeps tonight,HIGH,true,CANONICAL,live,ACTIVE,true,false,Blechhaufn,Blechhaufn,Noten,,,,The Lion sleeps tonight,SCORE,physical,,,,,,,7-stimmig,7,,PHYSICAL,The Lion sleeps tonight,The Lion sleeps tonight,The_Lion_sleeps_tonight,The Lion sleeps tonight ist eine Notenausgabe im Blechhaufn-Produktkatalog.,AUTO_DRAFT,GENERATED,Stimmigkeit/Satz: 7-stimmig,Format: PHYSICAL,Kategorie: Noten,,,,,10.00,,EUR,,,,,,,,,,,,,,,,,,,,,,,false,true,,,,,,,false,,false,The Lion sleeps tonight,,,XLSX_SOT_NORMALIZED,Produktpalette(2).xlsx:XeisWorks,52,EXACT,,false,,,
XW-4046.2,XW-4046.2,XW-446.2,XW-4046,c6e97f63-77a6-5524-9f76-a0287602e010,NOTEN|the lion sleeps tonight,HIGH,false,LEGACY_VARIANT,live,ACTIVE,true,false,Blechhaufn,Blechhaufn,Noten,,,,The Lion sleeps tonight,SCORE,physical,,,,,,,7-stimmig,7,,PHYSICAL,The Lion sleeps tonight,The Lion sleeps tonight,The_Lion_sleeps_tonight,The Lion sleeps tonight ist eine Notenausgabe im Blechhaufn-Produktkatalog.,AUTO_DRAFT,GENERATED,Stimmigkeit/Satz: 7-stimmig,Format: PHYSICAL,Kategorie: Noten,,,,22.64,10.00,24.90,EUR,ERP_NET,0.00,true,,,,,,,,,,,,,,,,,,,,false,true,,,,,,,true,Cumulus_Physisch,false,The Lion sleeps tonight,,The Lion sleeps tonight,XLSX_SOT_NORMALIZED,Produktpalette(2).xlsx:XeisWorks,52,DERIVED,,true,Legacy SKU(s) XW-446.2 auf XW-4046.2 normalisieren; sku_alias für Historie beibehalten.,,
XW-4047,XW-4047,,,9d86b8bf-b607-5133-a98a-e33aec087415,NOTEN|kannst du knödel kochen,HIGH,true,CANONICAL,live,ACTIVE,true,false,Blechhaufn,Blechhaufn,Noten,,,,Kannst du Knödel kochen,SCORE,physical,,,,,,,7-stimmig,7,,PHYSICAL,Kannst du Knödel kochen,Kannst du Knödel kochen,Kannst_du_Knödel_kochen,Kannst du Knödel kochen ist eine Notenausgabe im Blechhaufn-Produktkatalog.,AUTO_DRAFT,GENERATED,Stimmigkeit/Satz: 7-stimmig,Format: PHYSICAL,Kategorie: Noten,,,,,10.00,,EUR,,,,,,,,,,,,,,,,,,,,,,,false,true,,,,,,,false,,false,Kannst du Knödel kochen,,,XLSX_SOT_NORMALIZED,Produktpalette(2).xlsx:XeisWorks,53,EXACT,,false,,,
XW-4047.2,XW-4047.2,XW-447.2,XW-4047,9d86b8bf-b607-5133-a98a-e33aec087415,NOTEN|kannst du knödel kochen,HIGH,false,LEGACY_VARIANT,live,ACTIVE,true,false,Blechhaufn,Blechhaufn,Noten,,,,Kannst du Knödel kochen,SCORE,physical,,,,,,,7-stimmig,7,,PHYSICAL,Kannst du Knödel kochen,Kannst du Knödel kochen,Kannst_du_Knödel_kochen,Kannst du Knödel kochen ist eine Notenausgabe im Blechhaufn-Produktkatalog.,AUTO_DRAFT,GENERATED,Stimmigkeit/Satz: 7-stimmig,Format: PHYSICAL,Kategorie: Noten,,,,22.64,10.00,24.90,EUR,ERP_NET,0.00,true,,,,,,,,,,,,,,,,,,,,false,true,,,,,,,true,Albert,false,Kannst du Knödel kochen,,Kannst du Knödel kochen,XLSX_SOT_NORMALIZED,Produktpalette(2).xlsx:XeisWorks,53,DERIVED,,true,Legacy SKU(s) XW-447.2 auf XW-4047.2 normalisieren; sku_alias für Historie beibehalten.,,
XW-4048,XW-4048,XW-448,,77fa3ea0-e9db-5fb0-be4e-67b67596a77c,NOTEN|entschwunden,HIGH,true,CANONICAL,live,ACTIVE,true,false,Blechhaufn,Blechhaufn,Noten,,,,Entschwunden,SCORE,physical,,,,,,,7-stimmig,7,,PHYSICAL,Entschwunden,Entschwunden,Entschwunden,Entschwunden ist eine Notenausgabe im Blechhaufn-Produktkatalog.,AUTO_DRAFT,GENERATED,Stimmigkeit/Satz: 7-stimmig,Format: PHYSICAL,Kategorie: Noten,,,,22.64,10.00,24.90,EUR,ERP_NET,0.00,true,,,,,,,,,,,,,,,,,,,,false,true,,,,,,,true,Krickl,false,Entschwunden,,Entschwunden,XLSX_SOT_NORMALIZED,Produktpalette(2).xlsx:XeisWorks,54,EXACT,,true,Legacy SKU(s) XW-448 auf XW-4048 normalisieren; sku_alias für Historie beibehalten.,,
XW-4049,XW-4049,XW-449,,e7400701-44e6-5b9f-bc43-590e62d54878,NOTEN|6 kl. stücke z. umr…,HIGH,true,CANONICAL,live,ACTIVE,true,false,Blechhaufn,Blechhaufn,Noten,,,,6 kl. Stücke z. Umr…,SCORE,physical,,,,,,,7-stimmig,7,,PHYSICAL,6 kl. Stücke z. Umr…,6 kl. Stücke z. Umr…,6_kl._Stücke_z._Umr…,6 kl. Stücke z. Umr… ist eine Notenausgabe im Blechhaufn-Produktkatalog.,AUTO_DRAFT,GENERATED,Stimmigkeit/Satz: 7-stimmig,Format: PHYSICAL,Kategorie: Noten,,,,22.64,10.00,24.90,EUR,ERP_NET,0.00,true,,,,,,,,,,,,,,,,,,,,false,true,,,,,,,true,Cumulus_Physisch,false,6 kl. Stücke z. Umr…,,6 kleine Stücke... / A.Wieder,XLSX_SOT_NORMALIZED,Produktpalette(2).xlsx:XeisWorks,55,EXACT,,true,Legacy SKU(s) XW-449 auf XW-4049 normalisieren; sku_alias für Historie beibehalten.,,
XW-4050,XW-4050,XW-450,,18cd2504-dad9-558b-8d5d-6aa2e4c24252,NOTEN|trag mi wind,HIGH,true,CANONICAL,live,ACTIVE,true,false,Blechhaufn,Blechhaufn,Noten,,,,Trag mi Wind,SCORE,physical,,,,,,,7-stimmig,7,,PHYSICAL,Trag mi Wind,Trag mi Wind,Trag_mi_Wind,Trag mi Wind ist eine Notenausgabe im Blechhaufn-Produktkatalog.,AUTO_DRAFT,GENERATED,Stimmigkeit/Satz: 7-stimmig,Format: PHYSICAL,Kategorie: Noten,,,B2B,25.36,10.00,27.90,EUR,ERP_NET,12.00,true,175.0,,,,,,,,,,,,,,,,,,,true,true,product_8fea07e0-54eb-eb8b-95a7-55d0246f9d42,product_8fea07e0-54eb-eb8b-95a7-55d0246f9d42,true,Blechhauf'n|B2B|Brass_7stimmig|BH - WellDone,4f718e_a24e5cab47e047d7b0c4fac2025c4929~mv2.jpg|4f718e_42486a9a289041b99956476b149f80c9~mv2.jpg|4f718e_3311092aabae4799a5bce9a3dfd64dd3~mv2.jpg|4f718e_dfcd9df985294540b6a8a5e7de9d808c,<p>Emotionales Stück von Christian Dreo</p><p>Arr.: Philipp Fellner</p>,true,Flip,false,Trag mi Wind,"Trag mi, Wind",Trag mi Wind,XLSX_SOT_NORMALIZED,Produktpalette(2).xlsx:XeisWorks,56,EXACT,,true,Legacy SKU(s) XW-450 auf XW-4050 normalisieren; sku_alias für Historie beibehalten.,,
XW-4051,XW-4051,XW-451,,b831d434-f44a-5ee4-8cd1-31cb639f06d9,NOTEN|marsch der welt,HIGH,true,CANONICAL,live,ACTIVE,true,false,Blechhaufn,Blechhaufn,Noten,,,,Marsch der Welt,SCORE,physical,,,,,,,7-stimmig,7,,PHYSICAL,Marsch der Welt,Marsch der Welt,Marsch_der_Welt,Marsch der Welt ist eine Notenausgabe im Blechhaufn-Produktkatalog.,AUTO_DRAFT,GENERATED,Stimmigkeit/Satz: 7-stimmig,Format: PHYSICAL,Kategorie: Noten,,,B2B,29.00,10.00,31.90,EUR,ERP_NET,0.00,true,175.0,,,,,,,,,,,,,,,,,,,true,true,product_0241e787-b7aa-9d03-199d-6fce7d1a5410,product_0241e787-b7aa-9d03-199d-6fce7d1a5410,true,Blechhauf'n|B2B|Brass_7stimmig,4f718e_676b6bd4c2df4811b153f9018e4dde0c~mv2.jpg|4f718e_3f8d91a6addd40cdbad73f51916aa299~mv2.jpg|4f718e_f0bce077ad5a4ec3b27dc4e9d513e85c~mv2.jpg|4f718e_45cf217632bf41d1b260d3db31a5c116,<p>Komp./Arr.: Albert Wieder</p>,true,Albert,false,Marsch der Welt,Marsch der Welt,Marsch der Welt [8tett],XLSX_SOT_NORMALIZED,Produktpalette(2).xlsx:XeisWorks,57,EXACT,,true,Legacy SKU(s) XW-451 auf XW-4051 normalisieren; sku_alias für Historie beibehalten.,,
XW-4052,XW-4052,XW-452,,d2c16d0c-9a49-501c-bb03-dbf896104ac7,NOTEN|well done,HIGH,true,CANONICAL,live,ACTIVE,true,false,Blechhaufn,Blechhaufn,Noten,,,,Well Done,SCORE,physical,,,,,,,7-stimmig,7,,PHYSICAL,Well Done,Well Done,Well_Done,Well Done ist eine Notenausgabe im Blechhaufn-Produktkatalog.,AUTO_DRAFT,GENERATED,Stimmigkeit/Satz: 7-stimmig,Format: PHYSICAL,Kategorie: Noten,,,B2B,25.36,10.00,27.90,EUR,ERP_NET,1.00,true,175.0,,,,,,,,,,,,,,,,,,,true,true,product_a58af44d-be72-8103-612a-d30d894d4729,product_a58af44d-be72-8103-612a-d30d894d4729,true,Blechhauf'n|B2B|Brass_7stimmig|BH - WellDone,4f718e_556dd2307a9f4c1b9a49e1dae17f9aa2~mv2.jpg|4f718e_9ba7017edcdc43b19f9c5f30d359db06~mv2.jpg|4f718e_feb6061c3078404ebdc6ee7bde193eec~mv2.jpg|4f718e_1192ddfa95f946bda94a73c20db24226,<p>Komp./Arr.: Bernhard Holl</p>,true,XeisWorks_Print@Home,false,Well Done,Well Done,Well Done,XLSX_SOT_NORMALIZED,Produktpalette(2).xlsx:XeisWorks,58,EXACT,,true,Legacy SKU(s) XW-452 auf XW-4052 normalisieren; sku_alias für Historie beibehalten.,,
XW-4053,XW-4053,XW-453,,d845da8f-46cf-5be9-9ced-b1047a2bd3bf,NOTEN|ana für's herz,HIGH,true,CANONICAL,live,ACTIVE,true,false,Blechhaufn,Blechhaufn,Noten,,,,Ana für's Herz,SCORE,physical,,,,,,,7-stimmig,7,,PHYSICAL,Ana für's Herz,Ana für's Herz,Ana_für's_Herz,Ana für's Herz ist eine Notenausgabe im Blechhaufn-Produktkatalog.,AUTO_DRAFT,GENERATED,Stimmigkeit/Satz: 7-stimmig,Format: PHYSICAL,Kategorie: Noten,,,B2B,25.36,10.00,27.90,EUR,ERP_NET,2.00,true,175.0,,,,,,,,,,,,,,,,,,,true,true,product_71608abc-ab47-5e0a-bde0-9d59aa6415ba,product_71608abc-ab47-5e0a-bde0-9d59aa6415ba,true,Blechhauf'n|B2B|Brass_7stimmig|BH - WellDone,4f718e_5e819bfe14764314b825555c2018fd93~mv2.jpg|4f718e_dc7720d16cff4aa2be49fae0f60ed4cb~mv2.jpg|4f718e_196c0972d0af4afc8743985107fb4f04~mv2.jpg|4f718e_d7cc31f0226047cab6672797e829853f,<p>Komp.: Julia &amp; Philipp Fellner</p><p>Arr.: Philipp Fellner</p>,true,Flip,false,Ana für's Herz,Ana für's Herz,Ana für's Herz,XLSX_SOT_NORMALIZED,Produktpalette(2).xlsx:XeisWorks,59,EXACT,,true,Legacy SKU(s) XW-453 auf XW-4053 normalisieren; sku_alias für Historie beibehalten.,,
XW-4054,XW-4054,XW-454,,4c09b1bf-b471-5936-b33f-67a8f140988c,NOTEN|komische polka,HIGH,true,CANONICAL,live,ACTIVE,true,false,Blechhaufn,Blechhaufn,Noten,,,,Komische Polka,SCORE,physical,,,,,,,7-stimmig,7,,PHYSICAL,Komische Polka,Komische Polka,Komische_Polka,Komische Polka ist eine Notenausgabe im Blechhaufn-Produktkatalog.,AUTO_DRAFT,GENERATED,Stimmigkeit/Satz: 7-stimmig,Format: PHYSICAL,Kategorie: Noten,,,B2B,25.36,10.00,27.90,EUR,ERP_NET,1.00,true,175.0,,,,,,,,,,,,,,,,,,,true,true,product_0aa5fcac-3865-d0a5-e12c-7691eba4ac7e,product_0aa5fcac-3865-d0a5-e12c-7691eba4ac7e,true,Blechhauf'n|B2B|Brass_7stimmig|BH - WellDone,4f718e_000fd0a122fb4030a5b0c34b346da495~mv2.jpg|4f718e_c285ac74e4bf4bafb1e4ae43b59f8d11~mv2.jpg|4f718e_567a74c8d7cb49c687bf0625271601f8~mv2.jpg|4f718e_c1323ec7adfb49a098b0ae7b8e1e3acd,<p>Komp./Arr.: Albert Wieder</p>,true,Albert,false,Komische Polka,Komische Polka,Komische Polka,XLSX_SOT_NORMALIZED,Produktpalette(2).xlsx:XeisWorks,60,EXACT,,true,Legacy SKU(s) XW-454 auf XW-4054 normalisieren; sku_alias für Historie beibehalten.,,
XW-4055,XW-4055,XW-455,,97b9407d-6fd2-50bc-acb1-05bb615741d0,NOTEN|auf da brandlhütt'n,HIGH,true,CANONICAL,live,ACTIVE,true,false,Blechhaufn,Blechhaufn,Noten,,,,Auf da Brandlhütt'n,SCORE,physical,,,,,,,7-stimmig,7,,PHYSICAL,Auf da Brandlhütt'n,Auf da Brandlhütt'n,Auf_da_Brandlhütt'n,Auf da Brandlhütt'n ist eine Notenausgabe im Blechhaufn-Produktkatalog.,AUTO_DRAFT,GENERATED,Stimmigkeit/Satz: 7-stimmig,Format: PHYSICAL,Kategorie: Noten,,,B2B,25.36,10.00,27.90,EUR,ERP_NET,0.00,true,175.0,,,,,,,,,,,,,,,,,,,true,true,product_57bf1334-2dbb-a09e-1b85-db24f513ea1f,product_57bf1334-2dbb-a09e-1b85-db24f513ea1f,true,Blechhauf'n|B2B|Brass_7stimmig|BH - WellDone,4f718e_92762fa45ce9429082352fa77e5ab9c8~mv2.jpg|4f718e_f4059eaa116e4b019c5b5e8342fb4c40~mv2.jpg|4f718e_6c9c8d9d109f4e32b067487a797a7bf4~mv2.jpg|4f718e_713b45ff798e437d8e6679531c0475b5,<p>Komp./Arr.: Philipp Fellner</p>,true,Flip,false,Auf da Brandlhütt'n,Auf da Brandlhütt'n,Auf der Brandlhütt'n,XLSX_SOT_NORMALIZED,Produktpalette(2).xlsx:XeisWorks,61,EXACT,,true,Legacy SKU(s) XW-455 auf XW-4055 normalisieren; sku_alias für Historie beibehalten.,,
XW-4056,XW-4056,XW-456,,de2aa2b4-9e3e-5e8e-9ed5-6971066598ef,NOTEN|musette,HIGH,true,CANONICAL,live,ACTIVE,true,false,Blechhaufn,Blechhaufn,Noten,,,,Musette,SCORE,physical,,,,,,,7-stimmig,7,,PHYSICAL,Musette,Musette,Musette,Musette ist eine Notenausgabe im Blechhaufn-Produktkatalog.,AUTO_DRAFT,GENERATED,Stimmigkeit/Satz: 7-stimmig,Format: PHYSICAL,Kategorie: Noten,,,B2B,22.64,10.00,24.90,EUR,ERP_NET,0.00,true,175.0,,,,,,,,,,,,,,,,,,,true,true,product_99b178a4-0014-3608-60bc-5f16f8882537,product_99b178a4-0014-3608-60bc-5f16f8882537,true,Blechhauf'n|B2B|Brass_7stimmig|BH - Wirtshausrunde,4f718e_fcebcdae7cd243c09b82bb2d5b8c4bdc~mv2.jpg|4f718e_cd379dbb5e744ecaa196219a756a5ed3~mv2.jpg|4f718e_8588515cc0b44edc94698ba0d3031938,<p>Komp./Arr.: Albert Wieder</p>,true,Cumulus_Physisch,false,Musette,Musette,Musette,XLSX_SOT_NORMALIZED,Produktpalette(2).xlsx:XeisWorks,62,EXACT,,true,Legacy SKU(s) XW-456 auf XW-4056 normalisieren; sku_alias für Historie beibehalten.,,
XW-4057,XW-4057,XW-457,,e7ab38de-6b04-575a-88b1-a71d44dc181f,NOTEN|cabernet polka,HIGH,true,CANONICAL,live,ACTIVE,true,false,Blechhaufn,Blechhaufn,Noten,,,,Cabernet Polka,SCORE,physical,,,,,,,7-stimmig,7,,PHYSICAL,Cabernet Polka,Cabernet Polka,Cabernet_Polka,Cabernet Polka ist eine Notenausgabe im Blechhaufn-Produktkatalog.,AUTO_DRAFT,GENERATED,Stimmigkeit/Satz: 7-stimmig,Format: PHYSICAL,Kategorie: Noten,,,B2B,25.36,10.00,27.90,EUR,ERP_NET,0.00,true,175.0,,,,,,,,,,,,,,,,,,,true,true,product_a7849a08-8012-5f45-fc2f-894f09759847,product_a7849a08-8012-5f45-fc2f-894f09759847,true,Blechhauf'n|B2B|Brass_7stimmig|BH - WellDone,4f718e_e6e94d3159f34525a314c79e70cefd99~mv2.jpg|4f718e_63bc9b529de94978862351fd8a903f7a~mv2.jpg|4f718e_91b9bba5644343839cb553a1525f868b~mv2.jpg|4f718e_1cfdf42614dd4779a8ed2df6e545fd8c,<p>Komp./Arr.: Albert Wieder</p>,true,Albert,false,Cabernet Polka,Cabernet Polka,Cabernet Polka,XLSX_SOT_NORMALIZED,Produktpalette(2).xlsx:XeisWorks,63,EXACT,,true,Legacy SKU(s) XW-457 auf XW-4057 normalisieren; sku_alias für Historie beibehalten.,,
XW-4058,XW-4058,XW-458,,97e0a532-2241-5197-a0df-6b6f5a732463,NOTEN|allemanda,HIGH,true,CANONICAL,live,ACTIVE,true,false,Blechhaufn,Blechhaufn,Noten,,,,Allemanda,SCORE,physical,,,,,,,7-stimmig,7,,PHYSICAL,Allemanda,Allemanda,Allemanda,Allemanda ist eine Notenausgabe im Blechhaufn-Produktkatalog.,AUTO_DRAFT,GENERATED,Stimmigkeit/Satz: 7-stimmig,Format: PHYSICAL,Kategorie: Noten,,,B2B,19.91,10.00,21.90,EUR,ERP_NET,0.00,true,175.0,,,,,,,,,,,,,,,,,,,true,true,product_fdfdbaed-7507-7705-95c6-e322002b0415,product_fdfdbaed-7507-7705-95c6-e322002b0415,true,Blechhauf'n|B2B|Brass_7stimmig|BH - BH,4f718e_0cdfa067b2bd428ebcd8abe9983a700d~mv2.jpg|4f718e_cd986acf5b12438989099bd379abc12a~mv2.jpg|4f718e_23aa4e517caa4df2af341d73b6ccb92f~mv2.jpg|4f718e_04aeac7195e04715aae4451d6e1e04bd,<p>Komp.: Antonio Vivaldi</p><p>Arr.: Albert Wieder</p>,true,Cumulus_Physisch,false,Allemanda,Allemanda,Allemanda,XLSX_SOT_NORMALIZED,Produktpalette(2).xlsx:XeisWorks,64,EXACT,,true,Legacy SKU(s) XW-458 auf XW-4058 normalisieren; sku_alias für Historie beibehalten.,,
XW-4059,XW-4059,,,11036733-16b9-5b67-b136-68fb0d3ed245,CD|vorübermorgen,HIGH,true,CANONICAL,live,ACTIVE,true,false,Blechhaufn,Blechhaufn,CD,,,,vorÜbermorgen,cd,physical,,,,,,,,,,PHYSICAL,vorÜbermorgen,vorÜbermorgen,vorÜbermorgen,vorÜbermorgen ist eine CD-Ausgabe im Blechhaufn-Produktkatalog.,AUTO_DRAFT,GENERATED,Format: PHYSICAL,Kategorie: CD,,,,,,10.00,,EUR,,,,,,,,,,,,,,,,,,,,,,,false,true,,,,,,,false,,false,vorÜbermorgen,,,XLSX_SOT_NORMALIZED,Produktpalette(2).xlsx:XeisWorks,66,EXACT,,false,,,
XW-4060,XW-4060,,,7d23771b-cb32-5a20-99a9-162482b04972,CD|tierzuliebe,HIGH,true,CANONICAL,live,ACTIVE,true,false,Blechhaufn,Blechhaufn,CD,,,,Tierzuliebe,cd,physical,,,,,,,,,,PHYSICAL,Tierzuliebe,Tierzuliebe,Tierzuliebe,Tierzuliebe ist eine CD-Ausgabe im Blechhaufn-Produktkatalog.,AUTO_DRAFT,GENERATED,Format: PHYSICAL,Kategorie: CD,,,,,,10.00,,EUR,,,,,,,,,,,,,,,,,,,,,,,false,true,,,,,,,false,,false,Tierzuliebe,,,XLSX_SOT_NORMALIZED,Produktpalette(2).xlsx:XeisWorks,67,EXACT,,false,,,
XW-4061,XW-4061,,,832aef21-7d2c-557d-bcbf-782278efb1de,CD|betörend röhrend,HIGH,true,CANONICAL,live,ACTIVE,true,false,Blechhaufn,Blechhaufn,CD,,,,Betörend röhrend,cd,physical,,,,,,,,,,PHYSICAL,Betörend röhrend,Betörend röhrend,Betörend_röhrend,Betörend röhrend ist eine CD-Ausgabe im Blechhaufn-Produktkatalog.,AUTO_DRAFT,GENERATED,Format: PHYSICAL,Kategorie: CD,,,,,,10.00,,EUR,,,,,,,,,,,,,,,,,,,,,,,false,true,,,,,,,false,,false,Betörend röhrend,,,XLSX_SOT_NORMALIZED,Produktpalette(2).xlsx:XeisWorks,68,EXACT,,false,,,
XW-4062,XW-4062,,,56a05ccb-a8fb-5727-b0d3-c5caad8d34ac,CD|entertainment live,HIGH,true,CANONICAL,live,ACTIVE,true,false,Blechhaufn,Blechhaufn,CD,,,,Entertainment live,cd,physical,,,,,,,,,,PHYSICAL,Entertainment live,Entertainment live,Entertainment_live,Entertainment live ist eine CD-Ausgabe im Blechhaufn-Produktkatalog.,AUTO_DRAFT,GENERATED,Format: PHYSICAL,Kategorie: CD,,,,,,10.00,,EUR,,,,,,,,,,,,,,,,,,,,,,,false,true,,,,,,,false,,false,Entertainment live,,,XLSX_SOT_NORMALIZED,Produktpalette(2).xlsx:XeisWorks,69,EXACT,,false,,,
XW-4063,XW-4063,,,21e759f4-044d-5e19-a3cc-f14bffa995d0,CD|bh,HIGH,true,CANONICAL,live,ACTIVE,true,false,Blechhaufn,Blechhaufn,CD,,,,BH,cd,physical,,,,,,,,,,PHYSICAL,BH,BH,BH,BH ist eine CD-Ausgabe im Blechhaufn-Produktkatalog.,AUTO_DRAFT,GENERATED,Format: PHYSICAL,Kategorie: CD,,,,,,10.00,,EUR,,,,,,,,,,,,,,,,,,,,,,,false,true,,,,,,,false,,false,BH,,,XLSX_SOT_NORMALIZED,Produktpalette(2).xlsx:XeisWorks,70,EXACT,,false,,,
XW-4064,XW-4064,,,67ac25f5-fe51-56cb-887a-751a671a5c69,CD|on the road,HIGH,true,CANONICAL,live,ACTIVE,true,false,Blechhaufn,Blechhaufn,CD,,,,On The Road,cd,physical,,,,,,,,,,PHYSICAL,On The Road,On The Road,On_The_Road,On The Road ist eine CD-Ausgabe im Blechhaufn-Produktkatalog.,AUTO_DRAFT,GENERATED,Format: PHYSICAL,Kategorie: CD,,,,,,10.00,,EUR,,,,,,,,,,,,,,,,,,,,,,,false,true,,,,,,,false,,false,On The Road,,,XLSX_SOT_NORMALIZED,Produktpalette(2).xlsx:XeisWorks,71,EXACT,,false,,,
XW-4065,XW-4065,,,d1979dc3-5c8f-54be-9a19-dc471da0e20c,CD|bh xxl,HIGH,true,CANONICAL,live,ACTIVE,true,false,Blechhaufn,Blechhaufn,CD,,,,BH XXL,cd,physical,,,,,,,,,,PHYSICAL,BH XXL,BH XXL,BH_XXL,BH XXL ist eine CD-Ausgabe im Blechhaufn-Produktkatalog.,AUTO_DRAFT,GENERATED,Format: PHYSICAL,Kategorie: CD,,,,,,10.00,,EUR,,,,,,,,,,,,,,,,,,,,,,,false,true,,,,,,,false,,false,BH XXL,,,XLSX_SOT_NORMALIZED,Produktpalette(2).xlsx:XeisWorks,72,EXACT,,false,,,
XW-4066,XW-4066,,,5e213fe3-9499-509d-a27a-3478e5439a77,CD|wirtshausrunde,HIGH,true,CANONICAL,live,ACTIVE,true,false,Blechhaufn,Blechhaufn,CD,,,,Wirtshausrunde,cd,physical,,,,,,,,,,PHYSICAL,Wirtshausrunde,Wirtshausrunde,Wirtshausrunde,Wirtshausrunde ist eine CD-Ausgabe im Blechhaufn-Produktkatalog.,AUTO_DRAFT,GENERATED,Format: PHYSICAL,Kategorie: CD,,,,,,10.00,,EUR,,,,,,,,,,,,,,,,,,,,,,,false,true,,,,,,,false,,false,Wirtshausrunde,,,XLSX_SOT_NORMALIZED,Produktpalette(2).xlsx:XeisWorks,73,EXACT,,false,,,
XW-4067,XW-4067,,,e0bc121b-6b14-5634-9d60-96bd8bc1d254,CD|home,HIGH,true,CANONICAL,live,ACTIVE,true,false,Blechhaufn,Blechhaufn,CD,,,,Home,cd,physical,,,,,,,,,,PHYSICAL,Home,Home,Home,Home ist eine CD-Ausgabe im Blechhaufn-Produktkatalog.,AUTO_DRAFT,GENERATED,Format: PHYSICAL,Kategorie: CD,,,,,,10.00,,EUR,,,,,,,,,,,,,,,,,,,,,,,false,true,,,,,,,false,,false,Home,,,XLSX_SOT_NORMALIZED,Produktpalette(2).xlsx:XeisWorks,74,EXACT,,false,,,
XW-4068,XW-4068,,,446958bd-7e16-5913-bd0b-277d65dcc9af,RESERVED|XW-4068,LOW,true,CANONICAL,draft,RESERVED,false,false,Blechhaufn,Blech-7er,Reserviert,,,,,cd,physical,,,,,,,,,,PHYSICAL,Reserviert - XW-4068,Reserviert - XW-4068,Reserviert_XW-4068,Reserviert - XW-4068 ist eine reservierte Artikelnummer im XW Product Hub.,AUTO_DRAFT,GENERATED,Format: PHYSICAL,,,,,,,10.00,,EUR,,,,,,,,,,,,,,,,,,,,,,,false,false,,,,,,,false,,false,,,,XLSX_SOT_RESERVED,Produktpalette(2).xlsx:XeisWorks,75,RESERVED,,false,,,
XW-4069,XW-4069,,,ff2aeecc-b486-5081-a544-4e7df5a4d4b9,RESERVED|XW-4069,LOW,true,CANONICAL,draft,RESERVED,false,false,Blechhaufn,Blech-7er,Reserviert,,,,,cd,physical,,,,,,,,,,PHYSICAL,Reserviert - XW-4069,Reserviert - XW-4069,Reserviert_XW-4069,Reserviert - XW-4069 ist eine reservierte Artikelnummer im XW Product Hub.,AUTO_DRAFT,GENERATED,Format: PHYSICAL,,,,,,,10.00,,EUR,,,,,,,,,,,,,,,,,,,,,,,false,false,,,,,,,false,,false,,,,XLSX_SOT_RESERVED,Produktpalette(2).xlsx:XeisWorks,76,RESERVED,,false,,,
XW-4070,XW-4070,,,9e469d8e-f2fe-5e3e-8e61-fabaebc74cf6,RESERVED|XW-4070,LOW,true,CANONICAL,draft,RESERVED,false,false,Blechhaufn,Blech-7er,Reserviert,,,,,cd,physical,,,,,,,,,,PHYSICAL,Reserviert - XW-4070,Reserviert - XW-4070,Reserviert_XW-4070,Reserviert - XW-4070 ist eine reservierte Artikelnummer im XW Product Hub.,AUTO_DRAFT,GENERATED,Format: PHYSICAL,,,,,,,10.00,,EUR,,,,,,,,,,,,,,,,,,,,,,,false,false,,,,,,,false,,false,,,,XLSX_SOT_RESERVED,Produktpalette(2).xlsx:XeisWorks,77,RESERVED,,false,,,
XW-4071,XW-4071,,,1ccd0d9c-34a0-5be2-adb7-51844ec1edef,RESERVED|XW-4071,LOW,true,CANONICAL,draft,RESERVED,false,false,Blechhaufn,Blech-7er,Reserviert,,,,,cd,physical,,,,,,,,,,PHYSICAL,Reserviert - XW-4071,Reserviert - XW-4071,Reserviert_XW-4071,Reserviert - XW-4071 ist eine reservierte Artikelnummer im XW Product Hub.,AUTO_DRAFT,GENERATED,Format: PHYSICAL,,,,,,,10.00,,EUR,,,,,,,,,,,,,,,,,,,,,,,false,false,,,,,,,false,,false,,,,XLSX_SOT_RESERVED,Produktpalette(2).xlsx:XeisWorks,78,RESERVED,,false,,,
XW-4072,XW-4072,,,046e419c-a82c-5242-925a-ae504993cca1,RESERVED|XW-4072,LOW,true,CANONICAL,draft,RESERVED,false,false,Blechhaufn,Blech-7er,Reserviert,,,,,cd,physical,,,,,,,,,,PHYSICAL,Reserviert - XW-4072,Reserviert - XW-4072,Reserviert_XW-4072,Reserviert - XW-4072 ist eine reservierte Artikelnummer im XW Product Hub.,AUTO_DRAFT,GENERATED,Format: PHYSICAL,,,,,,,10.00,,EUR,,,,,,,,,,,,,,,,,,,,,,,false,false,,,,,,,false,,false,,,,XLSX_SOT_RESERVED,Produktpalette(2).xlsx:XeisWorks,79,RESERVED,,false,,,
XW-4073,XW-4073,,,6c9fdbe4-7366-562d-8265-6bb7b0cfad88,RESERVED|XW-4073,LOW,true,CANONICAL,draft,RESERVED,false,false,Blechhaufn,Blech-7er,Reserviert,,,,,cd,physical,,,,,,,,,,PHYSICAL,Reserviert - XW-4073,Reserviert - XW-4073,Reserviert_XW-4073,Reserviert - XW-4073 ist eine reservierte Artikelnummer im XW Product Hub.,AUTO_DRAFT,GENERATED,Format: PHYSICAL,,,,,,,10.00,,EUR,,,,,,,,,,,,,,,,,,,,,,,false,false,,,,,,,false,,false,,,,XLSX_SOT_RESERVED,Produktpalette(2).xlsx:XeisWorks,80,RESERVED,,false,,,
XW-4074,XW-4074,,,20bf6d7d-2e9c-5d8f-b8ba-4ddb696a5823,RESERVED|XW-4074,LOW,true,CANONICAL,draft,RESERVED,false,false,Blechhaufn,Blech-7er,Reserviert,,,,,cd,physical,,,,,,,,,,PHYSICAL,Reserviert - XW-4074,Reserviert - XW-4074,Reserviert_XW-4074,Reserviert - XW-4074 ist eine reservierte Artikelnummer im XW Product Hub.,AUTO_DRAFT,GENERATED,Format: PHYSICAL,,,,,,,10.00,,EUR,,,,,,,,,,,,,,,,,,,,,,,false,false,,,,,,,false,,false,,,,XLSX_SOT_RESERVED,Produktpalette(2).xlsx:XeisWorks,81,RESERVED,,false,,,
XW-4075,XW-4075,,,aa935707-fcd0-5199-b5b0-4db705b3c272,RESERVED|XW-4075,LOW,true,CANONICAL,draft,RESERVED,false,false,Blechhaufn,Blech-7er,Reserviert,,,,,cd,physical,,,,,,,,,,PHYSICAL,Reserviert - XW-4075,Reserviert - XW-4075,Reserviert_XW-4075,Reserviert - XW-4075 ist eine reservierte Artikelnummer im XW Product Hub.,AUTO_DRAFT,GENERATED,Format: PHYSICAL,,,,,,,10.00,,EUR,,,,,,,,,,,,,,,,,,,,,,,false,false,,,,,,,false,,false,,,,XLSX_SOT_RESERVED,Produktpalette(2).xlsx:XeisWorks,82,RESERVED,,false,,,
XW-4076,XW-4076,,,3fd6dad2-86d6-598f-828d-d9406acc47f3,RESERVED|XW-4076,LOW,true,CANONICAL,draft,RESERVED,false,false,Blechhaufn,Blech-7er,Reserviert,,,,,cd,physical,,,,,,,,,,PHYSICAL,Reserviert - XW-4076,Reserviert - XW-4076,Reserviert_XW-4076,Reserviert - XW-4076 ist eine reservierte Artikelnummer im XW Product Hub.,AUTO_DRAFT,GENERATED,Format: PHYSICAL,,,,,,,10.00,,EUR,,,,,,,,,,,,,,,,,,,,,,,false,false,,,,,,,false,,false,,,,XLSX_SOT_RESERVED,Produktpalette(2).xlsx:XeisWorks,83,RESERVED,,false,,,
XW-4077,XW-4077,,,647fce37-80f7-5cd1-9694-563c9175e6be,RESERVED|XW-4077,LOW,true,CANONICAL,draft,RESERVED,false,false,Blechhaufn,Blech-7er,Reserviert,,,,,cd,physical,,,,,,,,,,PHYSICAL,Reserviert - XW-4077,Reserviert - XW-4077,Reserviert_XW-4077,Reserviert - XW-4077 ist eine reservierte Artikelnummer im XW Product Hub.,AUTO_DRAFT,GENERATED,Format: PHYSICAL,,,,,,,10.00,,EUR,,,,,,,,,,,,,,,,,,,,,,,false,false,,,,,,,false,,false,,,,XLSX_SOT_RESERVED,Produktpalette(2).xlsx:XeisWorks,84,RESERVED,,false,,,
XW-4078,XW-4078,,,6101bd64-0a84-5859-b897-5939e9c356ac,RESERVED|XW-4078,LOW,true,CANONICAL,draft,RESERVED,false,false,Blechhaufn,Blech-7er,Reserviert,,,,,cd,physical,,,,,,,,,,PHYSICAL,Reserviert - XW-4078,Reserviert - XW-4078,Reserviert_XW-4078,Reserviert - XW-4078 ist eine reservierte Artikelnummer im XW Product Hub.,AUTO_DRAFT,GENERATED,Format: PHYSICAL,,,,,,,10.00,,EUR,,,,,,,,,,,,,,,,,,,,,,,false,false,,,,,,,false,,false,,,,XLSX_SOT_RESERVED,Produktpalette(2).xlsx:XeisWorks,85,RESERVED,,false,,,
XW-4079,XW-4079,,,6852b523-2288-5698-98a9-be8ab010064e,RESERVED|XW-4079,LOW,true,CANONICAL,draft,RESERVED,false,false,Blechhaufn,Blech-7er,Reserviert,,,,,cd,physical,,,,,,,,,,PHYSICAL,Reserviert - XW-4079,Reserviert - XW-4079,Reserviert_XW-4079,Reserviert - XW-4079 ist eine reservierte Artikelnummer im XW Product Hub.,AUTO_DRAFT,GENERATED,Format: PHYSICAL,,,,,,,10.00,,EUR,,,,,,,,,,,,,,,,,,,,,,,false,false,,,,,,,false,,false,,,,XLSX_SOT_RESERVED,Produktpalette(2).xlsx:XeisWorks,86,RESERVED,,false,,,
XW-4080,XW-4080,,,08e0da90-3fe6-5b25-98da-dbb1998988fe,NOTEN|bohemy bawarian,HIGH,true,CANONICAL,live,ACTIVE,true,false,Blechhaufn,Blechhaufn,Noten,,,,Bohemy Bawarian,SCORE,digital,,,,,,,7-stimmig,7,,PRINT_AT_HOME,Bohemy Bawarian,Bohemy Bawarian,Bohemy_Bawarian,Komp./Arr.: Bernhard Holl,SOURCE,WIX,Komp./Arr.: Bernhard Holl,,,,,B2B,25.36,10.00,27.90,EUR,ERP_NET,2.00,true,175.0,,,,,,,,,,,,,,,,,,,true,true,product_e5ec287a-9fc8-e317-1976-c9291f765a11,product_e5ec287a-9fc8-e317-1976-c9291f765a11,true,Blechhauf'n|B2B|Brass_7stimmig|BH - OnAir,4f718e_6f5f028fecc147c5a388f4ab5a341bb6~mv2.jpg|4f718e_5fa3b9fb4d9844eca140c29dddaffd6e~mv2.jpg|4f718e_64ac5e8fc2794fd4ae37a8ef13526375~mv2.jpg|4f718e_3a52c283bc6a476887ee45bb492a8709~mv2.jpg,<p>Komp./Arr.: Bernhard Holl</p>,true,XeisWorks_Print@Home,false,Bohemy Bawarian,Bohemy Bawarian,Bohemy Bawarian,XLSX_SOT_NORMALIZED,Produktpalette(2).xlsx:XeisWorks,88,EXACT,,false,,,
XW-4081,XW-4081,,,145ae2e5-c227-5eff-83f3-ee2aeb4e5194,NOTEN|jalapeno,HIGH,true,CANONICAL,live,ACTIVE,true,false,Blechhaufn,Blechhaufn,Noten,,,,Jalapeno,SCORE,physical,,,,,,,7-stimmig,7,,PHYSICAL,Jalapeno,Jalapeno,Jalapeno,Komp./Arr.: Albert Wieder,SOURCE,WIX,Komp./Arr.: Albert Wieder,,,,,B2B,25.36,10.00,27.90,EUR,ERP_NET,0.00,true,175.0,,,,,,,,,,,,,,,,,,,true,true,product_5c596cf5-bf14-4416-c09b-837659e8657a,product_5c596cf5-bf14-4416-c09b-837659e8657a,true,Blechhauf'n|B2B|Brass_7stimmig|BH - OnAir,4f718e_adbe21eaf00e4d59a11080236551a799~mv2.jpg|4f718e_029c90ac15204e9d9d8c6a4e69af2000~mv2.jpg|4f718e_1da048c8760b4817b0a61b07c97b673c~mv2.jpg|4f718e_e751f4be663048f0a78e4c168c0d1ba8~mv2.jpg|4f718e_00ccf9fe81494facb65f92505eb8cf28~mv2.jpg,<p>Komp./Arr.: Albert Wieder</p>,true,Albert,false,Jalapeno,Jalapeño,Jalapeño,XLSX_SOT_NORMALIZED,Produktpalette(2).xlsx:XeisWorks,89,EXACT,,false,,,
XW-4082,XW-4082,,,2c602e62-6197-597e-86f7-3a0d54588c08,NOTEN|brandlalm boarischer,HIGH,true,CANONICAL,live,ACTIVE,true,false,Blechhaufn,Blechhaufn,Noten,,,,Brandlalm Boarischer,SCORE,physical,,,,,,,7-stimmig,7,,PHYSICAL,Brandlalm Boarischer,Brandlalm Boarischer,Brandlalm_Boarischer,"Komp.: Julia & Philipp Fellner
Arr.: Philipp Fellner",SOURCE,WIX,Arr.: Philipp Fellner,,,,,B2B,22.64,10.00,24.90,EUR,ERP_NET,0.00,true,175.0,,,,,,,,,,,,,,,,,,,true,true,product_6e20eedd-8611-afa3-b96c-61b28fb9353f,product_6e20eedd-8611-afa3-b96c-61b28fb9353f,true,Blechhauf'n|B2B|Brass_7stimmig|BH - WellDone,4f718e_58ec2f314e5340b1af9c39b9d1c56ee0~mv2.jpg|4f718e_5470494f4b64457f9ea75b7964c1e361~mv2.jpg|4f718e_bc76a57dd56744b09914090b52acbbe9~mv2.jpg|4f718e_0fbfa6af85314d439fa37622dc24e871~mv2.jpg,<p>Komp.: Julia &amp; Philipp Fellner</p><p>Arr.: Philipp Fellner</p>,true,Flip,false,Brandlalm Boarischer,Brandlalm Boarischer,Brandlalm Boarischer,XLSX_SOT_NORMALIZED,Produktpalette(2).xlsx:XeisWorks,90,EXACT,,false,,,
XW-4083,XW-4083,,,887106c8-39fc-5a68-a467-b95932b65d9f,NOTEN|song for julia,HIGH,true,CANONICAL,live,ACTIVE,true,false,Blechhaufn,Blechhaufn,Noten,,,,Song for Julia,SCORE,physical,,,,,,,7-stimmig,7,,PHYSICAL,Song for Julia,Song for Julia,Song_for_Julia,Komp./Arr.: Philipp Fellner,SOURCE,WIX,Komp./Arr.: Philipp Fellner,,,,,B2B,20.75,10.00,22.83,EUR,ERP_NET,0.00,false,175.0,,,,,,,,,,,,,,,,,,,true,true,product_e2da82e7-03dd-b8b7-afb2-e147a5761c03,product_e2da82e7-03dd-b8b7-afb2-e147a5761c03,true,B2B|BH - WellDone|BH - Wir sagen euch an|Brass_7stimmig|Blechhauf'n,4f718e_61061faeb71145ecaebf523b285a5966~mv2.jpg,<p>Komp./Arr.: Philipp Fellner</p>,true,Flip,false,Song for Julia,Song for Julia,Song for Julia,XLSX_SOT_NORMALIZED,Produktpalette(2).xlsx:XeisWorks,91,EXACT,,false,,,
XW-4084,XW-4084,,,adcbd864-f2c4-5aa1-a8d8-38e4f01d16bc,NOTEN|smutna milenka,HIGH,true,CANONICAL,live,ACTIVE,true,false,Blechhaufn,Blechhaufn,Noten,,,,Smutna Milenka,SCORE,physical,,,,,,,7-stimmig,7,,PHYSICAL,Smutna Milenka,Smutna Milenka,Smutna_Milenka,Smutna Milenka ist eine Notenausgabe im Blechhaufn-Produktkatalog.,AUTO_DRAFT,GENERATED,Stimmigkeit/Satz: 7-stimmig,Format: PHYSICAL,Kategorie: Noten,,,,,10.00,,EUR,,,,,,,,,,,,,,,,,,,,,,,false,true,,,,,,,false,,false,Smutna Milenka,,,XLSX_SOT_NORMALIZED,Produktpalette(2).xlsx:XeisWorks,92,EXACT,,false,,,
XW-4085,XW-4085,,,cf0ab10c-e2b1-5d77-86bf-0c8e6f777fc8,RESERVED|XW-4085,LOW,true,CANONICAL,draft,RESERVED,false,false,Blechhaufn,Blech-7er,Reserviert,,,,,RESERVED,physical,,,,,,,7-stimmig,7,,PHYSICAL,Reserviert - XW-4085,Reserviert - XW-4085,Reserviert_XW-4085,Reserviert - XW-4085 ist eine reservierte Artikelnummer im XW Product Hub.,AUTO_DRAFT,GENERATED,Stimmigkeit/Satz: 7-stimmig,Format: PHYSICAL,,,,,,10.00,,EUR,,,,,,,,,,,,,,,,,,,,,,,false,false,,,,,,,false,,false,,,,XLSX_SOT_RESERVED,Produktpalette(2).xlsx:XeisWorks,93,RESERVED,,false,,,
XW-4086,XW-4086,,,a3f678e3-9805-569f-ab71-fcf4af444874,RESERVED|XW-4086,LOW,true,CANONICAL,draft,RESERVED,false,false,Blechhaufn,Blech-7er,Reserviert,,,,,RESERVED,physical,,,,,,,7-stimmig,7,,PHYSICAL,Reserviert - XW-4086,Reserviert - XW-4086,Reserviert_XW-4086,Reserviert - XW-4086 ist eine reservierte Artikelnummer im XW Product Hub.,AUTO_DRAFT,GENERATED,Stimmigkeit/Satz: 7-stimmig,Format: PHYSICAL,,,,,,10.00,,EUR,,,,,,,,,,,,,,,,,,,,,,,false,false,,,,,,,false,,false,,,,XLSX_SOT_RESERVED,Produktpalette(2).xlsx:XeisWorks,94,RESERVED,,false,,,
XW-4087,XW-4087,,,35a5734f-6584-5512-99c7-f7685d691324,RESERVED|XW-4087,LOW,true,CANONICAL,draft,RESERVED,false,false,Blechhaufn,Blech-7er,Reserviert,,,,,RESERVED,physical,,,,,,,7-stimmig,7,,PHYSICAL,Reserviert - XW-4087,Reserviert - XW-4087,Reserviert_XW-4087,Reserviert - XW-4087 ist eine reservierte Artikelnummer im XW Product Hub.,AUTO_DRAFT,GENERATED,Stimmigkeit/Satz: 7-stimmig,Format: PHYSICAL,,,,,,10.00,,EUR,,,,,,,,,,,,,,,,,,,,,,,false,false,,,,,,,false,,false,,,,XLSX_SOT_RESERVED,Produktpalette(2).xlsx:XeisWorks,95,RESERVED,,false,,,
XW-4088,XW-4088,,,af29100f-cae3-54d7-b2c3-06d62d46973a,RESERVED|XW-4088,LOW,true,CANONICAL,draft,RESERVED,false,false,Blechhaufn,Blech-7er,Reserviert,,,,,RESERVED,physical,,,,,,,7-stimmig,7,,PHYSICAL,Reserviert - XW-4088,Reserviert - XW-4088,Reserviert_XW-4088,Reserviert - XW-4088 ist eine reservierte Artikelnummer im XW Product Hub.,AUTO_DRAFT,GENERATED,Stimmigkeit/Satz: 7-stimmig,Format: PHYSICAL,,,,,,10.00,,EUR,,,,,,,,,,,,,,,,,,,,,,,false,false,,,,,,,false,,false,,,,XLSX_SOT_RESERVED,Produktpalette(2).xlsx:XeisWorks,96,RESERVED,,false,,,
XW-4089,XW-4089,,,683fc4c0-bd95-5590-8d8a-555acff02595,RESERVED|XW-4089,LOW,true,CANONICAL,draft,RESERVED,false,false,Blechhaufn,Blech-7er,Reserviert,,,,,RESERVED,physical,,,,,,,7-stimmig,7,,PHYSICAL,Reserviert - XW-4089,Reserviert - XW-4089,Reserviert_XW-4089,Reserviert - XW-4089 ist eine reservierte Artikelnummer im XW Product Hub.,AUTO_DRAFT,GENERATED,Stimmigkeit/Satz: 7-stimmig,Format: PHYSICAL,,,,,,10.00,,EUR,,,,,,,,,,,,,,,,,,,,,,,false,false,,,,,,,false,,false,,,,XLSX_SOT_RESERVED,Produktpalette(2).xlsx:XeisWorks,97,RESERVED,,false,,,
XW-4090,XW-4090,,,53319fdf-240f-52f9-b37e-82a576216840,RESERVED|XW-4090,LOW,true,CANONICAL,draft,RESERVED,false,false,Blechhaufn,Blech-7er,Reserviert,,,,,RESERVED,physical,,,,,,,7-stimmig,7,,PHYSICAL,Reserviert - XW-4090,Reserviert - XW-4090,Reserviert_XW-4090,Reserviert - XW-4090 ist eine reservierte Artikelnummer im XW Product Hub.,AUTO_DRAFT,GENERATED,Stimmigkeit/Satz: 7-stimmig,Format: PHYSICAL,,,,,,10.00,,EUR,,,,,,,,,,,,,,,,,,,,,,,false,false,,,,,,,false,,false,,,,XLSX_SOT_RESERVED,Produktpalette(2).xlsx:XeisWorks,98,RESERVED,,false,,,
XW-4091,XW-4091,,,0326afaf-d97b-524f-8d21-0c78b9e961a9,RESERVED|XW-4091,LOW,true,CANONICAL,draft,RESERVED,false,false,Blechhaufn,Blech-7er,Reserviert,,,,,RESERVED,physical,,,,,,,7-stimmig,7,,PHYSICAL,Reserviert - XW-4091,Reserviert - XW-4091,Reserviert_XW-4091,Reserviert - XW-4091 ist eine reservierte Artikelnummer im XW Product Hub.,AUTO_DRAFT,GENERATED,Stimmigkeit/Satz: 7-stimmig,Format: PHYSICAL,,,,,,10.00,,EUR,,,,,,,,,,,,,,,,,,,,,,,false,false,,,,,,,false,,false,,,,XLSX_SOT_RESERVED,Produktpalette(2).xlsx:XeisWorks,99,RESERVED,,false,,,
XW-4092,XW-4092,,,f5048749-2a18-5b12-81ef-0139fd17bc4a,RESERVED|XW-4092,LOW,true,CANONICAL,draft,RESERVED,false,false,Blechhaufn,Blech-7er,Reserviert,,,,,RESERVED,physical,,,,,,,7-stimmig,7,,PHYSICAL,Reserviert - XW-4092,Reserviert - XW-4092,Reserviert_XW-4092,Reserviert - XW-4092 ist eine reservierte Artikelnummer im XW Product Hub.,AUTO_DRAFT,GENERATED,Stimmigkeit/Satz: 7-stimmig,Format: PHYSICAL,,,,,,10.00,,EUR,,,,,,,,,,,,,,,,,,,,,,,false,false,,,,,,,false,,false,,,,XLSX_SOT_RESERVED,Produktpalette(2).xlsx:XeisWorks,100,RESERVED,,false,,,
XW-4093,XW-4093,,,142a3bea-70d8-5c79-b2cd-782ebf1483ed,RESERVED|XW-4093,LOW,true,CANONICAL,draft,RESERVED,false,false,Blechhaufn,Blech-7er,Reserviert,,,,,RESERVED,physical,,,,,,,7-stimmig,7,,PHYSICAL,Reserviert - XW-4093,Reserviert - XW-4093,Reserviert_XW-4093,Reserviert - XW-4093 ist eine reservierte Artikelnummer im XW Product Hub.,AUTO_DRAFT,GENERATED,Stimmigkeit/Satz: 7-stimmig,Format: PHYSICAL,,,,,,10.00,,EUR,,,,,,,,,,,,,,,,,,,,,,,false,false,,,,,,,false,,false,,,,XLSX_SOT_RESERVED,Produktpalette(2).xlsx:XeisWorks,101,RESERVED,,false,,,
XW-4094,XW-4094,,,0eb520d6-bd0b-5b43-bdda-901aee44de94,RESERVED|XW-4094,LOW,true,CANONICAL,draft,RESERVED,false,false,Blechhaufn,Blech-7er,Reserviert,,,,,RESERVED,physical,,,,,,,7-stimmig,7,,PHYSICAL,Reserviert - XW-4094,Reserviert - XW-4094,Reserviert_XW-4094,Reserviert - XW-4094 ist eine reservierte Artikelnummer im XW Product Hub.,AUTO_DRAFT,GENERATED,Stimmigkeit/Satz: 7-stimmig,Format: PHYSICAL,,,,,,10.00,,EUR,,,,,,,,,,,,,,,,,,,,,,,false,false,,,,,,,false,,false,,,,XLSX_SOT_RESERVED,Produktpalette(2).xlsx:XeisWorks,102,RESERVED,,false,,,
XW-4095,XW-4095,,,44496870-1c61-55f1-9fed-a55602fdc6b3,RESERVED|XW-4095,LOW,true,CANONICAL,draft,RESERVED,false,false,Blechhaufn,Blech-7er,Reserviert,,,,,RESERVED,physical,,,,,,,7-stimmig,7,,PHYSICAL,Reserviert - XW-4095,Reserviert - XW-4095,Reserviert_XW-4095,Reserviert - XW-4095 ist eine reservierte Artikelnummer im XW Product Hub.,AUTO_DRAFT,GENERATED,Stimmigkeit/Satz: 7-stimmig,Format: PHYSICAL,,,,,,10.00,,EUR,,,,,,,,,,,,,,,,,,,,,,,false,false,,,,,,,false,,false,,,,XLSX_SOT_RESERVED,Produktpalette(2).xlsx:XeisWorks,103,RESERVED,,false,,,
XW-4096,XW-4096,,,73992fa2-f067-56cb-a1a6-a6faa8528db5,RESERVED|XW-4096,LOW,true,CANONICAL,draft,RESERVED,false,false,Blechhaufn,Blech-7er,Reserviert,,,,,RESERVED,physical,,,,,,,7-stimmig,7,,PHYSICAL,Reserviert - XW-4096,Reserviert - XW-4096,Reserviert_XW-4096,Reserviert - XW-4096 ist eine reservierte Artikelnummer im XW Product Hub.,AUTO_DRAFT,GENERATED,Stimmigkeit/Satz: 7-stimmig,Format: PHYSICAL,,,,,,10.00,,EUR,,,,,,,,,,,,,,,,,,,,,,,false,false,,,,,,,false,,false,,,,XLSX_SOT_RESERVED,Produktpalette(2).xlsx:XeisWorks,104,RESERVED,,false,,,
XW-4500,XW-4500,,,7ab5569c-a46a-5567-b670-582b123e3188,NOTEN|div. mnozil-noten,HIGH,true,CANONICAL,live,ACTIVE,true,false,Mnozil Brass,Mnozil Brass,Noten,,,,Div. Mnozil-Noten,SCORE,physical,,,,,,,,,,PHYSICAL,Div. Mnozil-Noten,Div. Mnozil-Noten,Div._Mnozil-Noten,Div. Mnozil-Noten ist eine Notenausgabe im Mnozil Brass-Produktkatalog.,AUTO_DRAFT,GENERATED,Format: PHYSICAL,Kategorie: Noten,,,,,45.00,10.00,49.50,EUR,ERP_NET,0.00,true,,,,,,,,,,,,,,,,,,,,false,true,,,,,,,true,Mnozil,false,Div. Mnozil-Noten,,Div. Mnozil-Noten,XLSX_SOT_NORMALIZED,Produktpalette(2).xlsx:XeisWorks,6,EXACT,,false,,,
XW-4501,XW-4501,,,d1a43e82-46f6-5fea-916b-3b76aac0bfb8,NOTEN|angeluswalzer,HIGH,true,CANONICAL,live,ACTIVE,true,false,Mnozil Brass,Mnozil Brass,Noten,,,,Angeluswalzer,SCORE,physical,,,,,,,,,,PHYSICAL,Angeluswalzer,Angeluswalzer,Angeluswalzer,"Komp./Arr.: Gerhard Füßl
5-stimmig",SOURCE,WIX,5-stimmig,,,,,B2B,17.18,10.00,18.90,EUR,XLSX_SOT_NET,0.00,true,175.0,,,,,,,,,,,,,,,,,,,true,true,product_266c8942-1ef9-f525-60b3-e5eb577bb4dc,product_266c8942-1ef9-f525-60b3-e5eb577bb4dc,true,B2B|Mnozil Brass|Brass_5stimmig,4f718e_9263fe6ea5fa400f9cf23a95421a0b1e~mv2.jpg|4f718e_0c15504d08944d58968c5242acd74e57~mv2.jpg|4f718e_37368f155b0146829b9648374deb8ebb~mv2.jpg|4f718e_9e639aacc06347e5b27ffe279c9dcade,<p>Komp./Arr.: Gerhard Füßl</p><p>5-stimmig</p>,true,Mnozil,false,Angeluswalzer,Angeluswalzer,Angeluswalzer,XLSX_SOT_NORMALIZED,Produktpalette(2).xlsx:XeisWorks,7,EXACT,,false,,,
XW-4502,XW-4502,,,2fe4c49e-c1a0-54a8-a827-d4e4213801a0,NOTEN|boot ouverture,HIGH,true,CANONICAL,live,ACTIVE,true,false,Mnozil Brass,Mnozil Brass,Noten,,,,Boot Ouverture,SCORE,physical,,,,,,,,,,PHYSICAL,Boot Ouverture,Boot Ouverture,Boot_Ouverture,"Komp./Arr.: Mnozil Brass
7-stimmig",SOURCE,WIX,7-stimmig,,,,,B2B,22.64,10.00,24.90,EUR,XLSX_SOT_NET,0.00,true,175.0,,,,,,,,,,,,,,,,,,,true,true,product_6118f7c3-7e5d-4263-3f0f-0546a7342ffd,product_6118f7c3-7e5d-4263-3f0f-0546a7342ffd,true,B2B|Mnozil Brass|Brass_7stimmig,4f718e_a8b5e20ed1254ae2b913c0c3f7ac933a~mv2.jpg|4f718e_b69ea980929a48ed962345de6f9f3baa~mv2.jpg|4f718e_e64202639a99400699f927d31ea02166~mv2.jpg|4f718e_c06bcb5b02ef4d1384cb7cc011c34a2a,<p>Komp./Arr.: Mnozil Brass</p><p>7-stimmig</p>,true,Mnozil,false,Boot Ouverture,Das Trojanische Boot,Boot Ouverture,XLSX_SOT_NORMALIZED,Produktpalette(2).xlsx:XeisWorks,8,EXACT,,false,,,
XW-4503,XW-4503,,,6d66dc0c-8b22-5c8d-a3ce-8bf831185318,NOTEN|wenn der abend kommt,HIGH,true,CANONICAL,live,ACTIVE,true,false,Mnozil Brass,Mnozil Brass,Noten,,,,Wenn der Abend kommt,SCORE,physical,,,,,,,,,,PHYSICAL,Wenn der Abend kommt,Wenn der Abend kommt,Wenn_der_Abend_kommt,"Wenn der Abend kommt, im grauen Bären
Komp./Arr.: Leonhard Paul
5-stimmig",SOURCE,WIX,Komp./Arr.: Leonhard Paul,5-stimmig,,,,B2B,17.18,10.00,18.90,EUR,XLSX_SOT_NET,0.00,true,175.0,,,,,,,,,,,,,,,,,,,true,true,product_22e6e634-ad67-a3b5-19a1-15b2c5f6b141,product_22e6e634-ad67-a3b5-19a1-15b2c5f6b141,true,B2B|Mnozil Brass|Brass_5stimmig,4f718e_1f8e9d2f3a2b4d66836b8158c702f982~mv2.jpg|4f718e_4185787d49994fdbb9b0078ff90860d5~mv2.jpg|4f718e_98dffc57e920426a8299486403a81326~mv2.jpg,"<p>Wenn der Abend kommt, im grauen Bären</p><p>Komp./Arr.: Leonhard Paul</p><p>5-stimmig</p>",true,Mnozil,false,Wenn der Abend kommt,Wenn der Abend kommt,Wenn der Abend kommt,XLSX_SOT_NORMALIZED,Produktpalette(2).xlsx:XeisWorks,9,EXACT,,false,,,
XW-4504,XW-4504,,,1c975d0c-7f24-57b7-85dd-ab2f275bf7ca,NOTEN|brinpolka,HIGH,true,CANONICAL,live,ACTIVE,true,false,Mnozil Brass,Mnozil Brass,Noten,,,,Brinpolka,SCORE,physical,,,,,,,,,,PHYSICAL,Brinpolka,Brinpolka,Brinpolka,"Komp.: Karel Hulak
Arr.: Leonhard Paul
7-stimmig",SOURCE,WIX,Arr.: Leonhard Paul,7-stimmig,,,,B2B,22.64,10.00,24.90,EUR,XLSX_SOT_NET,0.00,true,175.0,,,,,,,,,,,,,,,,,,,true,true,product_e7196cad-3bf1-def5-64fb-e8d6ee6d7832,product_e7196cad-3bf1-def5-64fb-e8d6ee6d7832,true,B2B|Mnozil Brass|Brass_7stimmig,4f718e_469843e0732e43888aa95344356ff01f~mv2.jpg|4f718e_2f97c685b8584708a6650df46697f021~mv2.jpg|4f718e_7666500e824641fab689463c249fef44~mv2.jpg|4f718e_9a8424d134794b98b1fd70821d22c326,<p>Komp.: Karel Hulak</p><p>Arr.: Leonhard Paul</p><p>7-stimmig</p>,true,Mnozil,false,Brinpolka,Brinpolka,Brinpolka,XLSX_SOT_NORMALIZED,Produktpalette(2).xlsx:XeisWorks,10,EXACT,,false,,,
XW-4505,XW-4505,,,ed6c8e08-e17c-544f-b435-1987766d0edb,NOTEN|beim pfarrwirt,HIGH,true,CANONICAL,live,ACTIVE,true,false,Mnozil Brass,Mnozil Brass,Noten,,,,Beim Pfarrwirt,SCORE,physical,,,,,,,,,,PHYSICAL,Beim Pfarrwirt,Beim Pfarrwirt,Beim_Pfarrwirt,"Trad.
Arr.: Mnozil Brass
5-stimmig",SOURCE,WIX,Arr.: Mnozil Brass,5-stimmig,,,,B2B,17.18,10.00,18.90,EUR,XLSX_SOT_NET,3.00,true,175.0,,,,,,,,,,,,,,,,,,,true,true,product_ae75e9ea-fd04-a260-42ea-a050a568bda2,product_ae75e9ea-fd04-a260-42ea-a050a568bda2,true,B2B|Mnozil Brass|Brass_5stimmig,4f718e_89d44d3ceb8b47e6889070a05cf00862~mv2.jpg|4f718e_54455bd607574f7abf3fca99bccbf45d~mv2.jpg|4f718e_6bf8410905424f0dacd2e16662081b38~mv2.jpg|4f718e_2d73a14bffc14144abee5fe763043bce,<p>Trad.</p><p>Arr.: Mnozil Brass</p><p>5-stimmig</p>,true,Mnozil,false,Beim Pfarrwirt,Beim Pfarrwirt,Beim Pfarrwirt,XLSX_SOT_NORMALIZED,Produktpalette(2).xlsx:XeisWorks,11,EXACT,,false,,,
XW-4506.1,XW-4506.1,,,e3cfdb67-f9aa-533b-8c49-77dfcd078027,NOTEN|hungarische schnapsodie,HIGH,true,CANONICAL,live,ACTIVE,true,false,Mnozil Brass,Mnozil Brass,Noten,,,,Hungarische Schnapsodie,SCORE,physical,,,,,,,7-stimmig,7,,PHYSICAL,Hungarische Schnapsodie [7-stimmig],Hungarische Schnapsodie [7st],Hungarische_Schnapsodie_7st,"Komp./Arr.: Leonhard Paul
5- oder 7-stimmig, mit Solo-Posaune",SOURCE,WIX,"5- oder 7-stimmig, mit Solo-Posaune",,,,,B2B,22.64,10.00,24.90,EUR,XLSX_SOT_NET,0.00,true,175.0,,,,,,,,,,,,,,,,,,,true,true,product_3c398272-b208-10d2-40da-13f793933bc8,product_3c398272-b208-10d2-40da-13f793933bc8,true,B2B|Mnozil Brass|Brass_5stimmig|Brass_7stimmig,4f718e_70ea1b388a504f98a3cd9e22183cc73c~mv2.jpg|4f718e_00951848acdb4a44b7bb595b7a59ed98|4f718e_53bc0e73e3d8495189e4c4df8de21932~mv2.jpg|4f718e_0f94fb0c78cf4f19bf9ce7aaec1065b2~mv2.jpg|4f718e_ac7d6b0a9a814f76894cf285666e45f1~mv2.jpg|4f718e_35cec80bccb749e1ac31a01c546f9b44~mv2.jpg,"<p>Komp./Arr.: Leonhard Paul</p><p>5- oder 7-stimmig, mit Solo-Posaune</p>",true,Mnozil,false,Hungarische Schnapsodie 7tett,Hungarische Schnapsodie [7-stimmig],Hungarische Schnapsodie,XLSX_SOT_NORMALIZED,Produktpalette(2).xlsx:XeisWorks,12,EXACT,,false,,,
XW-4506.2,XW-4506.2,,XW-4506.1,e3cfdb67-f9aa-533b-8c49-77dfcd078027,NOTEN|hungarische schnapsodie,HIGH,false,SCORING_VARIANT,live,ACTIVE,true,false,Mnozil Brass,Mnozil Brass,Noten,,,,Hungarische Schnapsodie,SCORE,physical,,,,,,,5-stimmig,5,,PHYSICAL,Hungarische Schnapsodie [5-stimmig],Hungarische Schnapsodie [5st],Hungarische_Schnapsodie_5st,"Komp./Arr.: Leonhard Paul
5- oder 7-stimmig, mit Solo-Posaune",SOURCE,WIX,"5- oder 7-stimmig, mit Solo-Posaune",,,,,B2B,19.00,10.00,20.90,EUR,XLSX_SOT_NET,0.00,true,175.0,,,,,,,,,,,,,,,,,,,true,true,product_3c398272-b208-10d2-40da-13f793933bc8,product_3c398272-b208-10d2-40da-13f793933bc8,true,B2B|Mnozil Brass|Brass_5stimmig|Brass_7stimmig,4f718e_70ea1b388a504f98a3cd9e22183cc73c~mv2.jpg|4f718e_00951848acdb4a44b7bb595b7a59ed98|4f718e_53bc0e73e3d8495189e4c4df8de21932~mv2.jpg|4f718e_0f94fb0c78cf4f19bf9ce7aaec1065b2~mv2.jpg|4f718e_ac7d6b0a9a814f76894cf285666e45f1~mv2.jpg|4f718e_35cec80bccb749e1ac31a01c546f9b44~mv2.jpg,"<p>Komp./Arr.: Leonhard Paul</p><p>5- oder 7-stimmig, mit Solo-Posaune</p>",true,Mnozil,false,Hungarische Schnapsodie 5tett,Hungarische Schnapsodie [5-stimmig],Hungarische Schnapsodie,XLSX_SOT_NORMALIZED,Produktpalette(2).xlsx:XeisWorks,13,EXACT,,false,,,
XW-4507,XW-4507,,,05e9a4de-d1d1-5f9d-8925-5fa41ac87021,NOTEN|mladost radost,HIGH,true,CANONICAL,live,ACTIVE,true,false,Mnozil Brass,Mnozil Brass,Noten,,,,Mladost Radost,SCORE,physical,,,,,,,,,,PHYSICAL,Mladost Radost,Mladost Radost,Mladost_Radost,"Komp.: Jindrich Pravecek
Arr.: Mnozil Brass
7-stimmig",SOURCE,WIX,Arr.: Mnozil Brass,7-stimmig,,,,B2B,22.64,10.00,24.90,EUR,XLSX_SOT_NET,1.00,true,175.0,,,,,,,,,,,,,,,,,,,true,true,product_0d0c311e-1eec-2ba2-f263-8070e0c924c3,product_0d0c311e-1eec-2ba2-f263-8070e0c924c3,true,B2B|Mnozil Brass|Brass_7stimmig,4f718e_124a34cfdc154cc0bd5efae7e9d6cbef~mv2.jpg|4f718e_bff73963e6d64278b0cce30e7a2d260c~mv2.jpg|4f718e_c26dc71fe7df457bbda35e8de069fc29~mv2.jpg|4f718e_e910534b8a674bd4812acf65762b200f,<p>Komp.: Jindrich Pravecek</p><p>Arr.: Mnozil Brass</p><p>7-stimmig</p>,true,Mnozil,false,Mladost Radost,Mladost Radost,Mladost Radost,XLSX_SOT_NORMALIZED,Produktpalette(2).xlsx:XeisWorks,14,EXACT,,false,,,
XW-4508,XW-4508,,,4a70e20b-d4c0-552b-85be-14d5effe895b,NOTEN|gamsgebirg ameriganischer,HIGH,true,CANONICAL,live,ACTIVE,true,false,Mnozil Brass,Mnozil Brass,Noten,,,,Gamsgebirg Ameriganischer,SCORE,physical,,,,,,,,,,PHYSICAL,Gamsgebirg Ameriganischer,Gamsgebirg Ameriganischer,Gamsgebirg_Ameriganischer,"Komp.: Trad.
Arr.: Sebastian Fuchsberger
7-stimmig",SOURCE,WIX,Arr.: Sebastian Fuchsberger,7-stimmig,,,,B2B,22.64,10.00,24.90,EUR,XLSX_SOT_NET,0.00,true,175.0,,,,,,,,,,,,,,,,,,,true,true,product_cf353a46-e4f2-1db2-76d4-e2821ba087b1,product_cf353a46-e4f2-1db2-76d4-e2821ba087b1,true,B2B|Mnozil Brass|Brass_7stimmig,4f718e_6705f919af0743bb9b0ad68a077200ca~mv2.jpg|4f718e_2b2979af41494714956f1469619e4d91~mv2.jpg|4f718e_a555871a632d49929174e04d3c013459~mv2.jpg|4f718e_f127222669a04a87a999e622aec9dee2,<p>Komp.: Trad.</p><p>Arr.: Sebastian Fuchsberger</p><p>7-stimmig</p>,true,Mnozil,false,Gamsgebirg Ameriganischer,Gamsgebirg Ameriganischer,Gamsgebirg Ameriganischer,XLSX_SOT_NORMALIZED,Produktpalette(2).xlsx:XeisWorks,15,EXACT,,false,,,
XW-4509,XW-4509,,,7fe072d1-c3a2-51ef-af2c-33f34f1524ec,NOTEN|no ziel walzer,HIGH,true,CANONICAL,live,ACTIVE,true,false,Mnozil Brass,Mnozil Brass,Noten,,,,No Ziel Walzer,SCORE,physical,,,,,,,,,,PHYSICAL,No Ziel Walzer,No Ziel Walzer,No_Ziel_Walzer,"Komp.: Thomas Gansch
Arr.: Mnozil Brass
7-stimmig",SOURCE,WIX,Arr.: Mnozil Brass,7-stimmig,,,,B2B,19.91,10.00,21.90,EUR,XLSX_SOT_NET,0.00,true,175.0,,,,,,,,,,,,,,,,,,,true,true,product_a5c92473-31d0-0a9f-f6f6-9c985354680e,product_a5c92473-31d0-0a9f-f6f6-9c985354680e,true,B2B|Mnozil Brass|Brass_7stimmig,4f718e_f540523e6a134cffacec4a92a10e512f~mv2.jpg|4f718e_b208b93b14e54825bed18c70c8b42589~mv2.jpg|4f718e_a89202bc548646a5829067da1385c3b4~mv2.jpg|4f718e_71a7a213b4304043843a4c76e15d12a7,<p>Komp.: Thomas Gansch</p><p>Arr.: Mnozil Brass</p><p>7-stimmig</p>,true,Mnozil,false,No Ziel Walzer,No Ziel Walzer,No Ziel Walzer,XLSX_SOT_NORMALIZED,Produktpalette(2).xlsx:XeisWorks,16,EXACT,,false,,,
XW-4510,XW-4510,,,4c0d1630-0c8c-5ea0-92e6-48a1bb64f49f,NOTEN|rozhlas marsch,HIGH,true,CANONICAL,live,ACTIVE,true,false,Mnozil Brass,Mnozil Brass,Noten,,,,Rozhlas Marsch,SCORE,physical,,,,,,,,,,PHYSICAL,Rozhlas Marsch,Rozhlas Marsch,Rozhlas_Marsch,"Komp.: Vilém Černík
Arr.: Mnozil Brass
7-stimmig",SOURCE,WIX,Arr.: Mnozil Brass,7-stimmig,,,,B2B,19.91,10.00,21.90,EUR,XLSX_SOT_NET,0.00,true,175.0,,,,,,,,,,,,,,,,,,,true,true,product_40d098f4-b58e-0159-5592-113ec9acf986,product_40d098f4-b58e-0159-5592-113ec9acf986,true,B2B|Mnozil Brass|Brass_7stimmig,4f718e_4b3ad3360af8463eb03d0e4e0901662f~mv2.jpg|4f718e_a9feca12f43f4bb1aa2f3a90e7dabb0b~mv2.jpg|4f718e_3f3472c0361a4078802d0f270e004291~mv2.jpg|4f718e_72f72cad49314780a644efbc0730527f,<p>Komp.: Vilém Černík</p><p>Arr.: Mnozil Brass</p><p>7-stimmig</p>,true,Mnozil,false,Rozhlas Marsch,Rozhlas Marsch,Rozhlas Marsch,XLSX_SOT_NORMALIZED,Produktpalette(2).xlsx:XeisWorks,17,EXACT,,false,,,
XW-4511,XW-4511,,,e7c3bbc6-5b3c-59c0-8708-6b113c87e169,NOTEN|rosamunde,HIGH,true,CANONICAL,live,ACTIVE,true,false,Mnozil Brass,Mnozil Brass,Noten,,,,Rosamunde,SCORE,physical,,,,,,,,,,PHYSICAL,Rosamunde,Rosamunde,Rosamunde,"Komp.: Jaromír Vejvoda
Arr.: Mnozil Brass
7-stimmig",SOURCE,WIX,Arr.: Mnozil Brass,7-stimmig,,,,B2B,22.64,10.00,24.90,EUR,XLSX_SOT_NET,1.00,true,175.0,,,,,,,,,,,,,,,,,,,true,true,product_3b955fc0-c708-071d-80d2-83e49cd9f0a7,product_3b955fc0-c708-071d-80d2-83e49cd9f0a7,true,B2B|Mnozil Brass|Brass_7stimmig,4f718e_adc7fcc3407644a2a65ba08032b9a090~mv2.jpg|4f718e_65f15bd196cd49d493c753f0e4fd2402~mv2.jpg|4f718e_2d2acb7920a943d6b0a44b7c17f8b8db~mv2.jpg|4f718e_89a5048207fa4bbb8a4e41d2608d9444,<p>Komp.: Jaromír Vejvoda</p><p>Arr.: Mnozil Brass</p><p>7-stimmig</p>,true,Mnozil,false,Rosamunde,Rosamunde,Rosamunde,XLSX_SOT_NORMALIZED,Produktpalette(2).xlsx:XeisWorks,18,EXACT,,false,,,
XW-4512,XW-4512,,,b69eef7f-7fca-51e6-acb1-5d9a8c1786a0,NOTEN|der lustige bua,HIGH,true,CANONICAL,live,ACTIVE,true,false,Mnozil Brass,Mnozil Brass,Noten,,,,Der lustige Bua,SCORE,physical,,,,,,,,,,PHYSICAL,Der lustige Bua,Der lustige Bua,Der_lustige_Bua,"Traditional
Arr.: Mnozil Brass
5-stimmig",SOURCE,WIX,Arr.: Mnozil Brass,5-stimmig,,,,B2B,17.18,10.00,18.90,EUR,XLSX_SOT_NET,0.00,true,175.0,,,,,,,,,,,,,,,,,,,true,true,product_9912df93-05ac-4655-d7b8-13b11c77f959,product_9912df93-05ac-4655-d7b8-13b11c77f959,true,B2B|Mnozil Brass|Brass_5stimmig,4f718e_b78d44a52bf94e5baffcddcc85116eda~mv2.jpg|4f718e_b988f87ee51847b1aac696d22f8873bb~mv2.jpg|4f718e_5b5399f31ae546d5aa5529594030267e,<p>Traditional</p><p>Arr.: Mnozil Brass</p><p>5-stimmig</p>,true,Mnozil,false,Der lustige Bua,Der lustige Bua,Der lustige Bua,XLSX_SOT_NORMALIZED,Produktpalette(2).xlsx:XeisWorks,19,EXACT,,false,,,
XW-4513,XW-4513,,,3229ee2f-edff-5be4-b0fc-8dbd5b42f46c,NOTEN|die ungewöhnliche,HIGH,true,CANONICAL,live,ACTIVE,true,false,Mnozil Brass,Mnozil Brass,Noten,,,,Die Ungewöhnliche,SCORE,physical,,,,,,,,,,PHYSICAL,Die Ungewöhnliche,Die Ungewöhnliche,Die_Ungewöhnliche,"Komp.: Thomas Gansch
Arr.: Mnozil Brass
6-stimmig",SOURCE,WIX,Arr.: Mnozil Brass,6-stimmig,,,,B2B,19.91,10.00,21.90,EUR,XLSX_SOT_NET,0.00,true,175.0,,,,,,,,,,,,,,,,,,,true,true,product_e9ca7eb4-9206-38e5-8fac-9ec86b5e5a89,product_e9ca7eb4-9206-38e5-8fac-9ec86b5e5a89,true,B2B|Mnozil Brass|Brass_7stimmig|Brass_6stimmig,4f718e_f0a511a2c49b4ce9b8ff5636a70ca794~mv2.jpg|4f718e_6af948e937784b169059467632f47602~mv2.jpg|4f718e_9c12ff332da145fab354945b5d892576~mv2.jpg|4f718e_5af6bc0102b044ad997059f0dd6250e4,<p>Komp.: Thomas Gansch</p><p>Arr.: Mnozil Brass</p><p>6-stimmig</p>,true,Mnozil,false,Die Ungewöhnliche,Die Ungewöhnliche,Die Ungewöhnliche,XLSX_SOT_NORMALIZED,Produktpalette(2).xlsx:XeisWorks,20,EXACT,,false,,,
XW-4514,XW-4514,,,36e1f5de-c6d5-58f5-8709-c262e595299f,NOTEN|die wapplergavotte,HIGH,true,CANONICAL,live,ACTIVE,true,false,Mnozil Brass,Mnozil Brass,Noten,,,,Die Wapplergavotte,SCORE,physical,,,,,,,,,,PHYSICAL,Die Wapplergavotte,Die Wapplergavotte,Die_Wapplergavotte,"Komp./Arr.: Leonhard Paul
5-stimmig",SOURCE,WIX,5-stimmig,,,,,B2B,17.18,10.00,18.90,EUR,XLSX_SOT_NET,0.00,true,175.0,,,,,,,,,,,,,,,,,,,true,true,product_5de37f77-81a9-dfb1-ee7c-c199c4a313d7,product_5de37f77-81a9-dfb1-ee7c-c199c4a313d7,true,B2B|Mnozil Brass|Brass_5stimmig,4f718e_fedb910212cb49e6aa1318a1ca46681c~mv2.jpg|4f718e_2e10611dddac4742aba67eee977da677~mv2.jpg|4f718e_f78c383b3a2b4bf0b93a45acf07bd419~mv2.jpg|4f718e_d6b5f5a605b0446197fd8ee2f8e45aad,<p>Komp./Arr.: Leonhard Paul</p><p>5-stimmig</p>,true,Mnozil,false,Die Wapplergavotte,Die Wapplergavotte,Die Wapplergavotte,XLSX_SOT_NORMALIZED,Produktpalette(2).xlsx:XeisWorks,21,EXACT,,false,,,
XW-4515,XW-4515,,,cb5dac14-9eb6-5f49-8129-c97c33f60559,NOTEN|jagerner jubelmarsch,HIGH,true,CANONICAL,live,ACTIVE,true,false,Mnozil Brass,Mnozil Brass,Noten,,,,Jagerner Jubelmarsch,SCORE,physical,,,,,,,,,,PHYSICAL,Jagerner Jubelmarsch,Jagerner Jubelmarsch,Jagerner_Jubelmarsch,"Komp./Arr.: Leonhard Paul
5-stimmig",SOURCE,WIX,5-stimmig,,,,,B2B,17.18,10.00,18.90,EUR,XLSX_SOT_NET,0.00,true,175.0,,,,,,,,,,,,,,,,,,,true,true,product_f8fae60f-ad72-3bef-ea79-c9bf2dccf252,product_f8fae60f-ad72-3bef-ea79-c9bf2dccf252,true,B2B|Mnozil Brass|Brass_5stimmig,4f718e_6ff67d48b8484d10acfa6a4913c38787~mv2.jpg|4f718e_e219b36f1ae14bfba58399e99e8a9456|4f718e_e41510c84c1642809240b786e9d8451d~mv2.jpg|4f718e_c69362bb03ea4d968d1707eea10f6883~mv2.jpg,<p>Komp./Arr.: Leonhard Paul</p><p>5-stimmig</p>,true,Mnozil,false,Jagerner Jubelmarsch,Jagerner Jubelmarsch,Jagerner Jubelmarsch,XLSX_SOT_NORMALIZED,Produktpalette(2).xlsx:XeisWorks,22,EXACT,,false,,,
XW-4516,XW-4516,,,ccb5a456-263f-5dcc-b047-8ecf65844061,NOTEN|mnoschil,HIGH,true,CANONICAL,live,ACTIVE,true,false,Mnozil Brass,Mnozil Brass,Noten,,,,Mnoschil,SCORE,physical,,,,,,Blasmusik Supergroup,5-stimmig,5,,PHYSICAL,Mnoschil [5-stimmig],Mnoschil [5st],Mnoschil_5st,"Entdecken Sie eine Bravourpolka vom österreichischen Trompeter und Komponisten Thomas Gansch mit dem Titel ""Mnoschil"". In der ""Supergroup""-Besetzung präsentiert sich dieses Stück effektvoll, kraftvoll und fesselnd. Die perfekte Kombination aus virtuosen musikalischen Fähigkeiten und mitreißender Performance machen diese Polka zu einem absoluten Highlight. Mit ""Mnoschil"" erleben Sie ein unvergessliches Musikerlebnis, das Fans der Blasmusik begeistern wird. Sichern Sie sich noch heute dieses musikalische Meisterwerk und lassen Sie sich von der Ausdruckskraft von Thomas Gansch begeistern.",SOURCE,WIX,"Entdecken Sie eine Bravourpolka vom österreichischen Trompeter und Komponisten Thomas Gansch mit dem Titel ""Mnoschil"". In der ""Supergroup""-Besetzung präsentiert sich dieses Stück effektvoll, kraftvoll und fesselnd. Die perfekte Kombination aus virtuosen musikalischen Fähigkeiten und mitreißender Performance machen diese Polka zu einem absoluten Highlight. Mit ""Mnoschil"" erleben Sie ein unvergessliches Musikerlebnis, das Fans der Blasmusik begeistern wird. Sichern Sie sich noch heute dieses musikalische Meisterwerk und lassen Sie sich von der Ausdruckskraft von Thomas Gansch begeistern.",,,,,B2B,17.18,10.00,18.90,EUR,XLSX_SOT_NET,0.00,false,350.0,,,,,,,,,,,,,,,,,,,true,true,product_a0b38165-64e9-fd92-5204-3f7f44e9992c|product_bb9540c9-8461-e021-24d2-533daaa6edf2,product_a0b38165-64e9-fd92-5204-3f7f44e9992c|product_bb9540c9-8461-e021-24d2-533daaa6edf2,true,Blasmusik Gesamt|B2B|Musikkapelle|Blasmusik Supergroup|Böhmische Besetzung|Kleine Besetzung|Brass_5stimmig|Mnozil Brass,4f718e_546abca9b7094058a0220077a31f97b6~mv2.jpg|4f718e_80bccde17cc748a3a545f6a328ad4b0b~mv2.jpg|4f718e_1201217b3ca045b0a652c1ed277cb7b5~mv2.jpg|4f718e_628c6e6a3f91485f89fcbb25564a7166~mv2.jpg|4f718e_fce29bcb29684d7983643fa38572a8cd~mv2.jpg|4f718e_e019263ae87b414a957532cc33344e93|4f718e_ec1ce9ac50f34763a2c916ea316f37e2~mv2.jpg|4f718e_a8d8998f31c54fcfa1658b9ca3ae8db9~mv2.jpg|4f718e_1ce624bcdc8444909d375b5eccf2261b~mv2.jpg|4f718e_f735853524384ace9813f33988131067,"<p>Entdecken Sie eine Bravourpolka vom österreichischen Trompeter und Komponisten Thomas Gansch mit dem Titel ""Mnoschil"". In der ""Supergroup""-Besetzung präsentiert sich dieses Stück effektvoll, kraftvoll und fesselnd. Die perfekte Kombination aus virtuosen musikalischen Fähigkeiten und mitreißender Performance machen diese Polka zu einem absoluten Highlight. Mit ""Mnoschil"" erleben Sie ein unvergessliches Musikerlebnis, das Fans der Blasmusik begeistern wird. Sichern Sie sich noch heute dieses musikalische Meisterwerk und lassen Sie sich von der Ausdruckskraft von&nbsp;Thomas Gansch begeistern.</p>",true,Mnozil,false,Mnoschil,Mnoschil [5-stimmig] || Mnoschil,Mnoschil,XLSX_SOT_NORMALIZED,Produktpalette(2).xlsx:XeisWorks,23,EXACT,,true,"Wix: doppelte Verwendung von XW-4516; konsolidierte Mnoschil-Variante behalten, redundantes Standalone-Produkt archivieren/entkoppeln.",,
XW-4517,XW-4517,,,e0fd4ea0-3585-55ea-9f97-be9d5ca96e58,NOTEN|fingerwärmerpolka,HIGH,true,CANONICAL,live,ACTIVE,true,false,Mnozil Brass,Mnozil Brass,Noten,,,,Fingerwärmerpolka,SCORE,physical,,,,,,,,,,PHYSICAL,Fingerwärmerpolka,Fingerwärmerpolka,Fingerwärmerpolka,"Komp./Arr.: Leonhard Paul
5-stimmig",SOURCE,WIX,5-stimmig,,,,,B2B,19.91,10.00,21.90,EUR,XLSX_SOT_NET,0.00,true,175.0,,,,,,,,,,,,,,,,,,,true,true,product_a273b9b1-d5f0-89b6-ea8a-9516a8aa4dff,product_a273b9b1-d5f0-89b6-ea8a-9516a8aa4dff,true,B2B|Mnozil Brass|Brass_5stimmig,4f718e_1cd2e809032745e9a4855c4f816b6938~mv2.jpg|4f718e_bf1137edbe5747ffa5bf10b60da7b10c~mv2.jpg|4f718e_85de4dde543e4d4eb0c212099d39aac6~mv2.jpg|4f718e_89db3527bf844a2f8ba26f00013c3a59,<p>Komp./Arr.: Leonhard Paul</p><p>5-stimmig</p>,true,Mnozil,false,Fingerwärmerpolka,Fingerwärmerpolka,Fingerwärmerpolka,XLSX_SOT_NORMALIZED,Produktpalette(2).xlsx:XeisWorks,24,EXACT,,false,,,
XW-4518,XW-4518,,,45d72194-8bce-5068-b980-89b29e6e1c3c,NOTEN|harte hasen,HIGH,true,CANONICAL,live,ACTIVE,true,false,Mnozil Brass,Mnozil Brass,Noten,,,,Harte Hasen,SCORE,physical,,,,,,,,,,PHYSICAL,Harte Hasen,Harte Hasen,Harte_Hasen,"Komp./Arr.: Roman Rindberger
5-stimmig",SOURCE,WIX,5-stimmig,,,,,B2B,17.18,10.00,18.90,EUR,XLSX_SOT_NET,0.00,true,175.0,,,,,,,,,,,,,,,,,,,true,true,product_e9057a32-9c87-4e08-13ae-eec8260fbe1a,product_e9057a32-9c87-4e08-13ae-eec8260fbe1a,true,B2B|Mnozil Brass|Brass_5stimmig,4f718e_c5e1ce9b6ecf4819b388c7a53449464f~mv2.jpg|4f718e_042ac701c2544be5bd276a8286ec7e43~mv2.jpg|4f718e_ecbc8388c9b840cabf6a7d6d7ada5f81~mv2.jpg|4f718e_de598cecd4d8482c9c9d441850aafe0f,<p>Komp./Arr.: Roman Rindberger</p><p>5-stimmig</p>,true,Mnozil,false,Harte Hasen,Harte Hasen,Harte Hasen,XLSX_SOT_NORMALIZED,Produktpalette(2).xlsx:XeisWorks,25,EXACT,,false,,,
XW-4519,XW-4519,,,b6ebc801-914c-59f8-95cb-979bd5257ea0,NOTEN|hopfen & malser weisenbl.,HIGH,true,CANONICAL,live,ACTIVE,true,false,Mnozil Brass,Mnozil Brass,Noten,,,,Hopfen & Malser Weisenbl.,SCORE,physical,,,,,,,,,,PHYSICAL,Hopfen & Malser Weisenbl.,Hopfen & Malser Weisenbl.,Hopfen_&_Malser_Weisenbl.,"Komp./Arr.: Leonhard Paul
5-stimmig",SOURCE,WIX,5-stimmig,,,,,B2B,17.18,10.00,18.90,EUR,XLSX_SOT_NET,0.00,true,175.0,,,,,,,,,,,,,,,,,,,true,true,product_459d99fb-1506-ccee-9115-d4d6f6d14d63,product_459d99fb-1506-ccee-9115-d4d6f6d14d63,true,B2B|Mnozil Brass|Brass_5stimmig,4f718e_0f07a677e6274cb18e338c33c60ceecd~mv2.jpg|4f718e_ee8d61aac16d45a1b59bb57be887ea2d~mv2.jpg|4f718e_43d8146952324090822f05ab4d8292ac~mv2.jpg|4f718e_07603ebe97a64948b27e8bd7a15abc7b,<p>Komp./Arr.: Leonhard Paul</p><p>5-stimmig</p>,true,Mnozil,false,Hopfen & Malser Weisenbl.,Hopfen und Malser Weisenbläsermarsch,Hopfen & Malser Weisenbl.,XLSX_SOT_NORMALIZED,Produktpalette(2).xlsx:XeisWorks,26,EXACT,,false,,,
XW-4520,XW-4520,,,8d54a5ca-1a53-59e8-98a6-0b733c066b38,NOTEN|die seltsame,HIGH,true,CANONICAL,live,ACTIVE,true,false,Mnozil Brass,Mnozil Brass,Noten,,,,Die Seltsame,SCORE,physical,,,,,,,,,,PHYSICAL,Die Seltsame,Die Seltsame,Die_Seltsame,"Komp./Arr.: Leonhard Paul
5-stimmig",SOURCE,WIX,5-stimmig,,,,,B2B,17.18,10.00,18.90,EUR,XLSX_SOT_NET,0.00,true,175.0,,,,,,,,,,,,,,,,,,,true,true,product_58e75bc0-18f4-6b47-af1f-03213cbd7da8,product_58e75bc0-18f4-6b47-af1f-03213cbd7da8,true,B2B|Mnozil Brass|Brass_5stimmig,4f718e_30f9e9386dc34d5b9f71fa84897fa009~mv2.jpg|4f718e_a2747152c6a84380a74e2cad22922f9d~mv2.jpg|4f718e_54f193f120c8405fb65eb1888600228d~mv2.jpg|4f718e_a80470ca1e57412597c8c75d39539c76,<p>Komp./Arr.: Leonhard Paul</p><p>5-stimmig</p>,true,Mnozil,false,Die Seltsame,Die Seltsame,Die Seltsame,XLSX_SOT_NORMALIZED,Produktpalette(2).xlsx:XeisWorks,27,EXACT,,false,,,
XW-4521,XW-4521,,,07f91070-dc8a-5f3e-bafc-192ffb08d0cb,NOTEN|connecting people,HIGH,true,CANONICAL,live,ACTIVE,true,false,Mnozil Brass,Mnozil Brass,Noten,,,,Connecting People,SCORE,physical,,,,,,,,,,PHYSICAL,Connecting People,Connecting People,Connecting_People,"Komp./Arr.: Thomas Gansch
5-stimmig",SOURCE,WIX,5-stimmig,,,,,B2B,17.18,10.00,18.90,EUR,XLSX_SOT_NET,0.00,true,175.0,,,,,,,,,,,,,,,,,,,true,true,product_7a403b19-46e1-14e8-34ee-e1af25010204,product_7a403b19-46e1-14e8-34ee-e1af25010204,true,B2B|Mnozil Brass|Brass_5stimmig,4f718e_6918f767ba37494f9a53867e100cbbfc~mv2.jpg|4f718e_a04c439ed3094b9f8289fe01f7195050~mv2.jpg|4f718e_96c1b245542542728dc1289f92d8f263~mv2.jpg|4f718e_09ced98d1ebd4585822830a7724f666b,<p>Komp./Arr.: Thomas Gansch</p><p>5-stimmig</p>,true,Mnozil,false,Connecting People,Connecting People,Connecting People,XLSX_SOT_NORMALIZED,Produktpalette(2).xlsx:XeisWorks,28,EXACT,,false,,,
XW-4522,XW-4522,,,bd0752ef-ae9c-5692-803b-b9fb98181754,NOTEN|fetzenschädelgalopp,HIGH,true,CANONICAL,live,ACTIVE,true,false,Mnozil Brass,Mnozil Brass,Noten,,,,Fetzenschädelgalopp,SCORE,physical,,,,,,,,,,PHYSICAL,Fetzenschädelgalopp,Fetzenschädelgalopp,Fetzenschädelgalopp,"Komp./Arr.: Leonhard Paul
5-stimmig",SOURCE,WIX,5-stimmig,,,,,B2B,17.18,10.00,18.90,EUR,XLSX_SOT_NET,0.00,true,175.0,,,,,,,,,,,,,,,,,,,true,true,product_828f632b-3086-749f-24ef-b8b67cfddaef,product_828f632b-3086-749f-24ef-b8b67cfddaef,true,B2B|Mnozil Brass|Brass_5stimmig,4f718e_7bb2eb4297b549c0b4423d6d1a0a9d87~mv2.jpg|4f718e_2e10611dddac4742aba67eee977da677~mv2.jpg|4f718e_f78c383b3a2b4bf0b93a45acf07bd419~mv2.jpg|4f718e_cee57e9f7fa34c3d98bd3e4388b900de,<p>Komp./Arr.: Leonhard Paul</p><p>5-stimmig</p>,true,Mnozil,false,Fetzenschädelgalopp,Fetzenschädelgalopp,Fetzenschädelgalopp,XLSX_SOT_NORMALIZED,Produktpalette(2).xlsx:XeisWorks,29,EXACT,,false,,,
XW-4523,XW-4523,,,ac3d5288-7ef2-54a1-8294-d2479a744476,NOTEN|monzil,HIGH,true,CANONICAL,live,ACTIVE,true,false,Mnozil Brass,Mnozil Brass,Noten,,,,Monzil,SCORE,physical,,,,,,,,,,PHYSICAL,Monzil,Monzil,Monzil,"Komp./Arr.: Thomas Gansch
5-stimmig",SOURCE,WIX,5-stimmig,,,,,B2B,19.91,10.00,21.90,EUR,XLSX_SOT_NET,0.00,true,175.0,,,,,,,,,,,,,,,,,,,true,true,product_f8489bf2-3baa-8265-36ac-68ff5069810c,product_f8489bf2-3baa-8265-36ac-68ff5069810c,true,B2B|Mnozil Brass|Brass_5stimmig,4f718e_d892321588cb4108a244c8a8de5a7288~mv2.jpg|4f718e_7fc856f3bade46d5ae4f22912c702d36~mv2.jpg|4f718e_59e1d9317ca049ef8e628d64c3f176b1~mv2.jpg|4f718e_36d32bbef3b54663bf3f0b391420b852,<p>Komp./Arr.: Thomas Gansch</p><p>5-stimmig</p>,true,Mnozil,false,Monzil,Monzil,Monzil,XLSX_SOT_NORMALIZED,Produktpalette(2).xlsx:XeisWorks,30,EXACT,,false,,,
XW-4524,XW-4524,,,b2ffd9f4-e8b8-5f1b-a78e-38e5aeca440b,NOTEN|kasperlboarisch,HIGH,true,CANONICAL,live,ACTIVE,true,false,Mnozil Brass,Mnozil Brass,Noten,,,,Kasperlboarisch,SCORE,physical,,,,,,,,,,PHYSICAL,Kasperlboarisch,Kasperlboarisch,Kasperlboarisch,Komp./Arr.: Leonhard Paul,SOURCE,WIX,Komp./Arr.: Leonhard Paul,,,,,B2B,22.64,10.00,24.90,EUR,XLSX_SOT_NET,0.00,true,175.0,,,,,,,,,,,,,,,,,,,true,true,product_4ec03fbd-aaac-c66e-905e-c8296690cc08,product_4ec03fbd-aaac-c66e-905e-c8296690cc08,true,B2B|Mnozil Brass|Brass_7stimmig,4f718e_574c511d11184c02a98340dac866dd7c~mv2.jpg,<p>Komp./Arr.: Leonhard Paul</p>,true,Mnozil,false,Kasperlboarisch,Kasperlboarisch,Kasperlboarisch,XLSX_SOT_NORMALIZED,Produktpalette(2).xlsx:XeisWorks,31,EXACT,,false,,,
XW-4525,XW-4525,,,769fe1fd-8493-5fdb-ba5a-7a2a170ab919,NOTEN|tango nr. 8,HIGH,true,CANONICAL,live,ACTIVE,true,false,Mnozil Brass,Mnozil Brass,Noten,,,,Tango Nr. 8,SCORE,physical,,,,,,,,,,PHYSICAL,Tango Nr. 8,Tango Nr. 8,Tango_Nr._8,"Komp.: Krzysztof Dobrek
Arr.: Leonhard Paul
7-stimmig",SOURCE,WIX,Arr.: Leonhard Paul,7-stimmig,,,,B2B,22.64,10.00,24.90,EUR,XLSX_SOT_NET,0.00,true,175.0,,,,,,,,,,,,,,,,,,,true,true,product_cae234fc-c8f7-db51-e340-b93d42c8fa34,product_cae234fc-c8f7-db51-e340-b93d42c8fa34,true,B2B|Mnozil Brass|Brass_7stimmig,4f718e_656078b8f301433b8883dde5fe3d177e~mv2.jpg|4f718e_d13277a812fe4c339381e0dff91cba36~mv2.jpg|4f718e_512f1ed669844973a6c12b7d64bdaa3d~mv2.jpg|4f718e_a7252341575e48df8a6cc421a61e9c76,<p>Komp.: Krzysztof Dobrek</p><p>Arr.: Leonhard Paul</p><p>7-stimmig</p>,true,Mnozil,false,Tango Nr. 8,Tango Nr. 8,Tango Nr. 8,XLSX_SOT_NORMALIZED,Produktpalette(2).xlsx:XeisWorks,32,EXACT,,false,,,
XW-4526,XW-4526,,,1b6f5205-52d2-550a-9cbd-de145d6add82,NOTEN|hansipolka,HIGH,true,CANONICAL,live,ACTIVE,true,false,Mnozil Brass,Mnozil Brass,Noten,,,,Hansipolka,SCORE,physical,,,,,,,,,,PHYSICAL,Hansipolka,Hansipolka,Hansipolka,Komp./Arr.: Leonhard Paul,SOURCE,WIX,Komp./Arr.: Leonhard Paul,,,,,B2B,19.91,10.00,21.90,EUR,XLSX_SOT_NET,0.00,true,175.0,,,,,,,,,,,,,,,,,,,true,true,product_8d3fdb7c-2772-c160-40b3-679efe1c957e,product_8d3fdb7c-2772-c160-40b3-679efe1c957e,true,B2B|Mnozil Brass|Brass_7stimmig,4f718e_3c0a688dfcad4f29bb8065c46ab077b9~mv2.jpg,<p>Komp./Arr.: Leonhard Paul</p>,true,Mnozil,false,Hansipolka,Hansipolka,Hansipolka,XLSX_SOT_NORMALIZED,Produktpalette(2).xlsx:XeisWorks,33,EXACT,,false,,,
XW-4527,XW-4527,,,5ae170c0-0a52-59be-b1ee-0acf2f14a79d,NOTEN|nils holgersson,HIGH,true,CANONICAL,live,ACTIVE,true,false,Mnozil Brass,Mnozil Brass,Noten,,,,Nils Holgersson,SCORE,physical,,,,,,,,,,PHYSICAL,Nils Holgersson,Nils Holgersson,Nils_Holgersson,"Komp.: Karel Svoboda
Arr.: Leonhard Paul
7-stimmig",SOURCE,WIX,Arr.: Leonhard Paul,7-stimmig,,,,B2B,22.64,10.00,24.90,EUR,XLSX_SOT_NET,0.00,true,175.0,,,,,,,,,,,,,,,,,,,true,true,product_0424abaa-b58f-be49-c6bc-7ff2d34053e4,product_0424abaa-b58f-be49-c6bc-7ff2d34053e4,true,B2B|Mnozil Brass|Brass_7stimmig,4f718e_a444401185734189af2dffe74e0fb11e~mv2.jpg|4f718e_faa0b6598d7a4bb5973e13280f081f7b~mv2.jpg|4f718e_5747d4f3fe82436286e7613a55ae1c99~mv2.jpg|4f718e_4e75c197027c4a998eadb69c179afbc4,<p>Komp.: Karel Svoboda</p><p>Arr.: Leonhard Paul</p><p>7-stimmig</p>,true,Mnozil,false,Nils Holgersson,Nils Holgersson,Nils Holgersson,XLSX_SOT_NORMALIZED,Produktpalette(2).xlsx:XeisWorks,34,EXACT,,false,,,
XW-4528,XW-4528,,,cda6ec28-7a39-5d79-abf7-2fe0d1230494,NOTEN|di a da & scheibendudler,HIGH,true,CANONICAL,live,ACTIVE,true,false,Mnozil Brass,Mnozil Brass,Noten,,,,Di a da & Scheibendudler,SCORE,physical,,,,,,,,,,PHYSICAL,Di a da & Scheibendudler,Di a da & Scheibendudler,Di_a_da_&_Scheibendudler,"Trad.
Arr.: Mnozil Brass
5-stimmig",SOURCE,WIX,Arr.: Mnozil Brass,5-stimmig,,,,B2B,19.91,10.00,21.90,EUR,XLSX_SOT_NET,0.00,true,175.0,,,,,,,,,,,,,,,,,,,true,true,product_e1809c31-594c-3303-b3ad-da67051c418d,product_e1809c31-594c-3303-b3ad-da67051c418d,true,B2B|Mnozil Brass|Brass_7stimmig|Brass_6stimmig,4f718e_76209ad1746d461eb864481aeb0eb96b~mv2.jpg|4f718e_d11ae375b23b413bbcdbc268b2c951f9~mv2.jpg|4f718e_db28fea032a74947afd1055f41b449fc~mv2.jpg|4f718e_f9e173a2cdde46038f7749ffcd8d13ae|4f718e_006a2f5d6ff7493e9ddc9f8a5dbab21f,<p>Trad.</p><p>Arr.: Mnozil Brass</p><p>5-stimmig</p>,true,Mnozil,false,Di a da & Scheibendudler,Di a da & Scheibendudler,Di a da & Scheibendudler,XLSX_SOT_NORMALIZED,Produktpalette(2).xlsx:XeisWorks,35,EXACT,,false,,,
XW-4529,XW-4529,,,29a08830-55da-56ed-a12b-3a0673499550,NOTEN|tanzbodenboaniger,HIGH,true,CANONICAL,live,ACTIVE,true,false,Mnozil Brass,Mnozil Brass,Noten,,,,Tanzbodenboaniger,SCORE,physical,,,,,,,,,,PHYSICAL,Tanzbodenboaniger,Tanzbodenboaniger,Tanzbodenboaniger,"Komp./Arr.: Leonhard Paul
5-stimmig",SOURCE,WIX,5-stimmig,,,,,B2B,17.18,10.00,18.90,EUR,XLSX_SOT_NET,0.00,true,175.0,,,,,,,,,,,,,,,,,,,true,true,product_38fd806e-1b5f-44c9-c6bd-ac0ce77ae2a3,product_38fd806e-1b5f-44c9-c6bd-ac0ce77ae2a3,true,B2B|Mnozil Brass|Brass_5stimmig,4f718e_051e47ec9e7c44c1acf85c1b392bf9cd~mv2.jpg|4f718e_c7febcc1548142d9b2389140f31135cd~mv2.jpg|4f718e_2355b0e060e742b9b1a9b7e8c1c72c0e~mv2.jpg|4f718e_79f8c19a73664fde992780181b5cb742,<p>Komp./Arr.: Leonhard Paul</p><p>5-stimmig</p>,true,Mnozil,false,Tanzbodenboaniger,Tanzbodenboaniger,Tanzbodenboaniger,XLSX_SOT_NORMALIZED,Produktpalette(2).xlsx:XeisWorks,36,EXACT,,false,,,
XW-4530,XW-4530,,,bfaafb34-33a6-5fdb-9aa4-c1da69bae54d,NOTEN|samba mno ci,HIGH,true,CANONICAL,live,ACTIVE,true,false,Mnozil Brass,Mnozil Brass,Noten,,,,Samba Mno Ci,SCORE,physical,,,,,,,,,,PHYSICAL,Samba Mno Ci,Samba Mno Ci,Samba_Mno_Ci,Komp./Arr.: Thomas Gansch,SOURCE,WIX,Komp./Arr.: Thomas Gansch,,,,,B2B,22.64,10.00,24.90,EUR,XLSX_SOT_NET,0.00,true,175.0,,,,,,,,,,,,,,,,,,,true,true,product_0d987679-ff0b-379f-9ba6-40bdb29a4a03,product_0d987679-ff0b-379f-9ba6-40bdb29a4a03,true,B2B|Mnozil Brass|Brass_7stimmig,4f718e_25a25a13d5c04e34a885d8e2585de2b9~mv2.jpg|4f718e_e09f6b96779b475eb4adfe9d5cb5491e,<p>Komp./Arr.: Thomas Gansch</p>,true,Mnozil,false,Samba Mno Ci,Samba Mno Ci,Samba Mno Ci,XLSX_SOT_NORMALIZED,Produktpalette(2).xlsx:XeisWorks,37,EXACT,,false,,,
XW-4531,XW-4531,,,023e635b-376d-51fb-a3bb-59e7e2aa97a4,NOTEN|tango,HIGH,true,CANONICAL,live,ACTIVE,true,false,Mnozil Brass,Mnozil Brass,Noten,,,,Tango,SCORE,physical,,,,,,,,,,PHYSICAL,Tango,Tango,Tango,"Komp.: Isaac Albéniz
Arr.: Leonhard Paul",SOURCE,WIX,Arr.: Leonhard Paul,,,,,B2B,22.64,10.00,24.90,EUR,XLSX_SOT_NET,0.00,true,175.0,,,,,,,,,,,,,,,,,,,true,true,product_c0885815-1f89-4657-8a6d-9ad0036d6301,product_c0885815-1f89-4657-8a6d-9ad0036d6301,true,B2B|Mnozil Brass|Brass_7stimmig,4f718e_e7781cf22f174d47ab26af82c910a6cb~mv2.jpg|4f718e_f48397b71656433aad0eaca736b6f706~mv2.jpg|4f718e_275339797098454789493aef46117283~mv2.jpg|4f718e_0549d9dbe03f480bbd9fd6e246d91936,<p>Komp.: Isaac Albéniz</p><p>Arr.: Leonhard Paul</p>,true,Mnozil,false,Tango,Tango,Tango,XLSX_SOT_NORMALIZED,Produktpalette(2).xlsx:XeisWorks,38,EXACT,,false,,,
XW-4532,XW-4532,,,d4e6af25-8bc6-59d2-8e28-9b473aa78e3b,NOTEN|pavane,HIGH,true,CANONICAL,live,ACTIVE,true,false,Mnozil Brass,Mnozil Brass,Noten,,,,Pavane,SCORE,physical,,,,,,,,,,PHYSICAL,Pavane,Pavane,Pavane,"Komp.: Gabriel Fauré
Arr.: Leonhard Paul",SOURCE,WIX,Arr.: Leonhard Paul,,,,,B2B,22.64,10.00,24.90,EUR,XLSX_SOT_NET,0.00,true,175.0,,,,,,,,,,,,,,,,,,,true,true,product_b6cf2d98-bf65-4a5f-84e0-3b87ce6ed9c6,product_b6cf2d98-bf65-4a5f-84e0-3b87ce6ed9c6,true,B2B|Mnozil Brass|Brass_7stimmig,4f718e_00658cb095a6424193e5b658f94eea39~mv2.jpg|4f718e_436a56f270074236be3a180cb03af69b,<p>Komp.: Gabriel Fauré</p><p>Arr.: Leonhard Paul</p>,true,Mnozil,false,Pavane,Pavane,Pavane,XLSX_SOT_NORMALIZED,Produktpalette(2).xlsx:XeisWorks,39,EXACT,,false,,,
XW-4533,XW-4533,,,9506011f-c533-568c-a8c1-244fbf195f98,NOTEN|einzug der gladiatoren,HIGH,true,CANONICAL,live,ACTIVE,true,false,Mnozil Brass,Mnozil Brass,Noten,,,,Einzug der Gladiatoren,SCORE,physical,,,,,,,,,,PHYSICAL,Einzug der Gladiatoren,Einzug der Gladiatoren,Einzug_der_Gladiatoren,"Komp.: Julius Fučík
Arr.: Leonhard Paul",SOURCE,WIX,Arr.: Leonhard Paul,,,,,B2B,22.64,10.00,24.90,EUR,XLSX_SOT_NET,0.00,true,175.0,,,,,,,,,,,,,,,,,,,true,true,product_898731e5-fb38-c2e9-f810-baa298299157,product_898731e5-fb38-c2e9-f810-baa298299157,true,B2B|Mnozil Brass|Brass_7stimmig,4f718e_dd8c6d5de046454fa6684037eae9cb84~mv2.jpg|4f718e_ed551955144e4cecaf7d26bccbd0d493,<p>Komp.: Julius Fučík</p><p>Arr.: Leonhard Paul</p>,true,Mnozil,false,Einzug der Gladiatoren,Einzug der Gladiatoren,Einzug der Gladiatoren,XLSX_SOT_NORMALIZED,Produktpalette(2).xlsx:XeisWorks,40,EXACT,,false,,,
XW-4534,XW-4534,,,61d06bf2-ac2e-55b2-92d4-43ffae7c40b5,NOTEN|espana,HIGH,true,CANONICAL,live,ACTIVE,true,false,Mnozil Brass,Mnozil Brass,Noten,,,,Espana,SCORE,physical,,,,,,,,,,PHYSICAL,Espana,Espana,Espana,Komp.:/Arr.: Thomas Gansch,SOURCE,WIX,Komp.:/Arr.: Thomas Gansch,,,,,B2B,22.64,10.00,24.90,EUR,XLSX_SOT_NET,0.00,true,175.0,,,,,,,,,,,,,,,,,,,true,true,product_3d298937-367b-698a-ab92-57aa7cbf32e2,product_3d298937-367b-698a-ab92-57aa7cbf32e2,true,B2B|Mnozil Brass|Brass_7stimmig,4f718e_ef2feb5fe3d54c2b807892084fb9baf4~mv2.jpg|4f718e_32205ba48b1a46d180d4c4be0a23eca4,<p>Komp.:/Arr.: Thomas Gansch</p>,true,Mnozil,false,Espana,Espana,Espana,XLSX_SOT_NORMALIZED,Produktpalette(2).xlsx:XeisWorks,41,EXACT,,false,,,
XW-4535,XW-4535,,,407d8441-ed9e-5957-bb05-1c838dee760b,NOTEN|der lippenfresser,HIGH,true,CANONICAL,live,ACTIVE,true,false,Mnozil Brass,Mnozil Brass,Noten,,,,Der Lippenfresser,SCORE,physical,,,,,,,,,,PHYSICAL,Der Lippenfresser,Der Lippenfresser,Der_Lippenfresser,Komp.:/Arr.: Leonhard Paul,SOURCE,WIX,Komp.:/Arr.: Leonhard Paul,,,,,B2B,22.64,10.00,24.90,EUR,XLSX_SOT_NET,0.00,true,175.0,,,,,,,,,,,,,,,,,,,true,true,product_9c4ad40c-a57d-84d5-9eae-25d996dc37e9,product_9c4ad40c-a57d-84d5-9eae-25d996dc37e9,true,B2B|Mnozil Brass|Brass_7stimmig,4f718e_548fbcc70c4741bb9e554a8d057ec97b~mv2.jpg|4f718e_ea72b9ebd9694a538129eb473b5c56f9~mv2.jpg|4f718e_776be98d109f4573840588c21d416fbf~mv2.jpg|4f718e_fe206c8d30b44ba08dce0020a4533952,<p>Komp.:/Arr.: Leonhard Paul</p>,true,Mnozil,false,Der Lippenfresser,Der Lippenfresser,Der Lippenfresser,XLSX_SOT_NORMALIZED,Produktpalette(2).xlsx:XeisWorks,42,EXACT,,false,,,
XW-4536,XW-4536,,,1da541d1-fce8-5050-81eb-fb803881d5ef,NOTEN|french kiss,HIGH,true,CANONICAL,live,ACTIVE,true,false,Mnozil Brass,Mnozil Brass,Noten,,,,French Kiss,SCORE,physical,,,,,,,,,,PHYSICAL,French Kiss,French Kiss,French_Kiss,Komp.:/Arr.: Leonhard Paul,SOURCE,WIX,Komp.:/Arr.: Leonhard Paul,,,,,B2B,22.64,10.00,24.90,EUR,XLSX_SOT_NET,0.00,true,175.0,,,,,,,,,,,,,,,,,,,true,true,product_217cb1a6-a2b4-06e3-a29a-dfa18efe0e86,product_217cb1a6-a2b4-06e3-a29a-dfa18efe0e86,true,B2B|Mnozil Brass|Brass_7stimmig,4f718e_cd3efe6584f245269f31af2a6895ade8~mv2.jpg,<p>Komp.:/Arr.: Leonhard Paul</p>,true,Mnozil,false,French Kiss,French Kiss,French Kiss,XLSX_SOT_NORMALIZED,Produktpalette(2).xlsx:XeisWorks,43,EXACT,,false,,,
XW-4537,XW-4537,,,f975b007-2c55-5b73-b6b2-8a8f3039edbf,NOTEN|tip top toe,HIGH,true,CANONICAL,live,ACTIVE,true,false,Mnozil Brass,Mnozil Brass,Noten,,,,Tip Top Toe,SCORE,physical,,,,,,,,,,PHYSICAL,Tip Top Toe,Tip Top Toe,Tip_Top_Toe,Komp.:/Arr.: Leonhard Paul,SOURCE,WIX,Komp.:/Arr.: Leonhard Paul,,,,,B2B,22.64,10.00,24.90,EUR,XLSX_SOT_NET,0.00,true,175.0,,,,,,,,,,,,,,,,,,,true,true,product_ebdc76a4-da3a-3429-af83-ce799304b38d,product_ebdc76a4-da3a-3429-af83-ce799304b38d,true,B2B|Mnozil Brass|Brass_7stimmig,4f718e_c2ada80d8ca74205b8b1d70d71fd5265~mv2.jpg,<p>Komp.:/Arr.: Leonhard Paul</p>,true,Mnozil,false,Tip Top Toe,Tip Top Toe,Tip Top Toe,XLSX_SOT_NORMALIZED,Produktpalette(2).xlsx:XeisWorks,44,EXACT,,false,,,
XW-4538,XW-4538,,,d2267ab7-19de-542f-9642-cee0d8341763,NOTEN|fledermaus-ouvertüre,HIGH,true,CANONICAL,live,ACTIVE,true,false,Mnozil Brass,Mnozil Brass,Noten,,,,Fledermaus-Ouvertüre,SCORE,physical,,,,,,,,,,PHYSICAL,Fledermaus-Ouvertüre,Fledermaus-Ouvertüre,Fledermaus-Ouvertüre,"Komp.: Johann Strauss Sohn
Arr.: Leonhard Paul",SOURCE,WIX,Arr.: Leonhard Paul,,,,,B2B,22.64,10.00,24.90,EUR,XLSX_SOT_NET,0.00,true,175.0,,,,,,,,,,,,,,,,,,,true,true,product_75c7583a-ad5c-7e0b-6d2b-3ddcb9564bc4,product_75c7583a-ad5c-7e0b-6d2b-3ddcb9564bc4,true,B2B|Mnozil Brass|Brass_7stimmig,4f718e_c8a1dde2171a442b9e77951ad5c5b5d9~mv2.jpg,<p>Komp.: Johann Strauss Sohn</p><p>Arr.: Leonhard Paul</p>,true,Mnozil,false,Fledermaus-Ouvertüre,Fledermaus-Ouvertüre,Fledermaus-Ouvertüre,XLSX_SOT_NORMALIZED,Produktpalette(2).xlsx:XeisWorks,45,EXACT,,false,,,
XW-4539,XW-4539,,,9ad33e48-b899-5930-8ed2-8cd6a6989950,NOTEN|ich bin der welt abhanden gek.,HIGH,true,CANONICAL,live,ACTIVE,true,false,Mnozil Brass,Mnozil Brass,Noten,,,,Ich bin der Welt abhanden gek.,SCORE,physical,,,,,,,,,,PHYSICAL,Ich bin der Welt abhanden gek.,Ich bin der Welt abhanden gek.,Ich_bin_der_Welt_abhanden_gek.,"Komp.: Gustav Mahler
Arr.: Leonhard Paul",SOURCE,WIX,Arr.: Leonhard Paul,,,,,B2B,22.64,10.00,24.90,EUR,XLSX_SOT_NET,0.00,true,175.0,,,,,,,,,,,,,,,,,,,true,true,product_36d8569e-eea2-29cf-2871-e89072847ae5,product_36d8569e-eea2-29cf-2871-e89072847ae5,true,B2B|Mnozil Brass|Brass_7stimmig,4f718e_d6320961811a4aff9f51e0355ae32690~mv2.jpg|4f718e_90432a43fe40404580142a73e509f8eb~mv2.jpg|4f718e_be6656e8357e4847aa45d9d24227db0d~mv2.jpg|4f718e_00c2e9e0025f49e6a1708b49dcef8c5b~mv2.jpg|4f718e_fb5b4834c63a47f09458ebfdda72e3fd~mv2.jpg|4f718e_a099173c20ef4b52b5a62fc4099105f4,<p>Komp.: Gustav Mahler</p><p>Arr.: Leonhard Paul</p>,true,Mnozil,false,Ich bin der Welt abhanden gek.,Ich bin der Welt abhanden gekommen,Ich bin der Welt abhanden gek.,XLSX_SOT_NORMALIZED,Produktpalette(2).xlsx:XeisWorks,46,EXACT,,false,,,
XW-4540,XW-4540,,,42760b76-afe0-5853-9f73-7b219252e89d,NOTEN|blue,HIGH,true,CANONICAL,live,ACTIVE,true,false,Mnozil Brass,Mnozil Brass,Noten,,,,Blue,SCORE,physical,,,,,,,,,,PHYSICAL,Blue,Blue,Blue,"Komp./Arr.: Thomas Gansch
5-stimmig",SOURCE,WIX,5-stimmig,,,,,B2B,17.18,10.00,18.90,EUR,XLSX_SOT_NET,0.00,true,175.0,,,,,,,,,,,,,,,,,,,true,true,product_5133bd3a-1bf2-b90b-511d-2747e486420c,product_5133bd3a-1bf2-b90b-511d-2747e486420c,true,B2B|Mnozil Brass|Brass_5stimmig,4f718e_41d5473f38754394bc7a745d31c25ea5~mv2.jpg|4f718e_e1628f1163b04709b03771e319d6b626~mv2.jpg|4f718e_5c6d22a84a134dd7876a792ec22440c4~mv2.jpg|4f718e_842d071094cb474999811187862f576b,<p>Komp./Arr.: Thomas Gansch</p><p>5-stimmig</p>,true,Mnozil,false,Blue,Blue,Blue,XLSX_SOT_NORMALIZED,Produktpalette(2).xlsx:XeisWorks,47,EXACT,,false,,,
XW-4541,XW-4541,,,dfb2edde-2b6f-5b87-80c1-96047d4bdc07,NOTEN|textilaku,HIGH,true,CANONICAL,live,ACTIVE,true,false,Mnozil Brass,Mnozil Brass,Noten,,,,Textilaku,SCORE,physical,,,,,,,,,,PHYSICAL,Textilaku,Textilaku,Textilaku,"Komp.: Karol Pàdivy
Arr.:/ Thomas Gansch
6-stimmig",SOURCE,WIX,Arr.:/ Thomas Gansch,6-stimmig,,,,B2B,22.64,10.00,24.90,EUR,XLSX_SOT_NET,0.00,true,175.0,,,,,,,,,,,,,,,,,,,true,true,product_d204ceb9-cf3b-cc62-11f2-668372c6c3b0,product_d204ceb9-cf3b-cc62-11f2-668372c6c3b0,true,B2B|Mnozil Brass|Brass_7stimmig,4f718e_9d5f2f6d8c4e4ba7b13617996a02fd8c~mv2.jpg|4f718e_cc7cd73aa6cb4f0f89f1db8e6218901e~mv2.jpg|4f718e_8bdee96130ec4b85a1c5e7d31d574edb~mv2.jpg|4f718e_bae37cddaafc464c82d000313ae935c4,<p>Komp.: Karol Pàdivy</p><p>Arr.:/ Thomas Gansch</p><p>6-stimmig</p>,true,Mnozil,false,Textilaku,Textilaku,Textilaku,XLSX_SOT_NORMALIZED,Produktpalette(2).xlsx:XeisWorks,48,EXACT,,false,,,
XW-4542,XW-4542,,,f09c7f42-cbfb-530b-bef5-be2cfaa9ab43,NOTEN|höllenfahrtpolka,HIGH,true,CANONICAL,live,ACTIVE,true,false,Mnozil Brass,Mnozil Brass,Noten,,,,Höllenfahrtpolka,SCORE,physical,,,,,,,,,,PHYSICAL,Höllenfahrtpolka,Höllenfahrtpolka,Höllenfahrtpolka,"Trad.
Arr.: Leonhard Paul
7-stimmig",SOURCE,WIX,Arr.: Leonhard Paul,7-stimmig,,,,B2B,19.91,10.00,21.90,EUR,XLSX_SOT_NET,0.00,true,175.0,,,,,,,,,,,,,,,,,,,true,true,product_7a6ea16b-b599-18d1-35e3-8c9e1c654e0d,product_7a6ea16b-b599-18d1-35e3-8c9e1c654e0d,true,B2B|Mnozil Brass|Brass_7stimmig,4f718e_fefecd1add304a6dacf396a1b05d6e66~mv2.jpg|4f718e_9055b145d1204b1691bc81c27498af45~mv2.jpg|4f718e_781c2dfcbabd46a3b2fe647e60a37cda~mv2.jpg,<p>Trad.</p><p>Arr.: Leonhard Paul</p><p>7-stimmig</p>,true,Mnozil,false,Höllenfahrtpolka,Höllenfahrtpolka,Höllenfahrtpolka,XLSX_SOT_NORMALIZED,Produktpalette(2).xlsx:XeisWorks,49,EXACT,,false,,,
XW-4543,XW-4543,,,8df947ed-3dbd-56e6-a3ea-f75bb2c048d2,NOTEN|lagreiner dunkelmarsch,HIGH,true,CANONICAL,live,ACTIVE,true,false,Mnozil Brass,Mnozil Brass,Noten,,,,Lagreiner Dunkelmarsch,SCORE,physical,,,,,,,,,,PHYSICAL,Lagreiner Dunkelmarsch,Lagreiner Dunkelmarsch,Lagreiner_Dunkelmarsch,"Komp./Arr.: Leonhard Paul
5-stimmig",SOURCE,WIX,5-stimmig,,,,,B2B,17.18,10.00,18.90,EUR,XLSX_SOT_NET,0.00,true,175.0,,,,,,,,,,,,,,,,,,,true,true,product_e0dedf36-d373-1182-8a52-d939828ec78b,product_e0dedf36-d373-1182-8a52-d939828ec78b,true,B2B|Mnozil Brass|Brass_5stimmig,4f718e_1d4f3b282faa451e8f290608e3afeb4a~mv2.jpg|4f718e_4f05d026b94848fa9654576b8aadded8~mv2.jpg|4f718e_51a4fc160acc40029f41118d90e915bf~mv2.jpg|4f718e_290869aa4aeb4b278cc4f8bb6e75f7cc,<p>Komp./Arr.: Leonhard Paul</p><p>5-stimmig</p>,true,Mnozil,false,Lagreiner Dunkelmarsch,Lagreiner Dunkelmarsch,Lagreiner Dunkelmarsch,XLSX_SOT_NORMALIZED,Produktpalette(2).xlsx:XeisWorks,50,EXACT,,false,,,
XW-4544,XW-4544,,,e290611b-7d2f-5300-8f30-f47023185cbc,NOTEN|kellner polka,HIGH,true,CANONICAL,live,ACTIVE,true,false,Mnozil Brass,Mnozil Brass,Noten,,,,Kellner Polka,SCORE,physical,,,,,,,,,,PHYSICAL,Kellner Polka,Kellner Polka,Kellner_Polka,"Traditional
Arr.: Leonhard Paul
5-stimmig",SOURCE,WIX,Arr.: Leonhard Paul,5-stimmig,,,,B2B,17.18,10.00,18.90,EUR,XLSX_SOT_NET,7.00,true,175.0,,,,,,,,,,,,,,,,,,,true,true,product_5740999b-d1b9-c5b4-cf2e-163eaf0b49de,product_5740999b-d1b9-c5b4-cf2e-163eaf0b49de,true,B2B|Mnozil Brass|Brass_5stimmig,4f718e_1a47cc80a588457384901a8739d4f399~mv2.jpg|4f718e_d3c1df2aeabd494ca73a42a909204073~mv2.jpg|4f718e_70a72201d18f4725b413da276987fc4d~mv2.jpg|4f718e_1f4280d331f04a719f07ef396ccf2193,<p>Traditional</p><p>Arr.: Leonhard Paul</p><p>5-stimmig</p>,true,Mnozil,false,Kellner Polka,Kellner Polka,Kellner Polka,XLSX_SOT_NORMALIZED,Produktpalette(2).xlsx:XeisWorks,51,EXACT,,false,,,
XW-4545,XW-4545,,,d0f21677-3861-575d-8fce-c8ee7b442f07,NOTEN|wilhelm tell-ouvertüre,HIGH,true,CANONICAL,live,ACTIVE,true,false,Mnozil Brass,Mnozil Brass,Noten,,,,Wilhelm Tell-Ouvertüre,SCORE,physical,,,,,,,,,,PHYSICAL,Wilhelm Tell-Ouvertüre,Wilhelm Tell-Ouvertüre,Wilhelm_Tell-Ouvertüre,"Komp.: Gioachino Rossini
Arr.: Leonhard Paul
7-stimmig",SOURCE,WIX,Arr.: Leonhard Paul,7-stimmig,,,,B2B,22.64,10.00,24.90,EUR,XLSX_SOT_NET,1.00,true,175.0,,,,,,,,,,,,,,,,,,,true,true,product_588e378d-6755-eb52-7d36-5244ca09229c,product_588e378d-6755-eb52-7d36-5244ca09229c,true,B2B|Mnozil Brass|Brass_7stimmig,4f718e_026442bfd0cf496d80d687219128b17d~mv2.jpg|4f718e_0bd8128f804d44d5bc738d0459cc3287~mv2.jpg|4f718e_0e99f2e00aaa4b20b78ef9b01b59d44a~mv2.jpg|4f718e_f9093a8f0bdf468a9513314a0c70d5b5,<p>Komp.: Gioachino Rossini</p><p>Arr.: Leonhard Paul</p><p>7-stimmig</p>,true,Mnozil,false,Wilhelm Tell-Ouvertüre,Wilhelm Tell-Ouvertüre,Wilhelm Tell-Ouvertüre,XLSX_SOT_NORMALIZED,Produktpalette(2).xlsx:XeisWorks,52,EXACT,,false,,,
XW-4546,XW-4546,,,1461dce9-25b4-5422-9821-df2392d810d9,NOTEN|als israel noch bei ungarn war,HIGH,true,CANONICAL,live,ACTIVE,true,false,Mnozil Brass,Mnozil Brass,Noten,,,,Als Israel noch bei Ungarn war,SCORE,physical,,,,,,,,,,PHYSICAL,Als Israel noch bei Ungarn war,Als Israel noch bei Ungarn war,Als_Israel_noch_bei_Ungarn_war,Komp./Arr.: Leonhard Paul,SOURCE,WIX,Komp./Arr.: Leonhard Paul,,,,,B2B,22.64,10.00,24.90,EUR,XLSX_SOT_NET,0.00,true,175.0,,,,,,,,,,,,,,,,,,,true,true,product_708a3956-feeb-2580-f6e1-49f944f5d586,product_708a3956-feeb-2580-f6e1-49f944f5d586,true,B2B|Mnozil Brass,4f718e_507272fb0a084391b441186fdfe5960d~mv2.jpg|4f718e_a0f86389724b4be4b3536eae3ac4f2a1,<p>Komp./Arr.: Leonhard Paul</p>,true,Mnozil,false,Als Israel noch bei Ungarn war,Als Israel noch bei Ungarn war,Als Israel noch bei Ungarn war,XLSX_SOT_NORMALIZED,Produktpalette(2).xlsx:XeisWorks,53,EXACT,,false,,,
XW-4547,XW-4547,,,1a240b5c-2ce5-53bb-afe6-65bfcf363cd4,NOTEN|westböhmisches krankstück,HIGH,true,CANONICAL,live,ACTIVE,true,false,Mnozil Brass,Mnozil Brass,Noten,,,,Westböhmisches Krankstück,SCORE,physical,,,,,,,,,,PHYSICAL,Westböhmisches Krankstück,Westböhmisches Krankstück,Westböhmisches_Krankstück,Komp./Arr.: Leonhard Paul,SOURCE,WIX,Komp./Arr.: Leonhard Paul,,,,,B2B,22.64,10.00,24.90,EUR,XLSX_SOT_NET,0.00,true,175.0,,,,,,,,,,,,,,,,,,,true,true,product_f9c02490-1941-bf7d-f762-92b13fc5eef0,product_f9c02490-1941-bf7d-f762-92b13fc5eef0,true,B2B|Mnozil Brass|Brass_7stimmig,4f718e_5a292fc3632d4083afe7dedd60652755~mv2.jpg|4f718e_dcb6c8fbb761490d92e8bc14b97eb80e,<p>Komp./Arr.: Leonhard Paul</p>,true,Mnozil,false,Westböhmisches Krankstück,Westböhmisches Krankstück,Westböhmisches Krankstück,XLSX_SOT_NORMALIZED,Produktpalette(2).xlsx:XeisWorks,54,EXACT,,false,,,
XW-4548,XW-4548,,,33229f09-a3d0-52b0-8077-281542880f26,NOTEN|schwá de deux de compagnon,HIGH,true,CANONICAL,live,ACTIVE,true,false,Mnozil Brass,Mnozil Brass,Noten,,,,Schwá de deux de compagnon,SCORE,physical,,,,,,,,,,PHYSICAL,Schwá de deux de compagnon,Schwá de deux de compagnon,Schwá_de_deux_de_compagnon,"Komp./Arr.: Leonhard Paul
7-stimmig",SOURCE,WIX,7-stimmig,,,,,B2B,22.64,10.00,24.90,EUR,XLSX_SOT_NET,0.00,true,175.0,,,,,,,,,,,,,,,,,,,true,true,product_8620d2ea-40e4-fcd1-88ac-a93aca008bf0,product_8620d2ea-40e4-fcd1-88ac-a93aca008bf0,true,B2B|Mnozil Brass|Brass_7stimmig,4f718e_a73884081c3c47e6b249c152e2b97f4d~mv2.jpg|4f718e_a1045f6f1f424a679cbc111df99becf6~mv2.jpg|4f718e_93065ef3d1854399baf8b7ce4d7594a7~mv2.jpg|4f718e_0719d514566944138e341eec542c69da,<p>Komp./Arr.: Leonhard Paul</p><p>7-stimmig</p>,true,Mnozil,false,Schwá de deux de compagnon,Schwa de deux de compagnon,Schwá de deux de compagnon,XLSX_SOT_NORMALIZED,Produktpalette(2).xlsx:XeisWorks,55,EXACT,,false,,,
XW-4549,XW-4549,,,d7c5cdc0-7eb2-5cb4-8628-d18cfdf6ad91,NOTEN|leichte kavallerie,HIGH,true,CANONICAL,live,ACTIVE,true,false,Mnozil Brass,Mnozil Brass,Noten,,,,Leichte Kavallerie,SCORE,physical,,,,,,,,,,PHYSICAL,Leichte Kavallerie,Leichte Kavallerie,Leichte_Kavallerie,"Komp.: Franz von Suppè
Arr.: Leonhard Paul",SOURCE,WIX,Arr.: Leonhard Paul,,,,,B2B,22.64,10.00,24.90,EUR,XLSX_SOT_NET,0.00,true,175.0,,,,,,,,,,,,,,,,,,,true,true,product_af46b29b-6288-6ef3-60ce-90f6688d85c4,product_af46b29b-6288-6ef3-60ce-90f6688d85c4,true,B2B|Mnozil Brass|Brass_7stimmig,4f718e_363e0bde2718469385cbe5543ba55d61~mv2.jpg,<p>Komp.: Franz von Suppè</p><p>Arr.: Leonhard Paul</p>,true,Mnozil,false,Leichte Kavallerie,Leichte Kavallerie,Leichte Kavallerie,XLSX_SOT_NORMALIZED,Produktpalette(2).xlsx:XeisWorks,56,EXACT,,false,,,
XW-4550,XW-4550,,,4b9f7f7c-bfec-5ab7-a3f1-e48c2e0169ea,NOTEN|damenjagd,HIGH,true,CANONICAL,live,ACTIVE,true,false,Mnozil Brass,Mnozil Brass,Noten,,,,Damenjagd,SCORE,physical,,,,,,,,,,PHYSICAL,Damenjagd,Damenjagd,Damenjagd,"Trad.
Arr.: Leonhard Paul
5-stimmig",SOURCE,WIX,Arr.: Leonhard Paul,5-stimmig,,,,B2B,17.18,10.00,18.90,EUR,XLSX_SOT_NET,0.00,true,175.0,,,,,,,,,,,,,,,,,,,true,true,product_18189da0-a54b-be65-c97c-68b69f78d109,product_18189da0-a54b-be65-c97c-68b69f78d109,true,B2B|Mnozil Brass|Brass_5stimmig,4f718e_a58885970aa644bbbc18d969df9eba5d~mv2.jpg|4f718e_aa2c5414322c4c1aaf26e98a74978687~mv2.jpg|4f718e_5e2ff068f8ff414086baf4bfb4c391cc~mv2.jpg|4f718e_eadd029130884a23b1995e16a338d596,<p>Trad.</p><p>Arr.: Leonhard Paul</p><p>5-stimmig</p>,true,Mnozil,false,Damenjagd,Damenjagd,Damenjagd,XLSX_SOT_NORMALIZED,Produktpalette(2).xlsx:XeisWorks,57,EXACT,,false,,,
XW-4551,XW-4551,,,d3ec56f3-b061-5e0c-b732-a540846bccc1,NOTEN|abendlied,HIGH,true,CANONICAL,live,ACTIVE,true,false,Mnozil Brass,Mnozil Brass,Noten,,,,Abendlied,SCORE,physical,,,,,,,,,,PHYSICAL,Abendlied,Abendlied,Abendlied,"Komp.: Robert Schumann
Arr.: Leonhard Paul
4-stimmig",SOURCE,WIX,Arr.: Leonhard Paul,4-stimmig,,,,B2B,14.45,10.00,15.90,EUR,XLSX_SOT_NET,0.00,true,175.0,,,,,,,,,,,,,,,,,,,true,true,product_762dab11-60a0-689e-a2b5-c4c9350f77ae,product_762dab11-60a0-689e-a2b5-c4c9350f77ae,true,B2B|Mnozil Brass|Brass_4stimmig,4f718e_b74e18ef0bc148d6a87bbc61245e5d4b~mv2.jpg|4f718e_43cf38e5823143c0ab7627b762b0888b~mv2.jpg|4f718e_30044be4bdb444d685b2b582137e78b9~mv2.jpg|4f718e_045bd2b37b6b47a08fa854531e3a4cbd,<p>Komp.: Robert Schumann</p><p>Arr.: Leonhard Paul</p><p>4-stimmig</p>,true,Mnozil,false,Abendlied,Abendlied,Abendlied,XLSX_SOT_NORMALIZED,Produktpalette(2).xlsx:XeisWorks,58,EXACT,,false,,,
XW-4552,XW-4552,,,21b150c0-a4c0-54a2-a425-a789e33ea643,NOTEN|alp,HIGH,true,CANONICAL,live,ACTIVE,true,false,Mnozil Brass,Mnozil Brass,Noten,,,,Alp,SCORE,physical,,,,,,,,,,PHYSICAL,Alp,Alp,Alp,"Komp./Arr.: Gerhard Füßl
4-stimmig",SOURCE,WIX,4-stimmig,,,,,B2B,14.45,10.00,15.90,EUR,XLSX_SOT_NET,0.00,true,175.0,,,,,,,,,,,,,,,,,,,true,true,product_c840c9d1-48d8-7473-cda3-94e8b3b0c8d9,product_c840c9d1-48d8-7473-cda3-94e8b3b0c8d9,true,B2B|Mnozil Brass|Brass_4stimmig,4f718e_a2b78015de064ed7ae82456a415b3faf~mv2.jpg|4f718e_6ebf26c5dbd847d28877f998b909b2f1~mv2.jpg|4f718e_541a7c7be0994512b564d2d9382691ba~mv2.jpg,<p>Komp./Arr.: Gerhard Füßl</p><p>4-stimmig</p>,true,Mnozil,false,Alp,Alp,Alp,XLSX_SOT_NORMALIZED,Produktpalette(2).xlsx:XeisWorks,59,EXACT,,false,,,
XW-4553,XW-4553,,,86e7c6b0-39b4-54a3-b8f3-13de5ded090b,NOTEN|asylantenwalzer,HIGH,true,CANONICAL,live,ACTIVE,true,false,Mnozil Brass,Mnozil Brass,Noten,,,,Asylantenwalzer,SCORE,physical,,,,,,,,,,PHYSICAL,Asylantenwalzer,Asylantenwalzer,Asylantenwalzer,"Traditional
Arr.: Leonhard Paul
5-stimmig",SOURCE,WIX,Arr.: Leonhard Paul,5-stimmig,,,,B2B,17.18,10.00,18.90,EUR,XLSX_SOT_NET,7.00,true,175.0,,,,,,,,,,,,,,,,,,,true,true,product_ce80f752-d33b-4d09-80ca-15fa8c33154a,product_ce80f752-d33b-4d09-80ca-15fa8c33154a,true,B2B|Mnozil Brass|Brass_5stimmig,4f718e_7b72e97556a84582824d5484bb052731~mv2.jpg|4f718e_5fa29d17ef9d4465a9d565ce7b9345ac~mv2.jpg|4f718e_b4f0ce06db714f508ff47496441742b8~mv2.jpg|4f718e_a365a616278841c7ad4f2f92c66fb018,<p>Traditional</p><p>Arr.: Leonhard Paul</p><p>5-stimmig</p>,true,Mnozil,false,Asylantenwalzer,Asylantenwalzer,Asylantenwalzer,XLSX_SOT_NORMALIZED,Produktpalette(2).xlsx:XeisWorks,60,EXACT,,false,,,
XW-4554,XW-4554,,,b48fe689-b709-5323-8971-ecf547448e7f,NOTEN|der schönfeldinger,HIGH,true,CANONICAL,live,ACTIVE,true,false,Mnozil Brass,Mnozil Brass,Noten,,,,Der Schönfeldinger,SCORE,physical,,,,,,,,,,PHYSICAL,Der Schönfeldinger,Der Schönfeldinger,Der_Schönfeldinger,"Traditional
Arr.: Mnozil Brass
5-stimmig",SOURCE,WIX,Arr.: Mnozil Brass,5-stimmig,,,,B2B,17.18,10.00,18.90,EUR,XLSX_SOT_NET,0.00,true,175.0,,,,,,,,,,,,,,,,,,,true,true,product_8d6c7b71-b8d7-0f2a-2e32-7e3f8907ed79,product_8d6c7b71-b8d7-0f2a-2e32-7e3f8907ed79,true,B2B|Mnozil Brass|Brass_5stimmig,4f718e_9d9c2c6d5a20491a8d1d11dd6013eb7c~mv2.jpg|4f718e_630271e5b4bf4e0fa26eb09375870690~mv2.jpg|4f718e_f2c69bc8631e4d32ac92e053bf7bfa6f~mv2.jpg,<p>Traditional</p><p>Arr.: Mnozil Brass</p><p>5-stimmig</p>,true,Mnozil,false,Der Schönfeldinger,Der Schönfeldinger,Der Schönfeldinger,XLSX_SOT_NORMALIZED,Produktpalette(2).xlsx:XeisWorks,61,EXACT,,false,,,
XW-4555,XW-4555,,,ae2252c3-369c-5e05-8253-d6e1dfcb10b1,NOTEN|es wird scho glei umptata,HIGH,true,CANONICAL,live,ACTIVE,true,false,Mnozil Brass,Mnozil Brass,Noten,,,,Es wird scho glei Umptata,SCORE,physical,,,,,,,,,,PHYSICAL,Es wird scho glei Umptata,Es wird scho glei Umptata,Es_wird_scho_glei_Umptata,"Trad.
Arr.: Mnozil Brass
6-stimmig",SOURCE,WIX,Arr.: Mnozil Brass,6-stimmig,,,,B2B,22.64,10.00,24.90,EUR,XLSX_SOT_NET,1.00,true,175.0,,,,,,,,,,,,,,,,,,,true,true,product_e4bc4b42-3f29-46f2-17a2-4eee35de7b9d,product_e4bc4b42-3f29-46f2-17a2-4eee35de7b9d,true,B2B|Mnozil Brass|Brass_7stimmig,4f718e_02d92690fd7e4406972fe0cfb2407b09~mv2.jpg|4f718e_8133f428a0bc4143bf94696b07ffbbd4~mv2.jpg|4f718e_18999be2047148868b220f061801adc5~mv2.jpg|4f718e_ec4483f82aeb481db12650c1436351dc,<p>Trad.</p><p>Arr.: Mnozil Brass</p><p>6-stimmig</p>,true,Mnozil,false,Es wird scho glei Umptata,Es wird scho glei Umptata,Es wird scho glei Umptata,XLSX_SOT_NORMALIZED,Produktpalette(2).xlsx:XeisWorks,62,EXACT,,false,,,
XW-4556,XW-4556,,,75c0707d-869d-53f7-9d7a-1ea5185c8df1,NOTEN|florentiner marsch,HIGH,true,CANONICAL,live,ACTIVE,true,false,Mnozil Brass,Mnozil Brass,Noten,,,,Florentiner Marsch,SCORE,physical,,,,,,,,,,PHYSICAL,Florentiner Marsch,Florentiner Marsch,Florentiner_Marsch,"Komp.: Julius Fučík
Arr.: Leonhard Paul
7-stimmig",SOURCE,WIX,Arr.: Leonhard Paul,7-stimmig,,,,B2B,22.64,10.00,24.90,EUR,XLSX_SOT_NET,1.00,true,175.0,,,,,,,,,,,,,,,,,,,true,true,product_4b321664-9ea5-ad58-9b21-507057e6d333,product_4b321664-9ea5-ad58-9b21-507057e6d333,true,B2B|Mnozil Brass|Brass_7stimmig,4f718e_bdaf6159dcc84908840782790013ff06~mv2.jpg|4f718e_e4420a1cd461443281392e5bfd7cb290~mv2.jpg|4f718e_fd49ddeed898445ea34e2ee50a9d85c0~mv2.jpg|4f718e_b217b7cf049a428097c81f7e9b49ec2b,<p>Komp.: Julius Fučík</p><p>Arr.: Leonhard Paul</p><p>7-stimmig</p>,true,Mnozil,false,Florentiner Marsch,Florentiner Marsch,Florentiner Marsch,XLSX_SOT_NORMALIZED,Produktpalette(2).xlsx:XeisWorks,63,EXACT,,false,,,
XW-4557,XW-4557,,,20346395-7d1a-5526-bfdc-c9e7857013d4,NOTEN|d'lustige schwoagerin,HIGH,true,CANONICAL,live,ACTIVE,true,false,Mnozil Brass,Mnozil Brass,Noten,,,,D'lustige Schwoagerin,SCORE,physical,,,,,,,,,,PHYSICAL,D'lustige Schwoagerin,D'lustige Schwoagerin,D'lustige_Schwoagerin,"Tradional
Arr.: Mnozil Brass
6-stimmig",SOURCE,WIX,Arr.: Mnozil Brass,6-stimmig,,,,B2B,19.91,10.00,21.90,EUR,XLSX_SOT_NET,0.00,true,175.0,,,,,,,,,,,,,,,,,,,true,true,product_bb992916-9abd-c06e-686d-970eed9b0afa,product_bb992916-9abd-c06e-686d-970eed9b0afa,true,B2B|Mnozil Brass|Brass_7stimmig|Brass_6stimmig,4f718e_e27955b476db49c3abf3e2cb97c02d47~mv2.jpg|4f718e_8265bcb9427c4ef59138df8e1d66a5f4~mv2.jpg|4f718e_faba09daf69a4a7983c84dbca277ee29~mv2.jpg|4f718e_0b2fd5addfe148db942fab0ce9e9aa66,<p>Tradional</p><p>Arr.: Mnozil Brass</p><p>6-stimmig</p>,true,Mnozil,false,D'lustige Schwoagerin,D'lustige Schwoagerin,D'lustige Schwoagerin,XLSX_SOT_NORMALIZED,Produktpalette(2).xlsx:XeisWorks,64,EXACT,,false,,,
XW-4558,XW-4558,,,4ddea2b6-7986-5280-9368-cf8b4c08496d,NOTEN|pro moravanku,HIGH,true,CANONICAL,live,ACTIVE,true,false,Mnozil Brass,Mnozil Brass,Noten,,,,Pro Moravanku,SCORE,physical,,,,,,,,,,PHYSICAL,Pro Moravanku,Pro Moravanku,Pro_Moravanku,"Komp.: Ladislav Kubes
Arr.: Leonhard Paul
6-stimmig",SOURCE,WIX,Arr.: Leonhard Paul,6-stimmig,,,,B2B,19.91,10.00,21.90,EUR,XLSX_SOT_NET,0.00,true,175.0,,,,,,,,,,,,,,,,,,,true,true,product_1f166f9f-423e-0193-728e-d5d061d65670,product_1f166f9f-423e-0193-728e-d5d061d65670,true,B2B|Mnozil Brass|Brass_7stimmig|Brass_6stimmig,4f718e_b5248c743f45483988730b577dc5592c~mv2.jpg|4f718e_1cc22281378c43919a5094b44a025043~mv2.jpg|4f718e_e9ee65fc323b4145b9f2dc15acf20fa4~mv2.jpg|4f718e_ba412513e4e34b6684c68b23ab1609f0,<p>Komp.: Ladislav Kubes</p><p>Arr.: Leonhard Paul</p><p>6-stimmig</p>,true,Mnozil,false,Pro Moravanku,Pro Moravanku,Pro Moravanku,XLSX_SOT_NORMALIZED,Produktpalette(2).xlsx:XeisWorks,65,EXACT,,false,,,
XW-4559,XW-4559,,,82d45045-c3cf-57a6-bea1-4c9903548cbd,NOTEN|sohm polka,HIGH,true,CANONICAL,live,ACTIVE,true,false,Mnozil Brass,Mnozil Brass,Noten,,,,Sohm Polka,SCORE,physical,,,,,,,,,,PHYSICAL,Sohm Polka,Sohm Polka,Sohm_Polka,"Komp.: Thomas Gansch
Arr.: Mnozil Brass
5-stimmig",SOURCE,WIX,Arr.: Mnozil Brass,5-stimmig,,,,B2B,17.18,10.00,18.90,EUR,XLSX_SOT_NET,0.00,true,175.0,,,,,,,,,,,,,,,,,,,true,true,product_9a222b44-114b-656b-a334-730569f77f01,product_9a222b44-114b-656b-a334-730569f77f01,true,B2B|Mnozil Brass|Brass_5stimmig,4f718e_6115e7949e654e298ec019722382d95a~mv2.jpg|4f718e_3ed7801991014560a15798a25b014684~mv2.jpg|4f718e_052bf8d49a6144ad8f327865f0850bda~mv2.jpg|4f718e_615658378da246a1aed95d28e6358f01,<p>Komp.: Thomas Gansch</p><p>Arr.: Mnozil Brass</p><p>5-stimmig</p>,true,Mnozil,false,Sohm Polka,Sohm Polka,Sohm Polka,XLSX_SOT_NORMALIZED,Produktpalette(2).xlsx:XeisWorks,66,EXACT,,false,,,
XW-4560,XW-4560,,,2c4bb30b-5fa7-50b8-bf80-8af4887667b0,NOTEN|der lustige bertl,HIGH,true,CANONICAL,live,ACTIVE,true,false,Mnozil Brass,Mnozil Brass,Noten,,,,Der lustige Bertl,SCORE,physical,,,,,,,,,,PHYSICAL,Der lustige Bertl,Der lustige Bertl,Der_lustige_Bertl,"Traditional
Arr.: Mnozil Brass
5-stimmig",SOURCE,WIX,Arr.: Mnozil Brass,5-stimmig,,,,B2B,17.18,10.00,18.90,EUR,XLSX_SOT_NET,0.00,true,175.0,,,,,,,,,,,,,,,,,,,true,true,product_6073a7fb-5fd8-db20-abf4-0b962df7c931,product_6073a7fb-5fd8-db20-abf4-0b962df7c931,true,B2B|Mnozil Brass|Brass_5stimmig,4f718e_9deb0c47ea1542349b6492651c98a395~mv2.jpg|4f718e_d1b29dfb74224fdc8e00939372a9c0cf~mv2.jpg|4f718e_7f9df76b6d444d4abb7ee61151526c32~mv2.jpg,<p>Traditional</p><p>Arr.: Mnozil Brass</p><p>5-stimmig</p>,true,Mnozil,false,Der lustige Bertl,Der lustige Bertl,Der lustige Bertl,XLSX_SOT_NORMALIZED,Produktpalette(2).xlsx:XeisWorks,67,EXACT,,false,,,
XW-4561,XW-4561,,,643fc625-6974-5dc2-a370-59d35f72e7e6,NOTEN|fuchsgraben polka,HIGH,true,CANONICAL,live,ACTIVE,true,false,Mnozil Brass,Mnozil Brass,Noten,,,,Fuchsgraben Polka,SCORE,physical,,,,,,,,,,PHYSICAL,Fuchsgraben Polka,Fuchsgraben Polka,Fuchsgraben_Polka,"Komp.: Karel Vacek
Arr.: Mnozil Brass
7-stimmig",SOURCE,WIX,Arr.: Mnozil Brass,7-stimmig,,,,B2B,22.64,10.00,24.90,EUR,XLSX_SOT_NET,1.00,true,175.0,,,,,,,,,,,,,,,,,,,true,true,product_8d7bb046-97ee-8f39-a591-aab962aac821,product_8d7bb046-97ee-8f39-a591-aab962aac821,true,B2B|Mnozil Brass|Brass_7stimmig,4f718e_f0604455d7ad4eab99546f44b7a53ba7~mv2.jpg|4f718e_e013d99e146e4ed5935a8ba86be08a94~mv2.jpg|4f718e_2fe8d84881014fada7ed9fb32a3a4b4e~mv2.jpg|4f718e_590c60c0f8f542b89cf98e12f886c04d,<p>Komp.: Karel Vacek</p><p>Arr.: Mnozil Brass</p><p>7-stimmig</p>,true,Mnozil,false,Fuchsgraben Polka,Fuchsgraben Polka,Fuchsgraben Polka,XLSX_SOT_NORMALIZED,Produktpalette(2).xlsx:XeisWorks,68,EXACT,,false,,,
XW-4562,XW-4562,,,3f86b585-c762-5fee-98c7-b82d4a2dcf00,NOTEN|gruß an schloss weissenstein,HIGH,true,CANONICAL,live,ACTIVE,true,false,Mnozil Brass,Mnozil Brass,Noten,,,,Gruß an Schloss Weissenstein,SCORE,physical,,,,,,,,,,PHYSICAL,Gruß an Schloss Weissenstein,Gruß an Schloss Weissenstein,Gruß_an_Schloss_Weissenstein,"Komp.: Georg Trost
Arr.: Mnozil Brass
7-stimmig",SOURCE,WIX,Arr.: Mnozil Brass,7-stimmig,,,,B2B,19.91,10.00,21.90,EUR,XLSX_SOT_NET,0.00,true,175.0,,,,,,,,,,,,,,,,,,,true,true,product_63f26177-9c1b-3106-4af0-7f23eecbe4ab,product_63f26177-9c1b-3106-4af0-7f23eecbe4ab,true,B2B|Mnozil Brass|Brass_7stimmig,4f718e_208731f2d07c4a9eb7b7cca3e65946df~mv2.jpg|4f718e_64599d6c02d7409fb2a8dfa5a0a1e5bc~mv2.jpg|4f718e_317ce040f7944ae59c57cffdad5651ab~mv2.jpg|4f718e_5cfd83611e3f494c926d82a82b27ebd3,<p>Komp.: Georg Trost</p><p>Arr.: Mnozil Brass</p><p>7-stimmig</p>,true,Mnozil,false,Gruß an Schloss Weissenstein,Gruß an Schloss Weissenstein,Gruß an Schloss Weissenstein,XLSX_SOT_NORMALIZED,Produktpalette(2).xlsx:XeisWorks,69,EXACT,,false,,,
XW-4563,XW-4563,,,f687a30d-ab20-5a21-aa39-aed8b02fb406,NOTEN|humpa dumpa,HIGH,true,CANONICAL,live,ACTIVE,true,false,Mnozil Brass,Mnozil Brass,Noten,,,,Humpa dumpa,SCORE,physical,,,,,,,,,,PHYSICAL,Humpa dumpa,Humpa dumpa,Humpa_dumpa,"Traditional (Es wird scho glei dumpa)
Arr.: Leonhard Paul
7-stimmig",SOURCE,WIX,Arr.: Leonhard Paul,7-stimmig,,,,B2B,22.64,10.00,24.90,EUR,XLSX_SOT_NET,0.00,true,175.0,,,,,,,,,,,,,,,,,,,true,true,product_4cbfc2e0-a075-0bca-3395-a7084fc86359,product_4cbfc2e0-a075-0bca-3395-a7084fc86359,true,B2B|Mnozil Brass|Brass_7stimmig,4f718e_6b66f85cbd524ac09ff41e64121b191e~mv2.jpg|4f718e_087baa0095e344b1befa5f9c1d7ae56f~mv2.jpg|4f718e_909d143eb4e84aaa96105fffa0ed9a47~mv2.jpg|4f718e_a2c78bcddb5540b7b17dd1c1bb531d01,<p>Traditional (Es wird scho glei dumpa)</p><p>Arr.: Leonhard Paul</p><p>7-stimmig</p>,true,Mnozil,false,Humpa dumpa,Humpa dumpa,Humpa dumpa,XLSX_SOT_NORMALIZED,Produktpalette(2).xlsx:XeisWorks,70,EXACT,,false,,,
XW-4564,XW-4564,,,cb71dfc7-3ab0-590a-8376-b74e796ed7f7,NOTEN|hupfidbupf,HIGH,true,CANONICAL,live,ACTIVE,true,false,Mnozil Brass,Mnozil Brass,Noten,,,,Hupfidbupf,SCORE,physical,,,,,,,,,,PHYSICAL,Hupfidbupf,Hupfidbupf,Hupfidbupf,"Komp./Arr.: Leonhard Paul
5-stimmig",SOURCE,WIX,5-stimmig,,,,,B2B,17.18,10.00,18.90,EUR,XLSX_SOT_NET,0.00,true,175.0,,,,,,,,,,,,,,,,,,,true,true,product_c99953ea-4692-4cfa-f038-e9b294b0320e,product_c99953ea-4692-4cfa-f038-e9b294b0320e,true,B2B|Mnozil Brass|Brass_5stimmig,4f718e_c484166671a64cbb9dde71fcb1f57e70~mv2.jpg|4f718e_546efa4c479946d0b552c3b45e09d087~mv2.jpg|4f718e_e2533be2ecc943a6bd08f1d5153ca8af~mv2.jpg|4f718e_f09a25fba29d4673a21c9e14adce3373,<p>Komp./Arr.: Leonhard Paul</p><p>5-stimmig</p>,true,Mnozil,false,Hupfidbupf,Hupfdibupf,Hupfidbupf,XLSX_SOT_NORMALIZED,Produktpalette(2).xlsx:XeisWorks,71,EXACT,,false,,,
XW-4565,XW-4565,,,4707b839-7a31-5b28-8405-ccc915c1cc82,NOTEN|komm in die krone,HIGH,true,CANONICAL,live,ACTIVE,true,false,Mnozil Brass,Mnozil Brass,Noten,,,,Komm in die Krone,SCORE,physical,,,,,,,,,,PHYSICAL,Komm in die Krone,Komm in die Krone,Komm_in_die_Krone,"Komp./Arr.: Leonhard Paul
5-stimmig",SOURCE,WIX,5-stimmig,,,,,B2B,17.18,10.00,18.90,EUR,XLSX_SOT_NET,0.00,true,175.0,,,,,,,,,,,,,,,,,,,true,true,product_d9a80cf4-cfba-b4fb-8b63-30c319a9bcd7,product_d9a80cf4-cfba-b4fb-8b63-30c319a9bcd7,true,B2B|Mnozil Brass|Brass_5stimmig,4f718e_d3387cb9f44b4759aa9540ecc7e606bf~mv2.jpg|4f718e_b82ba57a2e5b4102be9d22ebfde88e0d~mv2.jpg|4f718e_1b7ea82d7fa6422ea486484c1f2c7e03~mv2.jpg,<p>Komp./Arr.: Leonhard Paul</p><p>5-stimmig</p>,true,Mnozil,false,Komm in die Krone,Komm in die Krone,Komm in die Krone,XLSX_SOT_NORMALIZED,Produktpalette(2).xlsx:XeisWorks,72,EXACT,,false,,,
XW-4566,XW-4566,,,232cc4af-6b25-5d39-933a-e319c21a6f1c,NOTEN|maiglöckerlmazur,HIGH,true,CANONICAL,live,ACTIVE,true,false,Mnozil Brass,Mnozil Brass,Noten,,,,Maiglöckerlmazur,SCORE,physical,,,,,,,,,,PHYSICAL,Maiglöckerlmazur,Maiglöckerlmazur,Maiglöckerlmazur,"Traditional
Arr.: Mnozil Brass
6-stimmig",SOURCE,WIX,Arr.: Mnozil Brass,6-stimmig,,,,B2B,19.91,10.00,21.90,EUR,XLSX_SOT_NET,0.00,true,175.0,,,,,,,,,,,,,,,,,,,true,true,product_3afb57a4-78f8-32f0-b901-c27f808c215e,product_3afb57a4-78f8-32f0-b901-c27f808c215e,true,B2B|Mnozil Brass|Brass_7stimmig|Brass_6stimmig,4f718e_58679b4babb0461c803761eed821fef1~mv2.jpg|4f718e_05edeb0cee0b44e5a99f0264ba54dff4~mv2.jpg|4f718e_f98dab822d094d7e902579af0ccc7168~mv2.jpg|4f718e_7c1131347d8e47a896a91176a209d50c,<p>Traditional</p><p>Arr.: Mnozil Brass</p><p>6-stimmig</p>,true,Mnozil,false,Maiglöckerlmazur,Maiglöckerlmazur,Maiglöckerlmazur,XLSX_SOT_NORMALIZED,Produktpalette(2).xlsx:XeisWorks,73,EXACT,,false,,,
XW-4567,XW-4567,,,4691aad1-06fe-514c-bd76-efd6ae8f2bcd,NOTEN|maria durch ein dornwald ging,HIGH,true,CANONICAL,live,ACTIVE,true,false,Mnozil Brass,Mnozil Brass,Noten,,,,Maria durch ein Dornwald ging,SCORE,physical,,,,,,,,,,PHYSICAL,Maria durch ein Dornwald ging,Maria durch ein Dornwald ging,Maria_durch_ein_Dornwald_ging,"Traditional
Arr.: Leonhard Paul
5-stimmig",SOURCE,WIX,Arr.: Leonhard Paul,5-stimmig,,,,B2B,17.18,10.00,18.90,EUR,XLSX_SOT_NET,1.00,true,175.0,,,,,,,,,,,,,,,,,,,true,true,product_df049407-e9d9-fbe0-65d0-62f79fe66706,product_df049407-e9d9-fbe0-65d0-62f79fe66706,true,B2B|Mnozil Brass|Brass_5stimmig,4f718e_fa9387e2254341d891dccd7f448be40d~mv2.jpg|4f718e_edf1f360a511465ab0a9b1f1f360a1e6~mv2.jpg|4f718e_277f8cc2beef4e47a755ebbf1fb2da29~mv2.jpg|4f718e_1a4cb6a91c08493ebed338d021d159da,<p>Traditional</p><p>Arr.: Leonhard Paul</p><p>5-stimmig</p>,true,Mnozil,false,Maria durch ein Dornwald ging,Maria durch ein Dornwald ging,Maria durch ein Dornwald ging,XLSX_SOT_NORMALIZED,Produktpalette(2).xlsx:XeisWorks,74,EXACT,,false,,,
XW-4568,XW-4568,,,54acbf8f-d035-5ee4-a1be-5de318e8d6f5,NOTEN|moonriver,HIGH,true,CANONICAL,live,ACTIVE,true,false,Mnozil Brass,Mnozil Brass,Noten,,,,Moonriver,SCORE,physical,,,,,,,,,,PHYSICAL,Moonriver,Moonriver,Moonriver,"Komp.: Henry Mancini
Arr.: Leonhard Paul
7-stimmig",SOURCE,WIX,Arr.: Leonhard Paul,7-stimmig,,,,B2B,22.64,10.00,24.90,EUR,XLSX_SOT_NET,0.00,true,175.0,,,,,,,,,,,,,,,,,,,true,true,product_5fa858c0-5161-5e04-32e3-c31a74c77237,product_5fa858c0-5161-5e04-32e3-c31a74c77237,true,B2B|Mnozil Brass|Brass_7stimmig,4f718e_258b4803edc74804aa091f6063d73c04~mv2.jpg|4f718e_2fe98558f372419c919dcf2952288d78~mv2.jpg|4f718e_4156b3324ae44229a7063a17b9766be8~mv2.jpg|4f718e_43a72ced6a564b91949679c3c2945be1,<p>Komp.: Henry Mancini</p><p>Arr.: Leonhard Paul</p><p>7-stimmig</p>,true,Mnozil,false,Moonriver,Moonriver,Moonriver,XLSX_SOT_NORMALIZED,Produktpalette(2).xlsx:XeisWorks,75,EXACT,,false,,,
XW-4569,XW-4569,,,5090adf5-85d3-5384-a63b-991c9379eadf,NOTEN|mürztalermarsch,HIGH,true,CANONICAL,live,ACTIVE,true,false,Mnozil Brass,Mnozil Brass,Noten,,,,Mürztalermarsch,SCORE,physical,,,,,,,,,,PHYSICAL,Mürztalermarsch,Mürztalermarsch,Mürztalermarsch,"Traditional
Arr.: Mnozil Brass
5-stimmig",SOURCE,WIX,Arr.: Mnozil Brass,5-stimmig,,,,B2B,17.18,10.00,18.90,EUR,XLSX_SOT_NET,4.00,true,175.0,,,,,,,,,,,,,,,,,,,true,true,product_6ac4b111-ae52-785b-a20d-32214a867f13,product_6ac4b111-ae52-785b-a20d-32214a867f13,true,B2B|Mnozil Brass|Brass_5stimmig,4f718e_fc08966f9f5b40efbf27f6c4d97a2b6a~mv2.jpg|4f718e_9515e7775f9940c3a896f99a499aa4a4~mv2.jpg|4f718e_52728ca2bc5a4674b44776e04851c528~mv2.jpg|4f718e_3b41f67b7d36495b90aa999cdd69e883,<p>Traditional</p><p>Arr.: Mnozil Brass</p><p>5-stimmig</p>,true,Mnozil,false,Mürztalermarsch,Mürztalermarsch,Mürztalermarsch,XLSX_SOT_NORMALIZED,Produktpalette(2).xlsx:XeisWorks,76,EXACT,,false,,,
XW-4570,XW-4570,,,7074108f-db16-5ebe-a519-f7df48f6bf16,NOTEN|nagelschmiedpolka,HIGH,true,CANONICAL,live,ACTIVE,true,false,Mnozil Brass,Mnozil Brass,Noten,,,,Nagelschmiedpolka,SCORE,physical,,,,,,,,,,PHYSICAL,Nagelschmiedpolka,Nagelschmiedpolka,Nagelschmiedpolka,"Traditional
Arr.: Leonhard Paul
6-stimmig",SOURCE,WIX,Arr.: Leonhard Paul,6-stimmig,,,,B2B,19.91,10.00,21.90,EUR,XLSX_SOT_NET,0.00,true,175.0,,,,,,,,,,,,,,,,,,,true,true,product_d49a3f0d-e5c4-9ada-b66c-0aea861dce83,product_d49a3f0d-e5c4-9ada-b66c-0aea861dce83,true,B2B|Mnozil Brass|Brass_7stimmig|Brass_6stimmig,4f718e_df4c7b7efb7a4f95b77e54e436be07bd~mv2.jpg|4f718e_9e107b513c97423693943e6856fa44f4~mv2.jpg|4f718e_2ce75167646d48d2be8ec098ef8e4349~mv2.jpg|4f718e_8d1132734bfa4e9d9fa40bf4cfe6304a,<p>Traditional</p><p>Arr.: Leonhard Paul</p><p>6-stimmig</p>,true,Mnozil,false,Nagelschmiedpolka,Nagelschmiedpolka,Nagelschmiedpolka,XLSX_SOT_NORMALIZED,Produktpalette(2).xlsx:XeisWorks,77,EXACT,,false,,,
XW-4571,XW-4571,,,38f57af1-04e9-5a41-83a2-f707b3c2e62c,NOTEN|pippi langstrumpf,HIGH,true,CANONICAL,live,ACTIVE,true,false,Mnozil Brass,Mnozil Brass,Noten,,,,Pippi Langstrumpf,SCORE,physical,,,,,,,,,,PHYSICAL,Pippi Langstrumpf,Pippi Langstrumpf,Pippi_Langstrumpf,"Komp.: Konrad Elfers
Arr.: Mnozil Brass
6-stimmig",SOURCE,WIX,Arr.: Mnozil Brass,6-stimmig,,,,B2B,22.64,10.00,24.90,EUR,XLSX_SOT_NET,0.00,true,175.0,,,,,,,,,,,,,,,,,,,true,true,product_0097e0f5-176f-e41c-db1e-27e58b0b5bcc,product_0097e0f5-176f-e41c-db1e-27e58b0b5bcc,true,B2B|Mnozil Brass|Brass_7stimmig,4f718e_c61dca2632c145c5a1afce3b1550691f~mv2.jpg|4f718e_6e5e2ce1150d4166a34c37264887819b~mv2.jpg|4f718e_e6a4a79b22974d4baeb461012d009a55~mv2.jpg|4f718e_a6dde3ae498048f182cdc974a5dfa55f,<p>Komp.: Konrad Elfers</p><p>Arr.: Mnozil Brass</p><p>6-stimmig</p>,true,Mnozil,false,Pippi Langstrumpf,Pippi Langstrumpf,Pippi Langstrumpf,XLSX_SOT_NORMALIZED,Produktpalette(2).xlsx:XeisWorks,78,EXACT,,false,,,
XW-4572,XW-4572,,,c23a5b5b-bd40-5687-ae02-697199718a8d,NOTEN|praeludium nr. 22,HIGH,true,CANONICAL,live,ACTIVE,true,false,Mnozil Brass,Mnozil Brass,Noten,,,,Praeludium Nr. 22,SCORE,physical,,,,,,,,,,PHYSICAL,Praeludium Nr. 22,Praeludium Nr. 22,Praeludium_Nr._22,"Komp.: Johann Sebastian Bach
Arr.: Leonhard Paul
5-stimmig",SOURCE,WIX,Arr.: Leonhard Paul,5-stimmig,,,,B2B,17.18,10.00,18.90,EUR,XLSX_SOT_NET,0.00,true,175.0,,,,,,,,,,,,,,,,,,,true,true,product_84439088-d496-6a72-26fc-8a0174eeef37,product_84439088-d496-6a72-26fc-8a0174eeef37,true,B2B|Mnozil Brass|Brass_5stimmig,4f718e_6c35cd28a71644d1aa8d341e45d65ddd~mv2.jpg|4f718e_47c46c8130b1461cb8c93fedca5544f5~mv2.jpg|4f718e_cb892115e05c4d2da8d96ed7b2ccd639~mv2.jpg|4f718e_802418ba282b434880dba593087e4b52,<p>Komp.: Johann Sebastian Bach</p><p>Arr.: Leonhard Paul</p><p>5-stimmig</p>,true,Mnozil,false,Praeludium Nr. 22,Praeludium Nr. 22 (BWV 867),Praeludium Nr. 22,XLSX_SOT_NORMALIZED,Produktpalette(2).xlsx:XeisWorks,79,EXACT,,false,,,
XW-4573,XW-4573,,,f136480a-b78b-5351-98fb-bac10fa8fa75,NOTEN|riserva,HIGH,true,CANONICAL,live,ACTIVE,true,false,Mnozil Brass,Mnozil Brass,Noten,,,,Riserva,SCORE,physical,,,,,,,,,,PHYSICAL,Riserva,Riserva,Riserva,"Komp./Arr.: Leonhard Paul
7-stimmig",SOURCE,WIX,7-stimmig,,,,,B2B,22.64,10.00,24.90,EUR,XLSX_SOT_NET,0.00,true,175.0,,,,,,,,,,,,,,,,,,,true,true,product_a8221a99-68b6-1d3c-34e4-aed104e53717,product_a8221a99-68b6-1d3c-34e4-aed104e53717,true,B2B|Mnozil Brass|Brass_7stimmig,4f718e_b7416af7384b4aa0b7267bf259a1a297~mv2.jpg|4f718e_3323f56ddca441f8a7c6268b8a246d4c~mv2.jpg|4f718e_97c9e995ec7f4c68a4fccabb02355085~mv2.jpg|4f718e_f93f01c6813a43978d7d4569526fba91,<p>Komp./Arr.: Leonhard Paul</p><p>7-stimmig</p>,true,Mnozil,false,Riserva,Riserva,Riserva,XLSX_SOT_NORMALIZED,Produktpalette(2).xlsx:XeisWorks,80,EXACT,,false,,,
XW-4574,XW-4574,,,f9ebb33f-20c7-53f4-99d8-f437d1134674,NOTEN|schostipolka,HIGH,true,CANONICAL,live,ACTIVE,true,false,Mnozil Brass,Mnozil Brass,Noten,,,,Schostipolka,SCORE,physical,,,,,,,,,,PHYSICAL,Schostipolka,Schostipolka,Schostipolka,"Komp.: Dmitri Shostakovich
Arr.: Gerhard Füßl
7-stimmig",SOURCE,WIX,Arr.: Gerhard Füßl,7-stimmig,,,,B2B,22.64,10.00,24.90,EUR,XLSX_SOT_NET,0.00,true,175.0,,,,,,,,,,,,,,,,,,,true,true,product_729f0754-7765-6ac2-b16e-4251fc94c298,product_729f0754-7765-6ac2-b16e-4251fc94c298,true,B2B|Mnozil Brass|Brass_7stimmig,4f718e_37b523d892674fc790cd2c77c62b9ccb~mv2.jpg|4f718e_8bcf0523b0384dc193b2118eef4cee08~mv2.jpg|4f718e_de99d2e7c3da439d9eb86b09d12886d6~mv2.jpg|4f718e_6e8334e38f1744d5badfe5df0c9762c3,<p>Komp.: Dmitri Shostakovich</p><p>Arr.: Gerhard Füßl</p><p>7-stimmig</p>,true,Mnozil,false,Schostipolka,Schostipolka,Schostipolka,XLSX_SOT_NORMALIZED,Produktpalette(2).xlsx:XeisWorks,81,EXACT,,false,,,
XW-4575,XW-4575,,,08e80333-03b8-5235-a8c9-53c9a4e7144f,NOTEN|tico-tico,HIGH,true,CANONICAL,live,ACTIVE,true,false,Mnozil Brass,Mnozil Brass,Noten,,,,Tico-Tico,SCORE,physical,,,,,,,,,,PHYSICAL,Tico-Tico,Tico-Tico,Tico-Tico,"Komp.: Zequinha de Abreu
Arr.: Leonhard Paul
6-stimmig",SOURCE,WIX,Arr.: Leonhard Paul,6-stimmig,,,,B2B,19.91,10.00,21.90,EUR,XLSX_SOT_NET,0.00,true,175.0,,,,,,,,,,,,,,,,,,,true,true,product_83b94a60-1364-363c-8494-ce737c4cd014,product_83b94a60-1364-363c-8494-ce737c4cd014,true,B2B|Mnozil Brass|Brass_7stimmig|Brass_6stimmig,4f718e_924800a5e21b48bbb70c396bdebea0eb~mv2.jpg|4f718e_7992b5c336cc436fb3f9e50fc61a6b00~mv2.jpg|4f718e_159774f0a060482cb9593e8e61f488ab~mv2.jpg,<p>Komp.: Zequinha de Abreu</p><p>Arr.: Leonhard Paul</p><p>6-stimmig</p>,true,Mnozil,false,Tico-Tico,Tico-Tico,Tico-Tico,XLSX_SOT_NORMALIZED,Produktpalette(2).xlsx:XeisWorks,82,EXACT,,false,,,
XW-4576,XW-4576,,,907f113e-fdca-5548-a577-16dc5de2ad54,NOTEN|tired bones,HIGH,true,CANONICAL,live,ACTIVE,true,false,Mnozil Brass,Mnozil Brass,Noten,,,,Tired Bones,SCORE,physical,,,,,,,Register-4er,4,,PHYSICAL,Tired Bones,Tired Bones,Tired_Bones,"Komp./Arr.: Leonhard Paul
4-stimmig (Posaunenquartett)",SOURCE,WIX,4-stimmig (Posaunenquartett),,,,,B2B,17.18,10.00,18.90,EUR,XLSX_SOT_NET,0.00,true,175.0,,,,,,,,,,,,,,,,,,,true,true,product_1d9026bd-27e3-4d8c-0937-7d1dcf939db0,product_1d9026bd-27e3-4d8c-0937-7d1dcf939db0,true,B2B|Mnozil Brass|Register-4er,4f718e_f0d7ea745a57484f9fc4765d6210a30b~mv2.jpg|4f718e_67f3f419d22c4043bd15fd129fe0a191~mv2.jpg|4f718e_ba4d489298e14287a58245d8c0857b03~mv2.jpg,<p>Komp./Arr.: Leonhard Paul</p><p>4-stimmig (Posaunenquartett)</p>,true,Mnozil,false,Tired Bones,Tired Bones,Tired Bones,XLSX_SOT_NORMALIZED,Produktpalette(2).xlsx:XeisWorks,83,EXACT,,false,,,
XW-4577,XW-4577,,,4612d850-c191-5ebb-a0bb-88bd5b36c76f,NOTEN|das traummännlein kommt,HIGH,true,CANONICAL,live,ACTIVE,true,false,Mnozil Brass,Mnozil Brass,Noten,,,,Das Traummännlein kommt,SCORE,physical,,,,,,,,,,PHYSICAL,Das Traummännlein kommt,Das Traummännlein kommt,Das_Traummännlein_kommt,"Komp.: Franz Schubert
Arr.: Leonhard Paul
5-stimmig",SOURCE,WIX,Arr.: Leonhard Paul,5-stimmig,,,,B2B,17.18,10.00,18.90,EUR,XLSX_SOT_NET,0.00,true,175.0,,,,,,,,,,,,,,,,,,,true,true,product_b4d34322-2781-c161-06fb-47d943cae133,product_b4d34322-2781-c161-06fb-47d943cae133,true,B2B|Mnozil Brass|Brass_5stimmig,4f718e_45acd15011c34a8b95a74677fd5cffe9~mv2.jpg|4f718e_63520d7442f34ef4ac872e466c80fe79~mv2.jpg|4f718e_375ed536341c461d93241504277473b1~mv2.jpg|4f718e_20ca9ca2042e4a73b0928edc7f924d3b,<p>Komp.: Franz Schubert</p><p>Arr.: Leonhard Paul</p><p>5-stimmig</p>,true,Mnozil,false,Das Traummännlein kommt,Das Traummännlein kommt,Das Traummännlein kommt,XLSX_SOT_NORMALIZED,Produktpalette(2).xlsx:XeisWorks,84,EXACT,,false,,,
XW-4578,XW-4578,,,be3f52f9-01ba-5894-801d-caada4be5559,NOTEN|trompetenpolka,HIGH,true,CANONICAL,live,ACTIVE,true,false,Mnozil Brass,Mnozil Brass,Noten,,,,Trompetenpolka,SCORE,physical,,,,,,,,,,PHYSICAL,Trompetenpolka,Trompetenpolka,Trompetenpolka,"Komp.: Gottlieb Weißbacher
Arr.: Mnozil Brass
7-stimmig",SOURCE,WIX,Arr.: Mnozil Brass,7-stimmig,,,,B2B,22.64,10.00,24.90,EUR,XLSX_SOT_NET,0.00,true,175.0,,,,,,,,,,,,,,,,,,,true,true,product_b87dd90d-e0f3-9944-1ee6-f568ac9ec112,product_b87dd90d-e0f3-9944-1ee6-f568ac9ec112,true,B2B|Mnozil Brass|Brass_7stimmig,4f718e_2f5fce2654ec4a86b4b80388b01de71a~mv2.jpg|4f718e_8e8f66483986419f99ba2a6ff39f4540~mv2.jpg|4f718e_75f2ae08113c400596de0be13a464112~mv2.jpg|4f718e_cec2723470ab47aea97a744ef5fef3ac,<p>Komp.: Gottlieb Weißbacher</p><p>Arr.: Mnozil Brass</p><p>7-stimmig</p>,true,Mnozil,false,Trompetenpolka,Trompetenpolka,Trompetenpolka,XLSX_SOT_NORMALIZED,Produktpalette(2).xlsx:XeisWorks,85,EXACT,,false,,,
XW-4579,XW-4579,,,8b28fffb-cf03-5c92-958f-17d4c045f53a,NOTEN|unterwegs,HIGH,true,CANONICAL,live,ACTIVE,true,false,Mnozil Brass,Mnozil Brass,Noten,,,,Unterwegs,SCORE,physical,,,,,,,,,,PHYSICAL,Unterwegs,Unterwegs,Unterwegs,"Komp.: Krzysztof Dobrek
Arr.: Mnozil Brass
7-stimmig",SOURCE,WIX,Arr.: Mnozil Brass,7-stimmig,,,,B2B,22.64,10.00,24.90,EUR,XLSX_SOT_NET,0.00,true,175.0,,,,,,,,,,,,,,,,,,,true,true,product_0f540f25-bbde-e920-bc48-ec142301edc3,product_0f540f25-bbde-e920-bc48-ec142301edc3,true,B2B|Mnozil Brass|Brass_7stimmig,4f718e_d0f65d61cdb7414f9a053a9bad1076a8~mv2.jpg|4f718e_f14cd0ddc91c4262af3f473befd12b7c~mv2.jpg|4f718e_2b1033fe0256480b89a2513083dd1eea~mv2.jpg|4f718e_d100ecdb4aed4a569d1c18d4e7456894,<p>Komp.: Krzysztof Dobrek</p><p>Arr.: Mnozil Brass</p><p>7-stimmig</p>,true,Mnozil,false,Unterwegs,Unterwegs,Unterwegs,XLSX_SOT_NORMALIZED,Produktpalette(2).xlsx:XeisWorks,86,EXACT,,false,,,
XW-4580,XW-4580,,,eee98ed5-2978-5e56-85d5-deaaaa2f6831,NOTEN|vielen dank für die blumen,HIGH,true,CANONICAL,live,ACTIVE,true,false,Mnozil Brass,Mnozil Brass,Noten,,,,Vielen Dank für die Blumen,SCORE,physical,,,,,,,,,,PHYSICAL,Vielen Dank für die Blumen,Vielen Dank für die Blumen,Vielen_Dank_für_die_Blumen,"Tom & Jerry-Theme
Komp.: Udo Jürgens
Arr.: Mnozil Brass
7-stimmig",SOURCE,WIX,Komp.: Udo Jürgens,Arr.: Mnozil Brass,7-stimmig,,,B2B,22.64,10.00,24.90,EUR,XLSX_SOT_NET,1.00,true,175.0,,,,,,,,,,,,,,,,,,,true,true,product_19127465-06d8-4c85-e18a-55e4376e5cd8,product_19127465-06d8-4c85-e18a-55e4376e5cd8,true,B2B|Mnozil Brass|Brass_7stimmig,4f718e_9786be2f96db4d56b24f7203600894ed~mv2.jpg|4f718e_63ec26d51c1e4c4f9405ce975d5debfc~mv2.jpg|4f718e_44bf4e52081d42998764c15dc1691d98~mv2.jpg|4f718e_903871c545d9417b96849af244b8c02d,<p>Tom&nbsp;&amp; Jerry-Theme</p><p>Komp.: Udo Jürgens</p><p>Arr.: Mnozil Brass</p><p>7-stimmig</p>,true,Mnozil,false,Vielen Dank für die Blumen,Vielen Dank für die Blumen,Vielen Dank für die Blumen,XLSX_SOT_NORMALIZED,Produktpalette(2).xlsx:XeisWorks,87,EXACT,,false,,,
XW-4581,XW-4581,,,7f6d8adf-b562-552a-ba8e-7e487f81d8f2,NOTEN|neualtlerchenfelder,HIGH,true,CANONICAL,live,ACTIVE,true,false,Mnozil Brass,Mnozil Brass,Noten,,,,Neualtlerchenfelder,SCORE,physical,,,,,,,,,,PHYSICAL,Neualtlerchenfelder,Neualtlerchenfelder,Neualtlerchenfelder,Komp./Arr.: Sebastian Fuchsberger,SOURCE,WIX,Komp./Arr.: Sebastian Fuchsberger,,,,,B2B,22.64,10.00,24.90,EUR,XLSX_SOT_NET,,,175.0,,,,,,,,,,,,,,,,,,,true,true,product_2efffbf5-7e30-fcbd-5749-f6ffa5be2699,product_2efffbf5-7e30-fcbd-5749-f6ffa5be2699,true,B2B|Mnozil Brass|Brass_7stimmig,4f718e_b88ef2a07b7e4000a8bffa0fbe59c313~mv2.jpg|4f718e_9a7a5b7b7cc74870ba52ff1544e9f157,<p>Komp./Arr.: Sebastian Fuchsberger</p>,false,,false,Neualtlerchenfelder,Neualtlerchenfelder,,XLSX_SOT_NORMALIZED,Produktpalette(2).xlsx:XeisWorks,88,EXACT,,false,,,
XW-4582,XW-4582,,,4949b187-78ee-5c37-8ddb-73b5ba8f09d5,NOTEN|amor's tanz,HIGH,true,CANONICAL,live,ACTIVE,true,false,Mnozil Brass,Mnozil Brass,Noten,,,,Amor's Tanz,SCORE,physical,,,,,,,,,,PHYSICAL,Amor's Tanz,Amor's Tanz,Amor's_Tanz,"Komp./Arr.: Leonhard Paul
7-stimmig",SOURCE,WIX,7-stimmig,,,,,B2B,25.36,10.00,27.90,EUR,XLSX_SOT_NET,0.00,true,175.0,,,,,,,,,,,,,,,,,,,true,true,product_6480676f-4435-bfd3-0354-44098a899941,product_6480676f-4435-bfd3-0354-44098a899941,true,B2B|Mnozil Brass|Brass_7stimmig,4f718e_9e4d6ebf39d74268a12755c24643c516~mv2.jpg|4f718e_4807808f2bb84943b7d08643422fd102~mv2.jpg|4f718e_1fa1a725fece48aabb60815754f00b8a~mv2.jpg|4f718e_6a5e09f8b73143fba67ab1cf6b8a0e8f,<p>Komp./Arr.: Leonhard Paul</p><p>7-stimmig</p>,true,Mnozil,false,Amor's Tanz,Amor's Tanz,Amor's Tanz,XLSX_SOT_NORMALIZED,Produktpalette(2).xlsx:XeisWorks,89,EXACT,,false,,,
XW-4583,XW-4583,,,685676f9-940b-58f5-862b-af2c1fe6c41c,"NOTEN|petit mari, petite femme",HIGH,true,CANONICAL,live,ACTIVE,true,false,Mnozil Brass,Mnozil Brass,Noten,,,,"Petit mari, petite femme",SCORE,physical,,,,,,,,,,PHYSICAL,"Petit mari, petite femme","Petit mari, petite femme",Petit_mari_petite_femme,"Komp.: Georges Bizet
Arr.: Leonhard Paul
7-stimmig",SOURCE,WIX,Arr.: Leonhard Paul,7-stimmig,,,,B2B,25.36,10.00,27.90,EUR,XLSX_SOT_NET,0.00,false,175.0,,,,,,,,,,,,,,,,,,,true,true,product_933ca53d-39d4-b8da-9764-e627441e5dfd,product_933ca53d-39d4-b8da-9764-e627441e5dfd,true,B2B|Mnozil Brass|Brass_7stimmig,4f718e_da8ac4cf178d4b919a8b830911b821fd~mv2.jpg|4f718e_d1ac6f5e055c4eccbea5e4f6138ea66c~mv2.jpg|4f718e_289044e199d04022a88787d7822f7c1c~mv2.jpg,<p>Komp.: Georges Bizet</p><p>Arr.: Leonhard Paul</p><p>7-stimmig</p>,true,Mnozil,false,"Petit mari, petite femme","Petit mari, petite femme","Petit mari, petite femme",XLSX_SOT_NORMALIZED,Produktpalette(2).xlsx:XeisWorks,90,EXACT,,false,,,
XW-4584,XW-4584,,,d80874f1-5158-51c6-898e-76204fb4da73,NOTEN|country madness,HIGH,true,CANONICAL,live,ACTIVE,true,false,Mnozil Brass,Mnozil Brass,Noten,,,,Country Madness,SCORE,physical,,,,,,,,,,PHYSICAL,Country Madness,Country Madness,Country_Madness,"Komp./Arr.: Leonhard Paul
7-stimmig",SOURCE,WIX,7-stimmig,,,,,B2B,25.36,10.00,27.90,EUR,XLSX_SOT_NET,0.00,false,175.0,,,,,,,,,,,,,,,,,,,true,true,product_7b95efb8-b7fe-339e-2dd6-f1cc15c84887,product_7b95efb8-b7fe-339e-2dd6-f1cc15c84887,true,B2B|Mnozil Brass|Brass_7stimmig,4f718e_840b52aa3cce4812a5f980a5c9f0dd33~mv2.jpg|4f718e_4c7198e3a22440b8aea86acca2705330~mv2.jpg|4f718e_61e0f8de8b51453ba457d3008911c3a3~mv2.jpg,<p>Komp./Arr.: Leonhard Paul</p><p>7-stimmig</p>,true,Mnozil,false,Country Madness,Country Madness,Country Madness,XLSX_SOT_NORMALIZED,Produktpalette(2).xlsx:XeisWorks,91,EXACT,,false,,,
XW-4585,XW-4585,,,ef8abcd2-6f00-524b-9e2b-b1cf4853a353,NOTEN|tinny kisses,HIGH,true,CANONICAL,live,ACTIVE,true,false,Mnozil Brass,Mnozil Brass,Noten,,,,Tinny Kisses,SCORE,physical,,,,,,,,,,PHYSICAL,Tinny Kisses,Tinny Kisses,Tinny_Kisses,"Komp/Arr.: Leonhard Paul
7-stimmig",SOURCE,WIX,7-stimmig,,,,,B2B,25.36,10.00,27.90,EUR,XLSX_SOT_NET,,,175.0,,,,,,,,,,,,,,,,,,,true,true,product_6558de3a-2bf9-6870-d1b4-bb22552add64,product_6558de3a-2bf9-6870-d1b4-bb22552add64,true,B2B|Mnozil Brass|Brass_7stimmig,4f718e_5a1d15cc3e8d41c7a5c0793f8b96c6bb~mv2.jpg|4f718e_4f662e26c8254281b0d89267ed7a5a5e~mv2.jpg|4f718e_ef94c28d2c9b40cf9389f91b4ec8b98c~mv2.jpg,<p>Komp/Arr.: Leonhard Paul</p><p>7-stimmig</p>,false,,false,Tinny Kisses,Tinny Kisses,,XLSX_SOT_NORMALIZED,Produktpalette(2).xlsx:XeisWorks,92,EXACT,,false,,,
XW-4586,XW-4586,,,b587d3d5-2319-5ce0-bc31-c804d3ef24f3,NOTEN|valse triste,HIGH,true,CANONICAL,live,ACTIVE,true,false,Mnozil Brass,Mnozil Brass,Noten,,,,Valse triste,SCORE,physical,,,,,,,,,,PHYSICAL,Valse triste,Valse triste,Valse_triste,"Komp.: Oskar Nedbal
Arr.: Leonhard Paul
7-stimmig",SOURCE,WIX,Arr.: Leonhard Paul,7-stimmig,,,,B2B,25.36,10.00,27.90,EUR,XLSX_SOT_NET,,,175.0,,,,,,,,,,,,,,,,,,,true,true,product_dabdbfee-637f-038f-ceac-d5e8d77892ee,product_dabdbfee-637f-038f-ceac-d5e8d77892ee,true,B2B|Mnozil Brass|Brass_7stimmig,4f718e_197085c2a00343b8a0f171cb325a25c1~mv2.jpg|4f718e_cfa8ef24a14a41caa31cca85761def68~mv2.jpg|4f718e_9109465fbb2240a79b31f9703b726591~mv2.jpg,<p>Komp.: Oskar Nedbal<br>Arr.: Leonhard Paul</p><p>7-stimmig</p>,false,,false,Valse triste,Valse triste,,XLSX_SOT_NORMALIZED,Produktpalette(2).xlsx:XeisWorks,93,EXACT,,false,,,
XW-4587,XW-4587,,,37e11cba-60d2-56d9-9149-086ad7551b54,RESERVED|XW-4587,LOW,true,CANONICAL,draft,RESERVED,false,false,Mnozil Brass,Mnozil Brass,Reserviert,,,,,RESERVED,physical,,,,,,,,,,PHYSICAL,Reserviert - XW-4587,Reserviert - XW-4587,Reserviert_XW-4587,Reserviert - XW-4587 ist eine reservierte Artikelnummer im XW Product Hub.,AUTO_DRAFT,GENERATED,Format: PHYSICAL,,,,,,25.36,10.00,27.90,EUR,XLSX_SOT_NET,,,,,,,,,,,,,,,,,,,,,,false,false,,,,,,,false,,false,,,,XLSX_SOT_RESERVED,Produktpalette(2).xlsx:XeisWorks,94,RESERVED,,false,,,
XW-4588,XW-4588,,,7d0d2447-4428-5b12-9976-dca58e03876d,RESERVED|XW-4588,LOW,true,CANONICAL,draft,RESERVED,false,false,Mnozil Brass,Mnozil Brass,Reserviert,,,,,RESERVED,physical,,,,,,,,,,PHYSICAL,Reserviert - XW-4588,Reserviert - XW-4588,Reserviert_XW-4588,Reserviert - XW-4588 ist eine reservierte Artikelnummer im XW Product Hub.,AUTO_DRAFT,GENERATED,Format: PHYSICAL,,,,,,25.36,10.00,27.90,EUR,XLSX_SOT_NET,,,,,,,,,,,,,,,,,,,,,,false,false,,,,,,,false,,false,,,,XLSX_SOT_RESERVED,Produktpalette(2).xlsx:XeisWorks,95,RESERVED,,false,,,
XW-4589,XW-4589,,,e74b639d-577d-5993-8cc9-1952e79458e7,RESERVED|XW-4589,LOW,true,CANONICAL,draft,RESERVED,false,false,Mnozil Brass,Mnozil Brass,Reserviert,,,,,RESERVED,physical,,,,,,,,,,PHYSICAL,Reserviert - XW-4589,Reserviert - XW-4589,Reserviert_XW-4589,Reserviert - XW-4589 ist eine reservierte Artikelnummer im XW Product Hub.,AUTO_DRAFT,GENERATED,Format: PHYSICAL,,,,,,25.36,10.00,27.90,EUR,XLSX_SOT_NET,,,,,,,,,,,,,,,,,,,,,,false,false,,,,,,,false,,false,,,,XLSX_SOT_RESERVED,Produktpalette(2).xlsx:XeisWorks,96,RESERVED,,false,,,
XW-4590,XW-4590,,,eab28f30-dc92-5464-a6f4-889a42e6967c,RESERVED|XW-4590,LOW,true,CANONICAL,draft,RESERVED,false,false,Mnozil Brass,Mnozil Brass,Reserviert,,,,,RESERVED,physical,,,,,,,,,,PHYSICAL,Reserviert - XW-4590,Reserviert - XW-4590,Reserviert_XW-4590,Reserviert - XW-4590 ist eine reservierte Artikelnummer im XW Product Hub.,AUTO_DRAFT,GENERATED,Format: PHYSICAL,,,,,,25.36,10.00,27.90,EUR,XLSX_SOT_NET,,,,,,,,,,,,,,,,,,,,,,false,false,,,,,,,false,,false,,,,XLSX_SOT_RESERVED,Produktpalette(2).xlsx:XeisWorks,97,RESERVED,,false,,,
XW-4591,XW-4591,,,e4353269-0d2b-5884-bf5d-c1a6d951e636,RESERVED|XW-4591,LOW,true,CANONICAL,draft,RESERVED,false,false,Mnozil Brass,Mnozil Brass,Reserviert,,,,,RESERVED,physical,,,,,,,,,,PHYSICAL,Reserviert - XW-4591,Reserviert - XW-4591,Reserviert_XW-4591,Reserviert - XW-4591 ist eine reservierte Artikelnummer im XW Product Hub.,AUTO_DRAFT,GENERATED,Format: PHYSICAL,,,,,,25.36,10.00,27.90,EUR,XLSX_SOT_NET,,,,,,,,,,,,,,,,,,,,,,false,false,,,,,,,false,,false,,,,XLSX_SOT_RESERVED,Produktpalette(2).xlsx:XeisWorks,98,RESERVED,,false,,,
XW-4592,XW-4592,,,36a0f65f-3a36-55b2-9ac1-47c71d65250a,RESERVED|XW-4592,LOW,true,CANONICAL,draft,RESERVED,false,false,Mnozil Brass,Mnozil Brass,Reserviert,,,,,RESERVED,physical,,,,,,,,,,PHYSICAL,Reserviert - XW-4592,Reserviert - XW-4592,Reserviert_XW-4592,Reserviert - XW-4592 ist eine reservierte Artikelnummer im XW Product Hub.,AUTO_DRAFT,GENERATED,Format: PHYSICAL,,,,,,25.36,10.00,27.90,EUR,XLSX_SOT_NET,,,,,,,,,,,,,,,,,,,,,,false,false,,,,,,,false,,false,,,,XLSX_SOT_RESERVED,Produktpalette(2).xlsx:XeisWorks,99,RESERVED,,false,,,
XW-4593,XW-4593,,,f49a4964-b411-5596-a4e0-6913a5729e18,RESERVED|XW-4593,LOW,true,CANONICAL,draft,RESERVED,false,false,Mnozil Brass,Mnozil Brass,Reserviert,,,,,RESERVED,physical,,,,,,,,,,PHYSICAL,Reserviert - XW-4593,Reserviert - XW-4593,Reserviert_XW-4593,Reserviert - XW-4593 ist eine reservierte Artikelnummer im XW Product Hub.,AUTO_DRAFT,GENERATED,Format: PHYSICAL,,,,,,,10.00,,EUR,,,,,,,,,,,,,,,,,,,,,,,false,false,,,,,,,false,,false,,,,XLSX_SOT_RESERVED,Produktpalette(2).xlsx:XeisWorks,100,RESERVED,,false,,,
XW-4594,XW-4594,,,5571abf1-f643-5f1c-b29c-ad07d3efe394,RESERVED|XW-4594,LOW,true,CANONICAL,draft,RESERVED,false,false,Mnozil Brass,Mnozil Brass,Reserviert,,,,,RESERVED,physical,,,,,,,,,,PHYSICAL,Reserviert - XW-4594,Reserviert - XW-4594,Reserviert_XW-4594,Reserviert - XW-4594 ist eine reservierte Artikelnummer im XW Product Hub.,AUTO_DRAFT,GENERATED,Format: PHYSICAL,,,,,,,10.00,,EUR,,,,,,,,,,,,,,,,,,,,,,,false,false,,,,,,,false,,false,,,,XLSX_SOT_RESERVED,Produktpalette(2).xlsx:XeisWorks,101,RESERVED,,false,,,
XW-4595,XW-4595,,,161895ad-a21b-5a61-beab-084c0d9ac26c,RESERVED|XW-4595,LOW,true,CANONICAL,draft,RESERVED,false,false,Mnozil Brass,Mnozil Brass,Reserviert,,,,,RESERVED,physical,,,,,,,,,,PHYSICAL,Reserviert - XW-4595,Reserviert - XW-4595,Reserviert_XW-4595,Reserviert - XW-4595 ist eine reservierte Artikelnummer im XW Product Hub.,AUTO_DRAFT,GENERATED,Format: PHYSICAL,,,,,,,10.00,,EUR,,,,,,,,,,,,,,,,,,,,,,,false,false,,,,,,,false,,false,,,,XLSX_SOT_RESERVED,Produktpalette(2).xlsx:XeisWorks,102,RESERVED,,false,,,
XW-4596,XW-4596,,,a1f72fe3-6981-5a75-a9c2-2b20c2025494,RESERVED|XW-4596,LOW,true,CANONICAL,draft,RESERVED,false,false,Mnozil Brass,Mnozil Brass,Reserviert,,,,,RESERVED,physical,,,,,,,,,,PHYSICAL,Reserviert - XW-4596,Reserviert - XW-4596,Reserviert_XW-4596,Reserviert - XW-4596 ist eine reservierte Artikelnummer im XW Product Hub.,AUTO_DRAFT,GENERATED,Format: PHYSICAL,,,,,,,10.00,,EUR,,,,,,,,,,,,,,,,,,,,,,,false,false,,,,,,,false,,false,,,,XLSX_SOT_RESERVED,Produktpalette(2).xlsx:XeisWorks,103,RESERVED,,false,,,
XW-4597,XW-4597,,,4cf29de3-75ea-53e5-b689-b4dd66401557,RESERVED|XW-4597,LOW,true,CANONICAL,draft,RESERVED,false,false,Mnozil Brass,Mnozil Brass,Reserviert,,,,,RESERVED,physical,,,,,,,,,,PHYSICAL,Reserviert - XW-4597,Reserviert - XW-4597,Reserviert_XW-4597,Reserviert - XW-4597 ist eine reservierte Artikelnummer im XW Product Hub.,AUTO_DRAFT,GENERATED,Format: PHYSICAL,,,,,,,10.00,,EUR,,,,,,,,,,,,,,,,,,,,,,,false,false,,,,,,,false,,false,,,,XLSX_SOT_RESERVED,Produktpalette(2).xlsx:XeisWorks,104,RESERVED,,false,,,
XW-6000,XW-6000,,,a2548a8f-6e13-5754-91c9-94366cb9ae92,NOTEN|div. noten kleine besetzung,HIGH,true,CANONICAL,live,ACTIVE,true,false,,Blasmusik-Edition,Noten,,,,Div. Noten Kleine Besetzung,SCORE,physical,,,,,,Kleine Besetzung,,,,PHYSICAL,Div. Noten Kleine Besetzung [Kleine Besetzung],Div. Noten Kleine Besetzung [Kl.Bes.],DIV_NOTEN_KLEINE_BESETZUNG_KB,Div. Noten Kleine Besetzung [Kleine Besetzung] ist eine Notenausgabe im XeisWorks-Produktkatalog.,AUTO_DRAFT,GENERATED,Besetzung: Kleine Besetzung,Format: PHYSICAL,Kategorie: Noten,,,,29.00,10.00,31.90,EUR,XLSX_SOT_GROSS,,,,,,,,,,,,,,,,,,,,,,false,true,,,,,,,false,,false,Div. Noten Kleine Besetzung,,,XLSX_SOT_NORMALIZED,Produktpalette(2).xlsx:XeisWorks,7,EXACT,,false,,,
XW-6001,XW-6001,,,d1fa9964-437a-56ce-a355-bfda45a1a3a9,NOTEN|die waldhütte,HIGH,true,CANONICAL,live,ACTIVE,true,false,XeisWorks,Blasmusik-Edition,Noten,,,,Die Waldhütte,SCORE,physical,,,,,,Kleine Besetzung,,,,PHYSICAL,Die Waldhütte [Kleine Besetzung],Die Waldhütte [Kl.Bes.],DIE_WALDHUETTE_KB,Komp./Arr.: Albert Wieder,SOURCE,WIX,Komp./Arr.: Albert Wieder,,,,,B2B,29.00,10.00,31.90,EUR,XLSX_SOT_GROSS,0.00,true,250.0,,,,,,,,,,,,,,,,,,,true,true,product_1e927279-20e4-0561-3f17-183e867a3ad4,product_1e927279-20e4-0561-3f17-183e867a3ad4,true,Blasmusik Gesamt|B2B|Musikkapelle|Böhmisch|Kleine Besetzung,4f718e_88194795e17c464c9a7f8a9963911ca4~mv2.jpg|4f718e_784f2e0d3bb741d79f51eaf8dc070936~mv2.jpg|4f718e_fd1498419053413c85c620deda287f00~mv2.jpg|4f718e_7700d956c1b4482b8290921def905786,<p>Komp./Arr.: Albert Wieder</p>,true,Cumulus_Physisch,false,Die Waldhütte,Die Waldhütte [Kleine Besetzung],Die Waldhütte,XLSX_SOT_NORMALIZED,Produktpalette(2).xlsx:XeisWorks,8,EXACT,,false,,,
XW-6002,XW-6002,,,b0e7a0e6-8a90-53b0-934e-9a8ade540c9e,NOTEN|einen blick schenkst du mir,HIGH,true,CANONICAL,live,ACTIVE,true,false,,Blasmusik-Edition,Noten,,,,Einen Blick schenkst du mir,SCORE,physical,,,,,,Kleine Besetzung,,,,PHYSICAL,Einen Blick schenkst du mir [Kleine Besetzung],Einen Blick schenkst du mir [Kl.Bes.],EINEN_BLICK_SCHENKST_DU_MIR_KB,Einen Blick schenkst du mir [Kleine Besetzung] ist eine Notenausgabe im XeisWorks-Produktkatalog.,AUTO_DRAFT,GENERATED,Besetzung: Kleine Besetzung,Format: PHYSICAL,Kategorie: Noten,,,,29.00,10.00,31.90,EUR,XLSX_SOT_GROSS,0.00,true,,,,,,,,,,,,,,,,,,,,false,true,,,,,,,true,Cumulus_Physisch,false,Einen Blick schenkst du mir,,Einen Blick schenkst du mir,XLSX_SOT_NORMALIZED,Produktpalette(2).xlsx:XeisWorks,9,EXACT,,false,,,
XW-6003,XW-6003,,,96eba746-0a2e-5cc8-ba67-812511b5e4c2,NOTEN|glück auf,HIGH,true,CANONICAL,live,ACTIVE,true,false,XeisWorks,Blasmusik-Edition,Noten,,,,Glück auf,SCORE,physical,,,,,,Kleine Besetzung,,,,PHYSICAL,Glück auf [Kleine Besetzung],Glück auf [Kl.Bes.],GLUECK_AUF_KB,"Volksweise
Arr.: Albert Wieder",SOURCE,WIX,Arr.: Albert Wieder,,,,,B2B,29.00,10.00,31.90,EUR,XLSX_SOT_GROSS,2.00,true,250.0,,,,,,,,,,,,,,,,,,,true,true,product_49eb7f42-d496-d566-05e2-c014c80c083d,product_49eb7f42-d496-d566-05e2-c014c80c083d,true,Blasmusik Gesamt|B2B|Musikkapelle|Böhmisch|Kleine Besetzung,4f718e_b8b014b6e0894e3da1aec4e96264324c~mv2.jpg|4f718e_76f340c1b1dc4d9ebfb7678b92aae87c~mv2.jpg|4f718e_902c3713401946028a744e13674ec747~mv2.jpg|4f718e_558d35e19c4f43a9b1d82bcf6c150a87,<p>Volksweise</p><p>Arr.: Albert Wieder</p>,true,Cumulus_Physisch,false,Glück auf,Glück auf [Kleine Besetzung],Glück auf,XLSX_SOT_NORMALIZED,Produktpalette(2).xlsx:XeisWorks,10,EXACT,,false,,,
XW-6004,XW-6004,,,3b1e1931-c937-5eba-9269-f7529895f5e7,NOTEN|himmelsthron,HIGH,true,CANONICAL,live,ACTIVE,true,false,,Blasmusik-Edition,Noten,,,,Himmelsthron,SCORE,physical,,,,,,Kleine Besetzung,,,,PHYSICAL,Himmelsthron [Kleine Besetzung],Himmelsthron [Kl.Bes.],HIMMELSTHRON_KB,Komp./Arr.: Albert Wieder,SOURCE,WIX,Komp./Arr.: Albert Wieder,,,,,B2B,29.00,10.00,31.90,EUR,XLSX_SOT_GROSS,0.00,true,250.0,,,,,,,,,,,,,,,,,,,true,true,product_95251897-4a24-11e4-9560-7ba67ae937f7,product_95251897-4a24-11e4-9560-7ba67ae937f7,true,Blasmusik Gesamt|B2B|Musikkapelle|Böhmisch|Kleine Besetzung,4f718e_a99b7e4c88174d12998924d1b5dc8c0d~mv2.jpg|4f718e_32adceacd7944d0bb8e1678db02546ba~mv2.jpg|4f718e_aa95bb14faee4475b6ef6efc3a7f7a87~mv2.jpg|4f718e_7d7dd3b0086c40be8d5a95c81692c910,<p>Komp./Arr.: Albert Wieder</p>,true,Cumulus_Physisch,false,Himmelsthron,Himmelsthron [Kleine Besetzung],Himmelsthron,XLSX_SOT_NORMALIZED,Produktpalette(2).xlsx:XeisWorks,11,EXACT,,false,,,
XW-6005,XW-6005,,,f4cb9772-d2ff-5e70-a8c8-e32a30e68657,NOTEN|veilchen-polka,HIGH,true,CANONICAL,live,ACTIVE,true,false,XeisWorks,Blasmusik-Edition,Noten,,,,Veilchen-Polka,SCORE,physical,,,,,,Kleine Besetzung,,,,PHYSICAL,Veilchen-Polka [Kleine Besetzung],Veilchen-Polka [Kl.Bes.],VEILCHEN_POLKA_KB,Komp./Arr.: Albert Wieder,SOURCE,WIX,Komp./Arr.: Albert Wieder,,,,,B2B,29.00,10.00,31.90,EUR,XLSX_SOT_GROSS,0.00,true,250.0,,,,,,,,,,,,,,,,,,,true,true,product_ee654c30-b9d9-6a5d-caf8-f62fd893893d,product_ee654c30-b9d9-6a5d-caf8-f62fd893893d,true,Blasmusik Gesamt|B2B|Musikkapelle|Böhmisch|Kleine Besetzung,4f718e_e95006fe98064ec0bb1918d701553745~mv2.jpg|4f718e_3a33809d4b5b428eb3a8c39c0863e0bb~mv2.jpg|4f718e_3276aa0b604143359c2ad5693a0c0a17~mv2.jpg|4f718e_7058cb3098d0471089d99a269aeae2ba,<p>Komp./Arr.: Albert Wieder</p>,true,Cumulus_Physisch,false,Veilchen-Polka,Veilchen-Polka [Kleine Besetzung],Veilchen-Polka,XLSX_SOT_NORMALIZED,Produktpalette(2).xlsx:XeisWorks,12,EXACT,,false,,,
XW-6006,XW-6006,,,2da6ec66-45a2-5999-95bd-6dd4b4f4c03a,NOTEN|lorete walzer,HIGH,true,CANONICAL,live,ACTIVE,true,false,XeisWorks,Blasmusik-Edition,Noten,,,,Lorete Walzer,SCORE,physical,,,,,,Kleine Besetzung,,,,PHYSICAL,Lorete Walzer [Kleine Besetzung],Lorete Walzer [Kl.Bes.],LORETE_WALZER_KB,"Volksweise
Arr.: Albert Wieder",SOURCE,WIX,Arr.: Albert Wieder,,,,,B2B,29.00,10.00,31.90,EUR,XLSX_SOT_GROSS,0.00,true,250.0,,,,,,,,,,,,,,,,,,,true,true,product_9b807c7f-c2e4-4196-f214-6955d2285bfb,product_9b807c7f-c2e4-4196-f214-6955d2285bfb,true,Blasmusik Gesamt|B2B|Musikkapelle|Böhmisch|Kleine Besetzung,4f718e_9c1d9e14a2af4cfb9114a861c1ac9ec0~mv2.jpg|4f718e_2bda8b391c244118ae17028142fd091c~mv2.jpg|4f718e_50f041a320504523b65408f380cb72b1~mv2.jpg|4f718e_15d05dd05f1b422389eb51c8de4d426d,"<p>Volksweise</p>

<p>Arr.: Albert Wieder</p>",true,Cumulus_Physisch,false,Lorete Walzer,Lorete Walzer [Kleine Besetzung],Lorete Walzer,XLSX_SOT_NORMALIZED,Produktpalette(2).xlsx:XeisWorks,13,EXACT,,false,,,
XW-6007,XW-6007,,,a264d446-d941-57f1-8b24-ded649d9ee3b,NOTEN|sidonje-polka,HIGH,true,CANONICAL,live,ACTIVE,true,false,,Blasmusik-Edition,Noten,,,,Sidonje-Polka,SCORE,physical,,,,,,Kleine Besetzung,,,,PHYSICAL,Sidonje-Polka [Kleine Besetzung],Sidonje-Polka [Kl.Bes.],SIDONJE_POLKA_KB,"Volksweise
Arr.: Albert Wieder",SOURCE,WIX,Arr.: Albert Wieder,,,,,B2B,29.00,10.00,31.90,EUR,XLSX_SOT_GROSS,2.00,true,250.0,,,,,,,,,,,,,,,,,,,true,true,product_114c0f34-5292-59e8-e52b-64830135147d,product_114c0f34-5292-59e8-e52b-64830135147d,true,Blasmusik Gesamt|B2B|Musikkapelle|Böhmisch|Kleine Besetzung,4f718e_459978f33b384ed59f853de492141335~mv2.jpg|4f718e_4774d4c8036549c09a3f9f95cd8b4560~mv2.jpg|4f718e_1c8ad29ea1164746988a1f133ab69b69~mv2.jpg|4f718e_c92d2a91ce1840f48b41752b34840745,<p>Volksweise</p><p>Arr.: Albert Wieder</p>,true,Cumulus_Physisch,false,Sidonje-Polka,Sidonje Polka [Kleine Besetzung],Sidonje Polka,XLSX_SOT_NORMALIZED,Produktpalette(2).xlsx:XeisWorks,14,EXACT,,false,,,
XW-6008,XW-6008,,,41049d86-b093-523c-b8e6-1b0ae1d603f3,NOTEN|sonnenuntergang am berg,HIGH,true,CANONICAL,live,ACTIVE,true,false,,Blasmusik-Edition,Noten,,,,Sonnenuntergang am Berg,SCORE,physical,,,,,,Kleine Besetzung,,,,PHYSICAL,Sonnenuntergang am Berg [Kleine Besetzung],Sonnenuntergang am Berg [Kl.Bes.],SONNENUNTERGANG_AM_BERG_KB,Sonnenuntergang am Berg [Kleine Besetzung] ist eine Notenausgabe im XeisWorks-Produktkatalog.,AUTO_DRAFT,GENERATED,Besetzung: Kleine Besetzung,Format: PHYSICAL,Kategorie: Noten,,,,29.00,10.00,31.90,EUR,XLSX_SOT_GROSS,,,,,,,,,,,,,,,,,,,,,,false,true,,,,,,,false,,false,Sonnenuntergang am Berg,,,XLSX_SOT_NORMALIZED,Produktpalette(2).xlsx:XeisWorks,15,EXACT,,false,,,
XW-6009,XW-6009,,,c1fdc398-4db0-5633-bad6-1cf84f369618,NOTEN|kinderträume,HIGH,true,CANONICAL,live,ACTIVE,true,false,,Blasmusik-Edition,Noten,,,,Kinderträume,SCORE,physical,,,,,,Kleine Besetzung,,,,PHYSICAL,Kinderträume [Kleine Besetzung],Kinderträume [Kl.Bes.],KINDERTRAEUME_KB,Kinderträume [Kleine Besetzung] ist eine Notenausgabe im XeisWorks-Produktkatalog.,AUTO_DRAFT,GENERATED,Besetzung: Kleine Besetzung,Format: PHYSICAL,Kategorie: Noten,,,,29.00,10.00,31.90,EUR,XLSX_SOT_GROSS,,,,,,,,,,,,,,,,,,,,,,false,true,,,,,,,false,,false,Kinderträume,,,XLSX_SOT_NORMALIZED,Produktpalette(2).xlsx:XeisWorks,16,EXACT,,false,,,
XW-6010,XW-6010,,,0668be32-b7bf-5fa9-9a97-45d7d7b02957,NOTEN|bier polka,HIGH,true,CANONICAL,live,ACTIVE,true,false,,Blasmusik-Edition,Noten,,,,Bier Polka,SCORE,physical,,,,,,Kleine Besetzung,,,,PHYSICAL,Bier Polka [Kleine Besetzung],Bier Polka [Kl.Bes.],BIER_POLKA_KB,Bier Polka [Kleine Besetzung] ist eine Notenausgabe im XeisWorks-Produktkatalog.,AUTO_DRAFT,GENERATED,Besetzung: Kleine Besetzung,Format: PHYSICAL,Kategorie: Noten,,,,29.00,10.00,31.90,EUR,XLSX_SOT_GROSS,0.00,true,,,,,,,,,,,,,,,,,,,,false,true,,,,,,,true,Cumulus_Physisch,false,Bier Polka,,Bier Polka,XLSX_SOT_NORMALIZED,Produktpalette(2).xlsx:XeisWorks,17,EXACT,,false,,,
XW-6011,XW-6011,,,ddaf7d2b-c235-5c00-9d7a-519c1fe6f1e9,NOTEN|weinkost,HIGH,true,CANONICAL,live,ACTIVE,true,false,XeisWorks,Blasmusik-Edition,Noten,,,,Weinkost,SCORE,physical,,,,,,Kleine Besetzung,,,,PHYSICAL,Weinkost [Kleine Besetzung],Weinkost [Kl.Bes.],WEINKOST_KB,Komp./Arr.: Roman Weninger,SOURCE,WIX,Komp./Arr.: Roman Weninger,,,,,B2B,29.00,10.00,31.90,EUR,XLSX_SOT_GROSS,0.00,true,175.0,,,,,,,,,,,,,,,,,,,true,true,product_45fbd4fb-b28b-6f55-450e-00eaf801e8ef,product_45fbd4fb-b28b-6f55-450e-00eaf801e8ef,true,Böhmisch|Blasmusik Gesamt|Böhmische Besetzung|B2B,4f718e_3b92d73bbeac4325ba62baaa6d8c6ed6~mv2.jpg|4f718e_c91ffc6b71034b96bd8efc84b781959e,"<p><span style=""background-color: transparent; font-family: var(--wix-font-stack,&quot;HelveticaNeueW01-55Roma&quot;,&quot;HelveticaNeueW02-55Roma&quot;,&quot;HelveticaNeueW10-55Roma&quot;,sans-serif);"">Komp./Arr.: Roman Weninger</span></p>",true,Cumulus_Physisch,false,Weinkost,Weinkost [Kleine Besetzung],Weinkost,XLSX_SOT_NORMALIZED,Produktpalette(2).xlsx:XeisWorks,18,EXACT,,false,,,
XW-6012,XW-6012,,,f7bfc1a4-2c83-5ee0-bfde-84fde96bf989,NOTEN|bh-polka,HIGH,true,CANONICAL,live,ACTIVE,true,false,XeisWorks,Blasmusik-Edition,Noten,,,,BH-Polka,SCORE,physical,,,,,,Kleine Besetzung,,,,PHYSICAL,BH-Polka [Kleine Besetzung],BH-Polka [Kl.Bes.],BH_POLKA_KB,"Komp.: Christian Wieder
Arr.: Michael Klostermann",SOURCE,WIX,Arr.: Michael Klostermann,,,,,B2B,29.00,10.00,31.90,EUR,XLSX_SOT_GROSS,0.00,true,250.0,,,,,,,,,,,,,,,,,,,true,true,product_d28e5b94-c0db-c1a7-9f67-d3b923c6421d|product_eeb80e5c-672f-9b3c-ad91-9535a81c3cd3,product_d28e5b94-c0db-c1a7-9f67-d3b923c6421d|product_eeb80e5c-672f-9b3c-ad91-9535a81c3cd3,true,Blasmusik Gesamt|B2B|Musikkapelle|Böhmische Besetzung|Kleine Besetzung|Böhmisch,4f718e_5f1220b8db634fb492f845ed18afbc3c~mv2.jpg|4f718e_d18df0ede3844342854605f4a47a9e65~mv2.jpg|4f718e_37c53bd42b7a4608b5fbd0bc90c8a289~mv2.jpg|4f718e_120386aa229f48a9bdb5461a11e04bd7~mv2.jpg|4f718e_5523b06f79f648b0b57497cf0b2f914e~mv2.jpg|4f718e_1dfa508ded2948d2b22b000f52bb7b17~mv2.jpg|4f718e_85520e1dab8b4c5796d21ee476b85526|4f718e_bd7f98692a6e45cba01061c54bab7d90~mv2.jpg|4f718e_af52622f47e1455ba0fe148adb439c19~mv2.jpg|4f718e_3fd120c4daa24c20be5de86dc2508591~mv2.jpg,"<p>Komp.: Christian Wieder</p>

<p>Arr.:&nbsp;Michael Klostermann</p>",true,Krickl,false,BH-Polka,BH Polka [Kleine Besetzung] || Bier-Polka [Kleine Besetzung],BH-Polka,XLSX_SOT_NORMALIZED,Produktpalette(2).xlsx:XeisWorks,19,EXACT,,true,Wix: XW-6012 gehört laut SOT zu BH-Polka [Kleine Besetzung]; Bier-Polka-Variante auf XW-6010 korrigieren.,,
XW-6013,XW-6013,,,1e1f4638-cfae-5719-9e4b-d7c1069570b6,NOTEN|morgenrot,HIGH,true,CANONICAL,live,ACTIVE,true,false,XeisWorks,Blasmusik-Edition,Noten,,,,Morgenrot,SCORE,physical,,,,,,Kleine Besetzung,,,,PHYSICAL,Morgenrot [Kleine Besetzung],Morgenrot [Kl.Bes.],MORGENROT_KB,"Volksweise
Arr.: Albert Wieder",SOURCE,WIX,Arr.: Albert Wieder,,,,,B2B,29.00,10.00,31.90,EUR,XLSX_SOT_GROSS,0.00,false,250.0,,,,,,,,,,,,,,,,,,,true,true,product_412b6c06-8f17-0edb-f3e0-ace625eb9fa3,product_412b6c06-8f17-0edb-f3e0-ace625eb9fa3,true,Blasmusik Gesamt|B2B|Musikkapelle|Böhmische Besetzung|Kleine Besetzung,4f718e_60429d4fa51e4716a95ee732ae966821~mv2.jpg,<p>Volksweise<br>Arr.: Albert Wieder</p>,true,Albert,false,Morgenrot,Morgenrot [Kleine Besetzung],Morgenrot,XLSX_SOT_NORMALIZED,Produktpalette(2).xlsx:XeisWorks,20,EXACT,,false,,,
XW-6014,XW-6014,,XW-4516,ccb5a456-263f-5dcc-b047-8ecf65844061,NOTEN|mnoschil,HIGH,false,ENSEMBLE_VARIANT,live,ACTIVE,true,false,Blasmusik Supergroup,Blasmusik-Edition,Noten,,,,Mnoschil,SCORE,physical,,,,,,Kleine Besetzung,,,,PHYSICAL,Mnoschil [Kleine Besetzung],Mnoschil [Kl.Bes.],MNOSCHIL_KB,"Entdecken Sie eine Bravourpolka vom österreichischen Trompeter und Komponisten Thomas Gansch mit dem Titel ""Mnoschil"". In der ""Supergroup""-Besetzung präsentiert sich dieses Stück effektvoll, kraftvoll und fesselnd. Die perfekte Kombination aus virtuosen musikalischen Fähigkeiten und mitreißender Performance machen diese Polka zu einem absoluten Highlight. Mit ""Mnoschil"" erleben Sie ein unvergessliches Musikerlebnis, das Fans der Blasmusik begeistern wird. Sichern Sie sich noch heute dieses musikalische Meisterwerk und lassen Sie sich von der Ausdruckskraft von Thomas Gansch begeistern.",SOURCE,WIX,"Entdecken Sie eine Bravourpolka vom österreichischen Trompeter und Komponisten Thomas Gansch mit dem Titel ""Mnoschil"". In der ""Supergroup""-Besetzung präsentiert sich dieses Stück effektvoll, kraftvoll und fesselnd. Die perfekte Kombination aus virtuosen musikalischen Fähigkeiten und mitreißender Performance machen diese Polka zu einem absoluten Highlight. Mit ""Mnoschil"" erleben Sie ein unvergessliches Musikerlebnis, das Fans der Blasmusik begeistern wird. Sichern Sie sich noch heute dieses musikalische Meisterwerk und lassen Sie sich von der Ausdruckskraft von Thomas Gansch begeistern.",,,,,B2B,29.00,10.00,31.90,EUR,XLSX_SOT_GROSS,0.00,false,350.0,,,,,,,,,,,,,,,,,,,true,true,product_a0b38165-64e9-fd92-5204-3f7f44e9992c,product_a0b38165-64e9-fd92-5204-3f7f44e9992c,true,Blasmusik Gesamt|B2B|Musikkapelle|Blasmusik Supergroup|Böhmische Besetzung|Kleine Besetzung|Brass_5stimmig,4f718e_546abca9b7094058a0220077a31f97b6~mv2.jpg|4f718e_80bccde17cc748a3a545f6a328ad4b0b~mv2.jpg|4f718e_1201217b3ca045b0a652c1ed277cb7b5~mv2.jpg|4f718e_628c6e6a3f91485f89fcbb25564a7166~mv2.jpg|4f718e_fce29bcb29684d7983643fa38572a8cd~mv2.jpg|4f718e_e019263ae87b414a957532cc33344e93,"<p>Entdecken Sie eine Bravourpolka vom österreichischen Trompeter und Komponisten Thomas Gansch mit dem Titel ""Mnoschil"". In der ""Supergroup""-Besetzung präsentiert sich dieses Stück effektvoll, kraftvoll und fesselnd. Die perfekte Kombination aus virtuosen musikalischen Fähigkeiten und mitreißender Performance machen diese Polka zu einem absoluten Highlight. Mit ""Mnoschil"" erleben Sie ein unvergessliches Musikerlebnis, das Fans der Blasmusik begeistern wird. Sichern Sie sich noch heute dieses musikalische Meisterwerk und lassen Sie sich von der Ausdruckskraft von&nbsp;Thomas Gansch begeistern.</p>",true,Vienna Arts Management,false,Mnoschil,Mnoschil [Kleine Besetzung],Mnoschil,XLSX_SOT_NORMALIZED,Produktpalette(2).xlsx:XeisWorks,21,EXACT,,false,,,
XW-6015,XW-6015,,,8ad7c958-ee3a-5428-a26c-e198fc4c8184,RESERVED|XW-6015,LOW,true,CANONICAL,draft,RESERVED,false,false,,Blasmusik-Edition,Reserviert,,,,,RESERVED,physical,,,,,,Kleine Besetzung,,,,PHYSICAL,Reserviert - XW-6015,Reserviert XW-6015,XW-6015,Reserviert - XW-6015 ist eine reservierte Artikelnummer im XW Product Hub.,AUTO_DRAFT,GENERATED,Besetzung: Kleine Besetzung,Format: PHYSICAL,,,,,,10.00,,EUR,,,,,,,,,,,,,,,,,,,,,,,false,false,,,,,,,false,,false,,,,XLSX_SOT_RESERVED,Produktpalette(2).xlsx:XeisWorks,22,RESERVED,,false,,,
XW-6016,XW-6016,,,e97c59a0-733f-5fcc-b899-6f61c602e7ef,RESERVED|XW-6016,LOW,true,CANONICAL,draft,RESERVED,false,false,,Blasmusik-Edition,Reserviert,,,,,RESERVED,physical,,,,,,Kleine Besetzung,,,,PHYSICAL,Reserviert - XW-6016,Reserviert XW-6016,XW-6016,Reserviert - XW-6016 ist eine reservierte Artikelnummer im XW Product Hub.,AUTO_DRAFT,GENERATED,Besetzung: Kleine Besetzung,Format: PHYSICAL,,,,,,10.00,,EUR,,,,,,,,,,,,,,,,,,,,,,,false,false,,,,,,,false,,false,,,,XLSX_SOT_RESERVED,Produktpalette(2).xlsx:XeisWorks,23,RESERVED,,false,,,
XW-6017,XW-6017,,,8caa5b2b-a603-5df3-8ccd-83df82dd5bd7,RESERVED|XW-6017,LOW,true,CANONICAL,draft,RESERVED,false,false,,Blasmusik-Edition,Reserviert,,,,,RESERVED,physical,,,,,,Kleine Besetzung,,,,PHYSICAL,Reserviert - XW-6017,Reserviert XW-6017,XW-6017,Reserviert - XW-6017 ist eine reservierte Artikelnummer im XW Product Hub.,AUTO_DRAFT,GENERATED,Besetzung: Kleine Besetzung,Format: PHYSICAL,,,,,,10.00,,EUR,,,,,,,,,,,,,,,,,,,,,,,false,false,,,,,,,false,,false,,,,XLSX_SOT_RESERVED,Produktpalette(2).xlsx:XeisWorks,24,RESERVED,,false,,,
XW-6018,XW-6018,,,c66318c6-ddfa-5dc5-a468-3dfed166b426,RESERVED|XW-6018,LOW,true,CANONICAL,draft,RESERVED,false,false,,Blasmusik-Edition,Reserviert,,,,,RESERVED,physical,,,,,,Kleine Besetzung,,,,PHYSICAL,Reserviert - XW-6018,Reserviert XW-6018,XW-6018,Reserviert - XW-6018 ist eine reservierte Artikelnummer im XW Product Hub.,AUTO_DRAFT,GENERATED,Besetzung: Kleine Besetzung,Format: PHYSICAL,,,,,,10.00,,EUR,,,,,,,,,,,,,,,,,,,,,,,false,false,,,,,,,false,,false,,,,XLSX_SOT_RESERVED,Produktpalette(2).xlsx:XeisWorks,25,RESERVED,,false,,,
XW-6019,XW-6019,,,01da823e-14cc-58e4-b78e-19abd6b1e79f,RESERVED|XW-6019,LOW,true,CANONICAL,draft,RESERVED,false,false,,Blasmusik-Edition,Reserviert,,,,,RESERVED,physical,,,,,,Kleine Besetzung,,,,PHYSICAL,Reserviert - XW-6019,Reserviert XW-6019,XW-6019,Reserviert - XW-6019 ist eine reservierte Artikelnummer im XW Product Hub.,AUTO_DRAFT,GENERATED,Besetzung: Kleine Besetzung,Format: PHYSICAL,,,,,,10.00,,EUR,,,,,,,,,,,,,,,,,,,,,,,false,false,,,,,,,false,,false,,,,XLSX_SOT_RESERVED,Produktpalette(2).xlsx:XeisWorks,26,RESERVED,,false,,,
XW-6020,XW-6020,,,79927b22-735f-53a6-81db-d623d42b155f,RESERVED|XW-6020,LOW,true,CANONICAL,draft,RESERVED,false,false,,Blasmusik-Edition,Reserviert,,,,,RESERVED,physical,,,,,,Kleine Besetzung,,,,PHYSICAL,Reserviert - XW-6020,Reserviert XW-6020,XW-6020,Reserviert - XW-6020 ist eine reservierte Artikelnummer im XW Product Hub.,AUTO_DRAFT,GENERATED,Besetzung: Kleine Besetzung,Format: PHYSICAL,,,,,,10.00,,EUR,,,,,,,,,,,,,,,,,,,,,,,false,false,,,,,,,false,,false,,,,XLSX_SOT_RESERVED,Produktpalette(2).xlsx:XeisWorks,27,RESERVED,,false,,,
XW-6021,XW-6021,,,85d49909-f870-5486-9e96-25daa31b630b,RESERVED|XW-6021,LOW,true,CANONICAL,draft,RESERVED,false,false,,Blasmusik-Edition,Reserviert,,,,,RESERVED,physical,,,,,,Kleine Besetzung,,,,PHYSICAL,Reserviert - XW-6021,Reserviert XW-6021,XW-6021,Reserviert - XW-6021 ist eine reservierte Artikelnummer im XW Product Hub.,AUTO_DRAFT,GENERATED,Besetzung: Kleine Besetzung,Format: PHYSICAL,,,,,,10.00,,EUR,,,,,,,,,,,,,,,,,,,,,,,false,false,,,,,,,false,,false,,,,XLSX_SOT_RESERVED,Produktpalette(2).xlsx:XeisWorks,28,RESERVED,,false,,,
XW-6022,XW-6022,,,714f9eb2-2d08-5190-b687-d5d51599ce1f,RESERVED|XW-6022,LOW,true,CANONICAL,draft,RESERVED,false,false,,Blasmusik-Edition,Reserviert,,,,,RESERVED,physical,,,,,,Kleine Besetzung,,,,PHYSICAL,Reserviert - XW-6022,Reserviert XW-6022,XW-6022,Reserviert - XW-6022 ist eine reservierte Artikelnummer im XW Product Hub.,AUTO_DRAFT,GENERATED,Besetzung: Kleine Besetzung,Format: PHYSICAL,,,,,,10.00,,EUR,,,,,,,,,,,,,,,,,,,,,,,false,false,,,,,,,false,,false,,,,XLSX_SOT_RESERVED,Produktpalette(2).xlsx:XeisWorks,29,RESERVED,,false,,,
XW-6023,XW-6023,,,82809597-18c0-5425-a14c-14ad9865ce31,RESERVED|XW-6023,LOW,true,CANONICAL,draft,RESERVED,false,false,,Blasmusik-Edition,Reserviert,,,,,RESERVED,physical,,,,,,Kleine Besetzung,,,,PHYSICAL,Reserviert - XW-6023,Reserviert XW-6023,XW-6023,Reserviert - XW-6023 ist eine reservierte Artikelnummer im XW Product Hub.,AUTO_DRAFT,GENERATED,Besetzung: Kleine Besetzung,Format: PHYSICAL,,,,,,10.00,,EUR,,,,,,,,,,,,,,,,,,,,,,,false,false,,,,,,,false,,false,,,,XLSX_SOT_RESERVED,Produktpalette(2).xlsx:XeisWorks,30,RESERVED,,false,,,
XW-6024,XW-6024,,,d81425e0-dcd9-566d-92dd-f2ffd7be027a,RESERVED|XW-6024,LOW,true,CANONICAL,draft,RESERVED,false,false,,Blasmusik-Edition,Reserviert,,,,,RESERVED,physical,,,,,,Kleine Besetzung,,,,PHYSICAL,Reserviert - XW-6024,Reserviert XW-6024,XW-6024,Reserviert - XW-6024 ist eine reservierte Artikelnummer im XW Product Hub.,AUTO_DRAFT,GENERATED,Besetzung: Kleine Besetzung,Format: PHYSICAL,,,,,,10.00,,EUR,,,,,,,,,,,,,,,,,,,,,,,false,false,,,,,,,false,,false,,,,XLSX_SOT_RESERVED,Produktpalette(2).xlsx:XeisWorks,31,RESERVED,,false,,,
XW-6025,XW-6025,,,3ce29ffe-4165-504c-9ea0-c1b9316561a6,RESERVED|XW-6025,LOW,true,CANONICAL,draft,RESERVED,false,false,,Blasmusik-Edition,Reserviert,,,,,RESERVED,physical,,,,,,Kleine Besetzung,,,,PHYSICAL,Reserviert - XW-6025,Reserviert XW-6025,XW-6025,Reserviert - XW-6025 ist eine reservierte Artikelnummer im XW Product Hub.,AUTO_DRAFT,GENERATED,Besetzung: Kleine Besetzung,Format: PHYSICAL,,,,,,10.00,,EUR,,,,,,,,,,,,,,,,,,,,,,,false,false,,,,,,,false,,false,,,,XLSX_SOT_RESERVED,Produktpalette(2).xlsx:XeisWorks,32,RESERVED,,false,,,
XW-6026,XW-6026,,,66117e31-86c3-5d26-a1bd-634bacd5fdcd,RESERVED|XW-6026,LOW,true,CANONICAL,draft,RESERVED,false,false,,Blasmusik-Edition,Reserviert,,,,,RESERVED,physical,,,,,,Kleine Besetzung,,,,PHYSICAL,Reserviert - XW-6026,Reserviert XW-6026,XW-6026,Reserviert - XW-6026 ist eine reservierte Artikelnummer im XW Product Hub.,AUTO_DRAFT,GENERATED,Besetzung: Kleine Besetzung,Format: PHYSICAL,,,,,,10.00,,EUR,,,,,,,,,,,,,,,,,,,,,,,false,false,,,,,,,false,,false,,,,XLSX_SOT_RESERVED,Produktpalette(2).xlsx:XeisWorks,33,RESERVED,,false,,,
XW-6200,XW-6200,,,55225584-f956-5938-a265-1137a9253e0a,NOTEN|div. noten böhm. besetzung,HIGH,true,CANONICAL,live,ACTIVE,true,false,,Blasmusik-Edition,Noten,,,,Div. Noten Böhm. Besetzung,SCORE,physical,,,,,,Böhmische Besetzung,,,,PHYSICAL,Div. Noten Böhm. Besetzung [Böhmische Besetzung],Div. Noten Böhm. Besetzung [Böhm.],DIV_NOTEN_BOEHM_BESETZUNG_BOE,Div. Noten Böhm. Besetzung [Böhmische Besetzung] ist eine Notenausgabe im XeisWorks-Produktkatalog.,AUTO_DRAFT,GENERATED,Besetzung: Böhmische Besetzung,Format: PHYSICAL,Kategorie: Noten,,,,39.00,10.00,42.90,EUR,XLSX_SOT_GROSS,,,,,,,,,,,,,,,,,,,,,,false,true,,,,,,,false,,false,Div. Noten Böhm. Besetzung,,,XLSX_SOT_NORMALIZED,Produktpalette(2).xlsx:XeisWorks,7,EXACT,,false,,,
XW-6201,XW-6201,,,4a091468-2ad2-53c2-b77e-3046f1604e3d,NOTEN|smutna deva,HIGH,true,CANONICAL,live,ACTIVE,true,false,,Blasmusik-Edition,Noten,,,,Smutna Deva,SCORE,physical,,,,,,Böhmische Besetzung,,,,PHYSICAL,Smutna Deva [Böhmische Besetzung],Smutna Deva [Böhm.],SMUTNA_DEVA_BOE,"Volksweise
Arr.: Thomas Zsivkovits",SOURCE,WIX,Arr.: Thomas Zsivkovits,,,,,B2B,39.00,10.00,42.90,EUR,XLSX_SOT_GROSS,,,175.0,,,,,,,,,,,,,,,,,,,true,true,product_5dd483a7-3cb8-798b-52ab-c38aaba6bfd6,product_5dd483a7-3cb8-798b-52ab-c38aaba6bfd6,true,Böhmisch|Blasmusik Gesamt|Böhmische Besetzung|B2B,4f718e_1507644c9b4d47079ce8e07ad9dbc7f4~mv2.jpg|4f718e_283eaa3e925e42f5ac145179d60ec707~mv2.jpg|4f718e_0050529c78954afd984949b332aaa67a~mv2.jpg|4f718e_023d193d4258417c932ebb0db4d1765b,"<p><span style=""background-color: transparent; font-family: var(--wix-font-stack,&quot;HelveticaNeueW01-55Roma&quot;,&quot;HelveticaNeueW02-55Roma&quot;,&quot;HelveticaNeueW10-55Roma&quot;,sans-serif);"">Volksweise</span></p><p><span style=""background-color: transparent; font-family: var(--wix-font-stack,&quot;HelveticaNeueW01-55Roma&quot;,&quot;HelveticaNeueW02-55Roma&quot;,&quot;HelveticaNeueW10-55Roma&quot;,sans-serif);"">Arr.: Thomas Zsivkovits</span></p>",false,,false,Smutna Deva,Smutna Deva,,XLSX_SOT_NORMALIZED,Produktpalette(2).xlsx:XeisWorks,8,EXACT,,false,,,
XW-6202,XW-6202,,,57917f82-a5bb-5582-843b-49be90a7465a,NOTEN|im heurigen,HIGH,true,CANONICAL,live,ACTIVE,true,false,,Blasmusik-Edition,Noten,,,,Im Heurigen,SCORE,physical,,,,,,Böhmische Besetzung,,,,PHYSICAL,Im Heurigen [Böhmische Besetzung],Im Heurigen [Böhm.],IM_HEURIGEN_BOE,Komp./Arr.: Roman Weninger,SOURCE,WIX,Komp./Arr.: Roman Weninger,,,,,B2B,39.00,10.00,42.90,EUR,XLSX_SOT_GROSS,,,175.0,,,,,,,,,,,,,,,,,,,true,true,product_b72cd371-e126-0754-e3fe-04ce232aaf8a,product_b72cd371-e126-0754-e3fe-04ce232aaf8a,true,Böhmisch|Blasmusik Gesamt|Böhmische Besetzung|B2B,4f718e_4bd9bb04562e4ae4a0ae357ee6f927ee~mv2.jpg|4f718e_673c2074410e4cfdb1000c58dc854469~mv2.jpg|4f718e_8cf497ac080943628d0b2cdde05ae97a~mv2.jpg,"<p><span style=""background-color: transparent; font-family: var(--wix-font-stack,&quot;HelveticaNeueW01-55Roma&quot;,&quot;HelveticaNeueW02-55Roma&quot;,&quot;HelveticaNeueW10-55Roma&quot;,sans-serif);"">Komp./Arr.: Roman Weninger</span></p>",false,,false,Im Heurigen,Im Heurigen,,XLSX_SOT_NORMALIZED,Produktpalette(2).xlsx:XeisWorks,9,EXACT,,false,,,
XW-6203,XW-6203,,,fef741d9-7e69-5bca-b9b9-b9ab4242c33d,NOTEN|im walde,HIGH,true,CANONICAL,live,ACTIVE,true,false,XeisWorks,Blasmusik-Edition,Noten,,,,Im Walde,SCORE,physical,,,,,,Böhmische Besetzung,,,,PHYSICAL,Im Walde [Böhmische Besetzung],Im Walde [Böhm.],IM_WALDE_BOE,"Volksweise
Arr.: Roman Weninger",SOURCE,WIX,Arr.: Roman Weninger,,,,,B2B,39.00,10.00,42.90,EUR,XLSX_SOT_GROSS,,,175.0,,,,,,,,,,,,,,,,,,,true,true,product_2d1e8ce3-1932-19bd-3a73-7f95fe53e2ee,product_2d1e8ce3-1932-19bd-3a73-7f95fe53e2ee,true,Böhmisch|Blasmusik Gesamt|Böhmische Besetzung|B2B,4f718e_dbb122ecd1084a44ae25649cd0d111ef~mv2.jpg|4f718e_e9861787de494f1f972640145e1eadaf~mv2.jpg|4f718e_c434eeae219045d38d508498d1be7c60~mv2.jpg,"<p><span style=""background-color: transparent; font-family: var(--wix-font-stack,&quot;HelveticaNeueW01-55Roma&quot;,&quot;HelveticaNeueW02-55Roma&quot;,&quot;HelveticaNeueW10-55Roma&quot;,sans-serif);"">Volksweise</span></p><p><span style=""background-color: transparent; font-family: var(--wix-font-stack,&quot;HelveticaNeueW01-55Roma&quot;,&quot;HelveticaNeueW02-55Roma&quot;,&quot;HelveticaNeueW10-55Roma&quot;,sans-serif);"">Arr.: Roman Weninger</span></p>",false,,false,Im Walde,Im Walde,,XLSX_SOT_NORMALIZED,Produktpalette(2).xlsx:XeisWorks,10,EXACT,,false,,,
XW-6204,XW-6204,,,8c4ebc15-3b9d-5f31-8acc-11f79cd45a2d,NOTEN|freunde musizieren,HIGH,true,CANONICAL,live,ACTIVE,true,false,,Blasmusik-Edition,Noten,,,,Freunde musizieren,SCORE,physical,,,,,,Böhmische Besetzung,,,,PHYSICAL,Freunde musizieren [Böhmische Besetzung],Freunde musizieren [Böhm.],FREUNDE_MUSIZIEREN_BOE,Komp./Arr.: Roman Weninger,SOURCE,WIX,Komp./Arr.: Roman Weninger,,,,,B2B,39.00,10.00,42.90,EUR,XLSX_SOT_GROSS,,,175.0,,,,,,,,,,,,,,,,,,,true,true,product_6677060c-c29a-2bfa-90c4-65264b94879e,product_6677060c-c29a-2bfa-90c4-65264b94879e,true,Böhmisch|Blasmusik Gesamt|Böhmische Besetzung|B2B,4f718e_465b57658be040cb97f07ae683e4e2e1~mv2.jpg|4f718e_6ed4d942ed974e1d92c73e7e8b344c4a~mv2.jpg|4f718e_1a0bf1b9d19b48fcb841c847539223fa~mv2.jpg|4f718e_342c875ea15c477c89339f3ddf86cb88,"<p><span style=""background-color: transparent; font-family: var(--wix-font-stack,&quot;HelveticaNeueW01-55Roma&quot;,&quot;HelveticaNeueW02-55Roma&quot;,&quot;HelveticaNeueW10-55Roma&quot;,sans-serif);"">Komp./Arr.: Roman Weninger</span></p>",false,,false,Freunde musizieren,Freunde musizieren,,XLSX_SOT_NORMALIZED,Produktpalette(2).xlsx:XeisWorks,11,EXACT,,false,,,
XW-6205,XW-6205,,,e8a4083c-0c4c-5e03-997c-1c0bb84bc290,NOTEN|für die hochzeit,HIGH,true,CANONICAL,live,ACTIVE,true,false,,Blasmusik-Edition,Noten,,,,Für die Hochzeit,SCORE,physical,,,,,,Böhmische Besetzung,,,,PHYSICAL,Für die Hochzeit [Böhmische Besetzung],Für die Hochzeit [Böhm.],FUER_DIE_HOCHZEIT_BOE,Komp./Arr.: Roman Weninger,SOURCE,WIX,Komp./Arr.: Roman Weninger,,,,,B2B,39.00,10.00,42.90,EUR,XLSX_SOT_GROSS,0.00,false,175.0,,,,,,,,,,,,,,,,,,,true,true,product_e5b90159-4d11-1dc1-2c36-3d25fecd4c87,product_e5b90159-4d11-1dc1-2c36-3d25fecd4c87,true,Böhmisch|Blasmusik Gesamt|Böhmische Besetzung|B2B,4f718e_7e4e9e4938494e2090d10eabb7db39b1~mv2.jpg|4f718e_554b36f97a5e468a8e190d2af38c20e6~mv2.jpg|4f718e_cd3a8771c36544ca9dd7b3487ceabbeb~mv2.jpg|4f718e_a5de9a7039534450b5e0ab33cbe79bca,"<p><span style=""background-color: transparent; font-family: var(--wix-font-stack,&quot;HelveticaNeueW01-55Roma&quot;,&quot;HelveticaNeueW02-55Roma&quot;,&quot;HelveticaNeueW10-55Roma&quot;,sans-serif);"">Komp./Arr.: Roman Weninger</span></p>",true,Cumulus_Physisch,false,Für die Hochzeit,Für die Hochzeit,Für die Hochzeit,XLSX_SOT_NORMALIZED,Produktpalette(2).xlsx:XeisWorks,12,EXACT,,false,,,
XW-6206,XW-6206,,XW-4034,fbbef078-400d-584e-9122-2a9f114e5db3,NOTEN|milacek,HIGH,false,ENSEMBLE_VARIANT,live,ACTIVE,true,false,,Blasmusik-Edition,Noten,,,,Milacek,SCORE,physical,,,,,,Böhmische Besetzung,,,,PHYSICAL,Milacek [Böhmische Besetzung],Milacek [Böhm.],MILACEK_BOE,"Volksweise
Arr.: Roman Weninger",SOURCE,WIX,Arr.: Roman Weninger,,,,,B2B,39.00,10.00,42.90,EUR,XLSX_SOT_GROSS,,,175.0,,,,,,,,,,,,,,,,,,,true,true,product_ad8a4a41-a2ce-367d-d9f1-e616f061747c,product_ad8a4a41-a2ce-367d-d9f1-e616f061747c,true,Böhmisch|Blasmusik Gesamt|Böhmische Besetzung|B2B,4f718e_19d0c2948ad9406281acf791f64a695b~mv2.jpg|4f718e_edbadd4c4b014079ab69af5e73356359~mv2.jpg|4f718e_889ff5c27d884fab9846582b26f0d0e0~mv2.jpg,"<p><span style=""background-color: transparent; font-family: var(--wix-font-stack,&quot;HelveticaNeueW01-55Roma&quot;,&quot;HelveticaNeueW02-55Roma&quot;,&quot;HelveticaNeueW10-55Roma&quot;,sans-serif);"">Volksweise</span></p><p><span style=""background-color: transparent; font-family: var(--wix-font-stack,&quot;HelveticaNeueW01-55Roma&quot;,&quot;HelveticaNeueW02-55Roma&quot;,&quot;HelveticaNeueW10-55Roma&quot;,sans-serif);"">Arr.: Roman Weninger</span></p>",false,,false,Milacek,Milacek,,XLSX_SOT_NORMALIZED,Produktpalette(2).xlsx:XeisWorks,13,EXACT,,false,,,
XW-6207,XW-6207,,,c29a87a0-1495-5b9f-a7b4-6b5397eb07df,NOTEN|schlafe nicht,HIGH,true,CANONICAL,live,ACTIVE,true,false,,Blasmusik-Edition,Noten,,,,Schlafe nicht,SCORE,physical,,,,,,Böhmische Besetzung,,,,PHYSICAL,Schlafe nicht [Böhmische Besetzung],Schlafe nicht [Böhm.],SCHLAFE_NICHT_BOE,Komp./Arr.: Peter Plank,SOURCE,WIX,Komp./Arr.: Peter Plank,,,,,B2B,39.00,10.00,42.90,EUR,XLSX_SOT_GROSS,0.00,true,175.0,,,,,,,,,,,,,,,,,,,true,true,product_cce59309-90b6-6d82-f941-946747110aa0,product_cce59309-90b6-6d82-f941-946747110aa0,true,Böhmisch|Blasmusik Gesamt|Böhmische Besetzung|B2B,4f718e_2b9d15e952224fb5a314595dac81d864~mv2.jpg|4f718e_44f63c5220a0490699d21c991291fae7~mv2.jpg|4f718e_09c3b6399bf64a588765f13fcca7f53d~mv2.jpg|4f718e_b6d8603bc65c474cb06b11c0552f3431,"<p><span style=""background-color: transparent; font-family: var(--wix-font-stack,&quot;HelveticaNeueW01-55Roma&quot;,&quot;HelveticaNeueW02-55Roma&quot;,&quot;HelveticaNeueW10-55Roma&quot;,sans-serif);"">Komp./Arr.: Peter Plank</span></p>",true,Cumulus_Physisch,false,Schlafe nicht,Schlafe nicht,Schlafe nicht,XLSX_SOT_NORMALIZED,Produktpalette(2).xlsx:XeisWorks,14,EXACT,,false,,,
XW-6208,XW-6208,,XW-4039,a7ceabdb-e786-5b77-8d7e-f8c9573c4b22,NOTEN|schöne maderl,HIGH,false,ENSEMBLE_VARIANT,live,ACTIVE,true,false,,Blasmusik-Edition,Noten,,,,Schöne Maderl,SCORE,physical,,,,,,Böhmische Besetzung,,,,PHYSICAL,Schöne Maderl [Böhmische Besetzung],Schöne Maderl [Böhm.],SCHOENE_MADERL_BOE,"Volksweise
Arr.: Roman Weninger",SOURCE,WIX,Arr.: Roman Weninger,,,,,B2B,39.00,10.00,42.90,EUR,XLSX_SOT_GROSS,,,175.0,,,,,,,,,,,,,,,,,,,true,true,product_34dfc8ac-3565-e2dc-6f1b-6f947470a0ca,product_34dfc8ac-3565-e2dc-6f1b-6f947470a0ca,true,Böhmisch|Blasmusik Gesamt|Böhmische Besetzung|B2B,4f718e_526fdd2bf6da427ca46c46f0480dd996~mv2.jpg|4f718e_796db51eca264125962d7a082d7ee19e~mv2.jpg|4f718e_925c8f4d90174d948764a48d522e75f6~mv2.jpg|4f718e_96418529f59e44509b82f9b9c1bd6037,"<p><span style=""background-color: transparent; font-family: var(--wix-font-stack,&quot;HelveticaNeueW01-55Roma&quot;,&quot;HelveticaNeueW02-55Roma&quot;,&quot;HelveticaNeueW10-55Roma&quot;,sans-serif);"">Volksweise</span></p><p><span style=""background-color: transparent; font-family: var(--wix-font-stack,&quot;HelveticaNeueW01-55Roma&quot;,&quot;HelveticaNeueW02-55Roma&quot;,&quot;HelveticaNeueW10-55Roma&quot;,sans-serif);"">Arr.: Roman Weninger</span></p>",false,,false,Schöne Maderl,Schöne Maderl,,XLSX_SOT_NORMALIZED,Produktpalette(2).xlsx:XeisWorks,15,EXACT,,false,,,
XW-6209,XW-6209,,,a290fcdd-094c-55e5-ae31-0483ffa1ec61,NOTEN|tschecharanka polka,HIGH,true,CANONICAL,live,ACTIVE,true,false,,Blasmusik-Edition,Noten,,,,Tschecharanka Polka,SCORE,physical,,,,,,Böhmische Besetzung,,,,PHYSICAL,Tschecharanka Polka [Böhmische Besetzung],Tschecharanka Polka [Böhm.],TSCHECHARANKA_POLKA_BOE,Komp./Arr.: Roman Weninger,SOURCE,WIX,Komp./Arr.: Roman Weninger,,,,,B2B,39.00,10.00,42.90,EUR,XLSX_SOT_GROSS,,,175.0,,,,,,,,,,,,,,,,,,,true,true,product_12892a31-17f6-61ce-ec43-edb00f504852,product_12892a31-17f6-61ce-ec43-edb00f504852,true,Böhmisch|Blasmusik Gesamt|Böhmische Besetzung|B2B,4f718e_f95bca90447d4a81ba763370d429c44d~mv2.jpg|4f718e_f8fd30974cc6457982e56d8bdb3bee17~mv2.jpg|4f718e_628a91c561a4457cbaa8483c0e74cd5e~mv2.jpg|4f718e_44e464f362c4490f8f8441f861654521,"<p><span style=""background-color: transparent; font-family: var(--wix-font-stack,&quot;HelveticaNeueW01-55Roma&quot;,&quot;HelveticaNeueW02-55Roma&quot;,&quot;HelveticaNeueW10-55Roma&quot;,sans-serif);"">Komp./Arr.: Roman Weninger</span></p>",false,,false,Tschecharanka Polka,Tschecharanka Polka,,XLSX_SOT_NORMALIZED,Produktpalette(2).xlsx:XeisWorks,16,EXACT,,false,,,
XW-6210,XW-6210,,,4dff8e5c-29dd-5697-ab16-4ad2fac6ec05,NOTEN|neverna milenka,HIGH,true,CANONICAL,live,ACTIVE,true,false,,Blasmusik-Edition,Noten,,,,Neverna Milenka,SCORE,physical,,,,,,Böhmische Besetzung,,,,PHYSICAL,Neverna Milenka [Böhmische Besetzung],Neverna Milenka [Böhm.],NEVERNA_MILENKA_BOE,"Volksweise
Arr.: Thomas Zsivkovits",SOURCE,WIX,Arr.: Thomas Zsivkovits,,,,,B2B,39.00,10.00,42.90,EUR,XLSX_SOT_GROSS,,,175.0,,,,,,,,,,,,,,,,,,,true,true,product_e263f5c4-e1ca-9f91-7da0-6f66db437f2f,product_e263f5c4-e1ca-9f91-7da0-6f66db437f2f,true,Böhmisch|Blasmusik Gesamt|Böhmische Besetzung|B2B,4f718e_cd7a462edf744374ba359a79bc04cd8f~mv2.jpg|4f718e_e732fbf090484ad7ad25e7b312caf19d~mv2.jpg|4f718e_987bc7ae8a2543a59f53125d36a4f944~mv2.jpg|4f718e_da1875e07bf448a8a388315604f0fb1c,"<p><span style=""background-color: transparent; font-family: var(--wix-font-stack,&quot;HelveticaNeueW01-55Roma&quot;,&quot;HelveticaNeueW02-55Roma&quot;,&quot;HelveticaNeueW10-55Roma&quot;,sans-serif);"">Volksweise</span></p><p><span style=""background-color: transparent; font-family: var(--wix-font-stack,&quot;HelveticaNeueW01-55Roma&quot;,&quot;HelveticaNeueW02-55Roma&quot;,&quot;HelveticaNeueW10-55Roma&quot;,sans-serif);"">Arr.: Thomas Zsivkovits</span></p>",false,,false,Neverna Milenka,Neverna Milenka,,XLSX_SOT_NORMALIZED,Produktpalette(2).xlsx:XeisWorks,17,EXACT,,false,,,
XW-6211,XW-6211,,XW-6011,ddaf7d2b-c235-5c00-9d7a-519c1fe6f1e9,NOTEN|weinkost,HIGH,false,ENSEMBLE_VARIANT,live,ACTIVE,true,false,XeisWorks,Blasmusik-Edition,Noten,,,,Weinkost,SCORE,physical,,,,,,Böhmische Besetzung,,,,PHYSICAL,Weinkost [Böhmische Besetzung],Weinkost [Böhm.],WEINKOST_BOE,Komp./Arr.: Roman Weninger,SOURCE,WIX,Komp./Arr.: Roman Weninger,,,,,B2B,39.00,10.00,42.90,EUR,XLSX_SOT_GROSS,,,250.0,,,,,,,,,,,,,,,,,,,true,true,product_45fbd4fb-b28b-6f55-450e-00eaf801e8ef,product_45fbd4fb-b28b-6f55-450e-00eaf801e8ef,true,Böhmisch|Blasmusik Gesamt|Böhmische Besetzung|B2B,4f718e_3b92d73bbeac4325ba62baaa6d8c6ed6~mv2.jpg|4f718e_c91ffc6b71034b96bd8efc84b781959e,"<p><span style=""background-color: transparent; font-family: var(--wix-font-stack,&quot;HelveticaNeueW01-55Roma&quot;,&quot;HelveticaNeueW02-55Roma&quot;,&quot;HelveticaNeueW10-55Roma&quot;,sans-serif);"">Komp./Arr.: Roman Weninger</span></p>",false,,false,Weinkost,Weinkost [Böhmische Besetzung],,XLSX_SOT_NORMALIZED,Produktpalette(2).xlsx:XeisWorks,18,EXACT,,false,,,
XW-6212,XW-6212,,XW-6012,f7bfc1a4-2c83-5ee0-bfde-84fde96bf989,NOTEN|bh-polka,HIGH,false,ENSEMBLE_VARIANT,live,ACTIVE,true,false,XeisWorks,Blasmusik-Edition,Noten,,,,BH-Polka,SCORE,physical,,,,,,Böhmische Besetzung,,,,PHYSICAL,BH-Polka [Böhmische Besetzung],BH-Polka [Böhm.],BH_POLKA_BOE,"Komp.: Christian Wieder
Arr.: Michael Klostermann",SOURCE,WIX,Arr.: Michael Klostermann,,,,,B2B,39.00,10.00,42.90,EUR,XLSX_SOT_GROSS,0.00,true,300.0,,,,,,,,,,,,,,,,,,,true,true,product_d28e5b94-c0db-c1a7-9f67-d3b923c6421d,product_d28e5b94-c0db-c1a7-9f67-d3b923c6421d,true,Blasmusik Gesamt|B2B|Musikkapelle|Böhmische Besetzung|Kleine Besetzung,4f718e_5f1220b8db634fb492f845ed18afbc3c~mv2.jpg|4f718e_d18df0ede3844342854605f4a47a9e65~mv2.jpg|4f718e_37c53bd42b7a4608b5fbd0bc90c8a289~mv2.jpg|4f718e_120386aa229f48a9bdb5461a11e04bd7~mv2.jpg|4f718e_5523b06f79f648b0b57497cf0b2f914e~mv2.jpg|4f718e_1dfa508ded2948d2b22b000f52bb7b17~mv2.jpg|4f718e_85520e1dab8b4c5796d21ee476b85526,"<p>Komp.: Christian Wieder</p>

<p>Arr.:&nbsp;Michael Klostermann</p>",true,Krickl,false,BH-Polka,BH Polka [Böhmische Besetzung],BH Polka,XLSX_SOT_NORMALIZED,Produktpalette(2).xlsx:XeisWorks,19,EXACT,,false,,,
XW-6213,XW-6213,,,7f5e5ff0-999f-55a0-9537-63db2b4741de,NOTEN|sidonje polka,HIGH,true,CANONICAL,live,ACTIVE,true,false,,Blasmusik-Edition,Noten,,,,Sidonje Polka,SCORE,physical,,,,,,Böhmische Besetzung,,,,PHYSICAL,Sidonje Polka [Böhmische Besetzung],Sidonje Polka [Böhm.],SIDONJE_POLKA_BOE,"Volksweise
Arr.: Albert Wieder",SOURCE,WIX,Arr.: Albert Wieder,,,,,B2B,39.00,10.00,42.90,EUR,XLSX_SOT_GROSS,0.00,false,300.0,,,,,,,,,,,,,,,,,,,true,true,product_114c0f34-5292-59e8-e52b-64830135147d,product_114c0f34-5292-59e8-e52b-64830135147d,true,Blasmusik Gesamt|B2B|Musikkapelle|Böhmisch|Kleine Besetzung,4f718e_459978f33b384ed59f853de492141335~mv2.jpg|4f718e_4774d4c8036549c09a3f9f95cd8b4560~mv2.jpg|4f718e_1c8ad29ea1164746988a1f133ab69b69~mv2.jpg|4f718e_c92d2a91ce1840f48b41752b34840745,<p>Volksweise</p><p>Arr.: Albert Wieder</p>,true,Cumulus_Physisch,false,Sidonje Polka,Sidonje Polka [Böhmische Besetzung],Sidonje Polka,XLSX_SOT_NORMALIZED,Produktpalette(2).xlsx:XeisWorks,20,EXACT,,false,,,
XW-6214,XW-6214,,XW-6013,1e1f4638-cfae-5719-9e4b-d7c1069570b6,NOTEN|morgenrot,HIGH,false,ENSEMBLE_VARIANT,live,ACTIVE,true,false,XeisWorks,Blasmusik-Edition,Noten,,,,Morgenrot,SCORE,physical,,,,,,Böhmische Besetzung,,,,PHYSICAL,Morgenrot [Böhmische Besetzung],Morgenrot [Böhm.],MORGENROT_BOE,"Volksweise
Arr.: Albert Wieder",SOURCE,WIX,Arr.: Albert Wieder,,,,,B2B,39.00,10.00,42.90,EUR,XLSX_SOT_GROSS,0.00,false,300.0,,,,,,,,,,,,,,,,,,,true,true,product_412b6c06-8f17-0edb-f3e0-ace625eb9fa3,product_412b6c06-8f17-0edb-f3e0-ace625eb9fa3,true,Blasmusik Gesamt|B2B|Musikkapelle|Böhmische Besetzung|Kleine Besetzung,4f718e_60429d4fa51e4716a95ee732ae966821~mv2.jpg,<p>Volksweise<br>Arr.: Albert Wieder</p>,true,Albert,false,Morgenrot,Morgenrot [Böhmische Besetzung],Morgenrot,XLSX_SOT_NORMALIZED,Produktpalette(2).xlsx:XeisWorks,21,EXACT,,false,,,
XW-6215,XW-6215,,,da94b3a1-ff0d-560b-96fb-e877ea6cc947,NOTEN|bier-polka,HIGH,true,CANONICAL,live,ACTIVE,true,false,XeisWorks,Blasmusik-Edition,Noten,,,,Bier-Polka,SCORE,physical,,,,,,Böhmische Besetzung,,,,PHYSICAL,Bier-Polka [Böhmische Besetzung],Bier-Polka [Böhm.],BIER_POLKA_BOE,Komp./Arr.: Albert Wieder,SOURCE,WIX,Komp./Arr.: Albert Wieder,,,,,B2B,39.00,10.00,42.90,EUR,XLSX_SOT_GROSS,,,300.0,,,,,,,,,,,,,,,,,,,true,true,product_eeb80e5c-672f-9b3c-ad91-9535a81c3cd3,product_eeb80e5c-672f-9b3c-ad91-9535a81c3cd3,true,Blasmusik Gesamt|B2B|Musikkapelle|Böhmisch|Kleine Besetzung,4f718e_bd7f98692a6e45cba01061c54bab7d90~mv2.jpg|4f718e_af52622f47e1455ba0fe148adb439c19~mv2.jpg|4f718e_3fd120c4daa24c20be5de86dc2508591~mv2.jpg,<p>Komp./Arr.: Albert Wieder</p>,false,,false,Bier-Polka,Bier-Polka [Böhmische Besetzung],,XLSX_SOT_NORMALIZED,Produktpalette(2).xlsx:XeisWorks,22,EXACT,,false,,,
XW-6216,XW-6216,,XW-6006,2da6ec66-45a2-5999-95bd-6dd4b4f4c03a,NOTEN|lorete walzer,HIGH,false,ENSEMBLE_VARIANT,live,ACTIVE,true,false,XeisWorks,Blasmusik-Edition,Noten,,,,Lorete Walzer,SCORE,physical,,,,,,Böhmische Besetzung,,,,PHYSICAL,Lorete Walzer [Böhmische Besetzung],Lorete Walzer [Böhm.],LORETE_WALZER_BOE,"Volksweise
Arr.: Albert Wieder",SOURCE,WIX,Arr.: Albert Wieder,,,,,B2B,39.00,10.00,42.90,EUR,XLSX_SOT_GROSS,,,300.0,,,,,,,,,,,,,,,,,,,true,true,product_9b807c7f-c2e4-4196-f214-6955d2285bfb,product_9b807c7f-c2e4-4196-f214-6955d2285bfb,true,Blasmusik Gesamt|B2B|Musikkapelle|Böhmisch|Kleine Besetzung,4f718e_9c1d9e14a2af4cfb9114a861c1ac9ec0~mv2.jpg|4f718e_2bda8b391c244118ae17028142fd091c~mv2.jpg|4f718e_50f041a320504523b65408f380cb72b1~mv2.jpg|4f718e_15d05dd05f1b422389eb51c8de4d426d,"<p>Volksweise</p>

<p>Arr.: Albert Wieder</p>",false,,false,Lorete Walzer,Lorete Walzer [Böhmische Besetzung],,XLSX_SOT_NORMALIZED,Produktpalette(2).xlsx:XeisWorks,23,EXACT,,false,,,
XW-6217,XW-6217,,XW-6005,f4cb9772-d2ff-5e70-a8c8-e32a30e68657,NOTEN|veilchen-polka,HIGH,false,ENSEMBLE_VARIANT,live,ACTIVE,true,false,XeisWorks,Blasmusik-Edition,Noten,,,,Veilchen-Polka,SCORE,physical,,,,,,Böhmische Besetzung,,,,PHYSICAL,Veilchen-Polka [Böhmische Besetzung],Veilchen-Polka [Böhm.],VEILCHEN_POLKA_BOE,Komp./Arr.: Albert Wieder,SOURCE,WIX,Komp./Arr.: Albert Wieder,,,,,B2B,39.00,10.00,42.90,EUR,XLSX_SOT_GROSS,,,300.0,,,,,,,,,,,,,,,,,,,true,true,product_ee654c30-b9d9-6a5d-caf8-f62fd893893d,product_ee654c30-b9d9-6a5d-caf8-f62fd893893d,true,Blasmusik Gesamt|B2B|Musikkapelle|Böhmisch|Kleine Besetzung,4f718e_e95006fe98064ec0bb1918d701553745~mv2.jpg|4f718e_3a33809d4b5b428eb3a8c39c0863e0bb~mv2.jpg|4f718e_3276aa0b604143359c2ad5693a0c0a17~mv2.jpg|4f718e_7058cb3098d0471089d99a269aeae2ba,<p>Komp./Arr.: Albert Wieder</p>,false,,false,Veilchen-Polka,Veilchen-Polka [Böhmische Besetzung],,XLSX_SOT_NORMALIZED,Produktpalette(2).xlsx:XeisWorks,24,EXACT,,false,,,
XW-6218,XW-6218,,XW-6004,3b1e1931-c937-5eba-9269-f7529895f5e7,NOTEN|himmelsthron,HIGH,false,ENSEMBLE_VARIANT,live,ACTIVE,true,false,,Blasmusik-Edition,Noten,,,,Himmelsthron,SCORE,physical,,,,,,Böhmische Besetzung,,,,PHYSICAL,Himmelsthron [Böhmische Besetzung],Himmelsthron [Böhm.],HIMMELSTHRON_BOE,Komp./Arr.: Albert Wieder,SOURCE,WIX,Komp./Arr.: Albert Wieder,,,,,B2B,39.00,10.00,42.90,EUR,XLSX_SOT_GROSS,,,300.0,,,,,,,,,,,,,,,,,,,true,true,product_95251897-4a24-11e4-9560-7ba67ae937f7,product_95251897-4a24-11e4-9560-7ba67ae937f7,true,Blasmusik Gesamt|B2B|Musikkapelle|Böhmisch|Kleine Besetzung,4f718e_a99b7e4c88174d12998924d1b5dc8c0d~mv2.jpg|4f718e_32adceacd7944d0bb8e1678db02546ba~mv2.jpg|4f718e_aa95bb14faee4475b6ef6efc3a7f7a87~mv2.jpg|4f718e_7d7dd3b0086c40be8d5a95c81692c910,<p>Komp./Arr.: Albert Wieder</p>,false,,false,Himmelsthron,Himmelsthron [Böhmische Besetzung],,XLSX_SOT_NORMALIZED,Produktpalette(2).xlsx:XeisWorks,25,EXACT,,false,,,
XW-6219,XW-6219,,XW-6003,96eba746-0a2e-5cc8-ba67-812511b5e4c2,NOTEN|glück auf,HIGH,false,ENSEMBLE_VARIANT,live,ACTIVE,true,false,XeisWorks,Blasmusik-Edition,Noten,,,,Glück auf,SCORE,physical,,,,,,Böhmische Besetzung,,,,PHYSICAL,Glück auf [Böhmische Besetzung],Glück auf [Böhm.],GLUECK_AUF_BOE,"Volksweise
Arr.: Albert Wieder",SOURCE,WIX,Arr.: Albert Wieder,,,,,B2B,39.00,10.00,42.90,EUR,XLSX_SOT_GROSS,,,300.0,,,,,,,,,,,,,,,,,,,true,true,product_49eb7f42-d496-d566-05e2-c014c80c083d,product_49eb7f42-d496-d566-05e2-c014c80c083d,true,Blasmusik Gesamt|B2B|Musikkapelle|Böhmisch|Kleine Besetzung,4f718e_b8b014b6e0894e3da1aec4e96264324c~mv2.jpg|4f718e_76f340c1b1dc4d9ebfb7678b92aae87c~mv2.jpg|4f718e_902c3713401946028a744e13674ec747~mv2.jpg|4f718e_558d35e19c4f43a9b1d82bcf6c150a87,<p>Volksweise</p><p>Arr.: Albert Wieder</p>,false,,false,Glück auf,Glück auf [Böhmische Besetzung],,XLSX_SOT_NORMALIZED,Produktpalette(2).xlsx:XeisWorks,26,EXACT,,false,,,
XW-6220,XW-6220,,XW-6001,d1fa9964-437a-56ce-a355-bfda45a1a3a9,NOTEN|die waldhütte,HIGH,false,ENSEMBLE_VARIANT,live,ACTIVE,true,false,XeisWorks,Blasmusik-Edition,Noten,,,,Die Waldhütte,SCORE,physical,,,,,,Böhmische Besetzung,,,,PHYSICAL,Die Waldhütte [Böhmische Besetzung],Die Waldhütte [Böhm.],DIE_WALDHUETTE_BOE,Komp./Arr.: Albert Wieder,SOURCE,WIX,Komp./Arr.: Albert Wieder,,,,,B2B,39.00,10.00,42.90,EUR,XLSX_SOT_GROSS,,,300.0,,,,,,,,,,,,,,,,,,,true,true,product_1e927279-20e4-0561-3f17-183e867a3ad4,product_1e927279-20e4-0561-3f17-183e867a3ad4,true,Blasmusik Gesamt|B2B|Musikkapelle|Böhmisch|Kleine Besetzung,4f718e_88194795e17c464c9a7f8a9963911ca4~mv2.jpg|4f718e_784f2e0d3bb741d79f51eaf8dc070936~mv2.jpg|4f718e_fd1498419053413c85c620deda287f00~mv2.jpg|4f718e_7700d956c1b4482b8290921def905786,<p>Komp./Arr.: Albert Wieder</p>,false,,false,Die Waldhütte,Die Waldhütte [Böhmische Besetzung],,XLSX_SOT_NORMALIZED,Produktpalette(2).xlsx:XeisWorks,27,EXACT,,false,,,
XW-6221,XW-6221,,XW-4516,ccb5a456-263f-5dcc-b047-8ecf65844061,NOTEN|mnoschil,HIGH,false,ENSEMBLE_VARIANT,live,ACTIVE,true,false,Blasmusik Supergroup,Blasmusik-Edition,Noten,,,,Mnoschil,SCORE,physical,,,,,,Böhmische Besetzung,,,,PHYSICAL,Mnoschil [Böhmische Besetzung],Mnoschil [Böhm.],MNOSCHIL_BOE,"Entdecken Sie eine Bravourpolka vom österreichischen Trompeter und Komponisten Thomas Gansch mit dem Titel ""Mnoschil"". In der ""Supergroup""-Besetzung präsentiert sich dieses Stück effektvoll, kraftvoll und fesselnd. Die perfekte Kombination aus virtuosen musikalischen Fähigkeiten und mitreißender Performance machen diese Polka zu einem absoluten Highlight. Mit ""Mnoschil"" erleben Sie ein unvergessliches Musikerlebnis, das Fans der Blasmusik begeistern wird. Sichern Sie sich noch heute dieses musikalische Meisterwerk und lassen Sie sich von der Ausdruckskraft von Thomas Gansch begeistern.",SOURCE,WIX,"Entdecken Sie eine Bravourpolka vom österreichischen Trompeter und Komponisten Thomas Gansch mit dem Titel ""Mnoschil"". In der ""Supergroup""-Besetzung präsentiert sich dieses Stück effektvoll, kraftvoll und fesselnd. Die perfekte Kombination aus virtuosen musikalischen Fähigkeiten und mitreißender Performance machen diese Polka zu einem absoluten Highlight. Mit ""Mnoschil"" erleben Sie ein unvergessliches Musikerlebnis, das Fans der Blasmusik begeistern wird. Sichern Sie sich noch heute dieses musikalische Meisterwerk und lassen Sie sich von der Ausdruckskraft von Thomas Gansch begeistern.",,,,,B2B,39.00,10.00,42.90,EUR,XLSX_SOT_GROSS,0.00,false,350.0,,,,,,,,,,,,,,,,,,,true,true,product_a0b38165-64e9-fd92-5204-3f7f44e9992c,product_a0b38165-64e9-fd92-5204-3f7f44e9992c,true,Blasmusik Gesamt|B2B|Musikkapelle|Blasmusik Supergroup|Böhmische Besetzung|Kleine Besetzung|Brass_5stimmig,4f718e_546abca9b7094058a0220077a31f97b6~mv2.jpg|4f718e_80bccde17cc748a3a545f6a328ad4b0b~mv2.jpg|4f718e_1201217b3ca045b0a652c1ed277cb7b5~mv2.jpg|4f718e_628c6e6a3f91485f89fcbb25564a7166~mv2.jpg|4f718e_fce29bcb29684d7983643fa38572a8cd~mv2.jpg|4f718e_e019263ae87b414a957532cc33344e93,"<p>Entdecken Sie eine Bravourpolka vom österreichischen Trompeter und Komponisten Thomas Gansch mit dem Titel ""Mnoschil"". In der ""Supergroup""-Besetzung präsentiert sich dieses Stück effektvoll, kraftvoll und fesselnd. Die perfekte Kombination aus virtuosen musikalischen Fähigkeiten und mitreißender Performance machen diese Polka zu einem absoluten Highlight. Mit ""Mnoschil"" erleben Sie ein unvergessliches Musikerlebnis, das Fans der Blasmusik begeistern wird. Sichern Sie sich noch heute dieses musikalische Meisterwerk und lassen Sie sich von der Ausdruckskraft von&nbsp;Thomas Gansch begeistern.</p>",true,Vienna Arts Management,false,Mnoschil,Mnoschil [Böhmische Besetzung],Mnoschil,XLSX_SOT_NORMALIZED,Produktpalette(2).xlsx:XeisWorks,28,EXACT,,false,,,
XW-6400,XW-6400,,,bd0a4569-fb8e-5999-8eac-1bf4d1271ebb,NOTEN|div. noten supergroup,HIGH,true,CANONICAL,live,ACTIVE,true,false,,Blasmusik-Edition,Noten,,,,Div. Noten Supergroup,SCORE,physical,,,,,,Blasmusik Supergroup,,,,PHYSICAL,Div. Noten Supergroup [Blasmusik Supergroup],Div. Noten Supergroup [BSG],DIV_NOTEN_SUPERGROUP_BSG,Div. Noten Supergroup [Blasmusik Supergroup] ist eine Notenausgabe im XeisWorks-Produktkatalog.,AUTO_DRAFT,GENERATED,Besetzung: Blasmusik Supergroup,Format: PHYSICAL,Kategorie: Noten,,,,,10.00,,EUR,,,,,,,,,,,,,,,,,,,,,,,false,true,,,,,,,false,,false,Div. Noten Supergroup,,,XLSX_SOT_NORMALIZED,Produktpalette(2).xlsx:XeisWorks,7,EXACT,,false,,,
XW-6401,XW-6401,,XW-4516,ccb5a456-263f-5dcc-b047-8ecf65844061,NOTEN|mnoschil,HIGH,false,ALTERNATE_SKU,live,ACTIVE,true,false,Blasmusik Supergroup,Blasmusik-Edition,Noten,,,,Mnoschil,SCORE,physical,,,,,,Blasmusik Supergroup,,,,PHYSICAL,Mnoschil [Blasmusik Supergroup],Mnoschil [BSG],MNOSCHIL_BSG,"Entdecken Sie eine Bravourpolka vom österreichischen Trompeter und Komponisten Thomas Gansch mit dem Titel ""Mnoschil"". In der ""Supergroup""-Besetzung präsentiert sich dieses Stück effektvoll, kraftvoll und fesselnd. Die perfekte Kombination aus virtuosen musikalischen Fähigkeiten und mitreißender Performance machen diese Polka zu einem absoluten Highlight. Mit ""Mnoschil"" erleben Sie ein unvergessliches Musikerlebnis, das Fans der Blasmusik begeistern wird. Sichern Sie sich noch heute dieses musikalische Meisterwerk und lassen Sie sich von der Ausdruckskraft von Thomas Gansch begeistern.",SOURCE,WIX,"Entdecken Sie eine Bravourpolka vom österreichischen Trompeter und Komponisten Thomas Gansch mit dem Titel ""Mnoschil"". In der ""Supergroup""-Besetzung präsentiert sich dieses Stück effektvoll, kraftvoll und fesselnd. Die perfekte Kombination aus virtuosen musikalischen Fähigkeiten und mitreißender Performance machen diese Polka zu einem absoluten Highlight. Mit ""Mnoschil"" erleben Sie ein unvergessliches Musikerlebnis, das Fans der Blasmusik begeistern wird. Sichern Sie sich noch heute dieses musikalische Meisterwerk und lassen Sie sich von der Ausdruckskraft von Thomas Gansch begeistern.",,,,,B2B,59.00,10.00,64.90,EUR,XLSX_SOT_GROSS,5.00,true,350.0,,,,,,,,,,,,,,,,,,,true,true,product_a0b38165-64e9-fd92-5204-3f7f44e9992c,product_a0b38165-64e9-fd92-5204-3f7f44e9992c,true,Blasmusik Gesamt|B2B|Musikkapelle|Blasmusik Supergroup|Böhmische Besetzung|Kleine Besetzung|Brass_5stimmig,4f718e_546abca9b7094058a0220077a31f97b6~mv2.jpg|4f718e_80bccde17cc748a3a545f6a328ad4b0b~mv2.jpg|4f718e_1201217b3ca045b0a652c1ed277cb7b5~mv2.jpg|4f718e_628c6e6a3f91485f89fcbb25564a7166~mv2.jpg|4f718e_fce29bcb29684d7983643fa38572a8cd~mv2.jpg|4f718e_e019263ae87b414a957532cc33344e93,"<p>Entdecken Sie eine Bravourpolka vom österreichischen Trompeter und Komponisten Thomas Gansch mit dem Titel ""Mnoschil"". In der ""Supergroup""-Besetzung präsentiert sich dieses Stück effektvoll, kraftvoll und fesselnd. Die perfekte Kombination aus virtuosen musikalischen Fähigkeiten und mitreißender Performance machen diese Polka zu einem absoluten Highlight. Mit ""Mnoschil"" erleben Sie ein unvergessliches Musikerlebnis, das Fans der Blasmusik begeistern wird. Sichern Sie sich noch heute dieses musikalische Meisterwerk und lassen Sie sich von der Ausdruckskraft von&nbsp;Thomas Gansch begeistern.</p>",true,Vienna Arts Management,false,Mnoschil,Mnoschil [Blasmusik Supergroup],Mnoschil,XLSX_SOT_NORMALIZED,Produktpalette(2).xlsx:XeisWorks,8,EXACT,,false,,,
XW-6402,XW-6402,,,915a70e5-502e-560e-a32d-dec9ece91285,NOTEN|astronaut,HIGH,true,CANONICAL,live,ACTIVE,true,false,Blasmusik Supergroup,Blasmusik-Edition,Noten,,,,Astronaut,SCORE,physical,,,,,,Blasmusik Supergroup,,,,PHYSICAL,Astronaut [Blasmusik Supergroup],Astronaut [BSG],ASTRONAUT_BSG,"Komp.: Jindřich Praveček
Arr.: Albert Wieder",SOURCE,WIX,Arr.: Albert Wieder,,,,,B2B,59.00,10.00,64.90,EUR,XLSX_SOT_GROSS,,,350.0,,,,,,,,,,,,,,,,,,,true,true,product_d1bfabca-6ac6-178f-e5b5-d7fc8061206c,product_d1bfabca-6ac6-178f-e5b5-d7fc8061206c,true,B2B|Blasmusik Supergroup|Blasmusik Gesamt,4f718e_291fe9bfca5b47168a195316e3648736~mv2.jpg|4f718e_b68180b2857545c4800c2608a8e63fa5,<p>Komp.: Jindřich Praveček</p><p>Arr.:&nbsp;Albert Wieder</p>,false,,false,Astronaut,Astronaut,,XLSX_SOT_NORMALIZED,Produktpalette(2).xlsx:XeisWorks,9,EXACT,,false,,,
XW-6403,XW-6403,,,68694fca-eb69-5ca6-aa83-b2efe5ee394d,NOTEN|přátelům,HIGH,true,CANONICAL,live,ACTIVE,true,false,XeisWorks,Blasmusik-Edition,Noten,,,,Přátelům,SCORE,physical,,,,,,Blasmusik Supergroup,,,,PHYSICAL,Přátelům [Blasmusik Supergroup],Přátelům [BSG],P_TEL_M_BSG,"Komp.: Jaroslav Zeman
Arr.: Albert Wieder",SOURCE,WIX,Arr.: Albert Wieder,,,,,B2B,59.00,10.00,64.90,EUR,XLSX_SOT_GROSS,,,350.0,,,,,,,,,,,,,,,,,,,true,true,product_48076bee-ffba-cece-968d-60c014dba58e,product_48076bee-ffba-cece-968d-60c014dba58e,false,B2B|Blasmusik Supergroup|Blasmusik Gesamt,4f718e_e5664956dcc44febb96a8a8aa2cfee08~mv2.jpg,<p>Komp.: Jaroslav Zeman</p><p>Arr.:&nbsp;Albert Wieder</p>,false,,false,Přátelům,Přátelům,,XLSX_SOT_NORMALIZED,Produktpalette(2).xlsx:XeisWorks,10,EXACT,,false,,,
XW-6404,XW-6404,,,1f6aebdb-4ef9-55b9-acab-abe9ca675a2b,NOTEN|řeka mississippi,HIGH,true,CANONICAL,live,ACTIVE,true,false,XeisWorks,Blasmusik-Edition,Noten,,,,Řeka Mississippi,SCORE,physical,,,,,,Blasmusik Supergroup,,,,PHYSICAL,Řeka Mississippi [Blasmusik Supergroup],Řeka Mississippi [BSG],EKA_MISSISSIPPI_BSG,"Komp.: Julius Fučík
Arr.: Thomas Gansch",SOURCE,WIX,Arr.: Thomas Gansch,,,,,B2B,59.00,10.00,64.90,EUR,XLSX_SOT_GROSS,,,350.0,,,,,,,,,,,,,,,,,,,true,true,product_9d3869e6-050e-b486-d393-aa3ff84a71d1,product_9d3869e6-050e-b486-d393-aa3ff84a71d1,true,B2B|Blasmusik Supergroup|Blasmusik Gesamt,4f718e_75e8e734e64b4e2fafa1d260dec789ca~mv2.jpg,<p>Komp.: Julius Fučík</p><p>Arr.:&nbsp;Thomas Gansch</p>,false,,false,Řeka Mississippi,Reka Mississippi,,XLSX_SOT_NORMALIZED,Produktpalette(2).xlsx:XeisWorks,11,EXACT,,false,,,
XW-6405,XW-6405,,,ca31c53f-c701-5074-8e25-cef2a75f4cc8,RESERVED|XW-6405,LOW,true,CANONICAL,draft,RESERVED,false,false,,Blasmusik-Edition,Reserviert,,,,,RESERVED,physical,,,,,,Blasmusik Supergroup,,,,PHYSICAL,Reserviert - XW-6405,Reserviert XW-6405,XW-6405,Reserviert - XW-6405 ist eine reservierte Artikelnummer im XW Product Hub.,AUTO_DRAFT,GENERATED,Besetzung: Blasmusik Supergroup,Format: PHYSICAL,,,,,,10.00,,EUR,,,,,,,,,,,,,,,,,,,,,,,false,false,,,,,,,false,,false,,,,XLSX_SOT_RESERVED,Produktpalette(2).xlsx:XeisWorks,12,RESERVED,,false,,,
XW-6406,XW-6406,,,c0804215-7685-5b0e-a7b2-5612cf5ca33a,RESERVED|XW-6406,LOW,true,CANONICAL,draft,RESERVED,false,false,,Blasmusik-Edition,Reserviert,,,,,RESERVED,physical,,,,,,Blasmusik Supergroup,,,,PHYSICAL,Reserviert - XW-6406,Reserviert XW-6406,XW-6406,Reserviert - XW-6406 ist eine reservierte Artikelnummer im XW Product Hub.,AUTO_DRAFT,GENERATED,Besetzung: Blasmusik Supergroup,Format: PHYSICAL,,,,,,10.00,,EUR,,,,,,,,,,,,,,,,,,,,,,,false,false,,,,,,,false,,false,,,,XLSX_SOT_RESERVED,Produktpalette(2).xlsx:XeisWorks,13,RESERVED,,false,,,
XW-6407,XW-6407,,,0be0594f-18c6-540d-953c-57e242d7218a,RESERVED|XW-6407,LOW,true,CANONICAL,draft,RESERVED,false,false,,Blasmusik-Edition,Reserviert,,,,,RESERVED,physical,,,,,,Blasmusik Supergroup,,,,PHYSICAL,Reserviert - XW-6407,Reserviert XW-6407,XW-6407,Reserviert - XW-6407 ist eine reservierte Artikelnummer im XW Product Hub.,AUTO_DRAFT,GENERATED,Besetzung: Blasmusik Supergroup,Format: PHYSICAL,,,,,,10.00,,EUR,,,,,,,,,,,,,,,,,,,,,,,false,false,,,,,,,false,,false,,,,XLSX_SOT_RESERVED,Produktpalette(2).xlsx:XeisWorks,14,RESERVED,,false,,,
XW-6408,XW-6408,,,f9500e03-1ccd-5769-ba72-5342443b8e7d,RESERVED|XW-6408,LOW,true,CANONICAL,draft,RESERVED,false,false,,Blasmusik-Edition,Reserviert,,,,,RESERVED,physical,,,,,,Blasmusik Supergroup,,,,PHYSICAL,Reserviert - XW-6408,Reserviert XW-6408,XW-6408,Reserviert - XW-6408 ist eine reservierte Artikelnummer im XW Product Hub.,AUTO_DRAFT,GENERATED,Besetzung: Blasmusik Supergroup,Format: PHYSICAL,,,,,,10.00,,EUR,,,,,,,,,,,,,,,,,,,,,,,false,false,,,,,,,false,,false,,,,XLSX_SOT_RESERVED,Produktpalette(2).xlsx:XeisWorks,15,RESERVED,,false,,,
XW-6409,XW-6409,,,866a3386-8fb2-5a44-b57d-7399b2a1000e,RESERVED|XW-6409,LOW,true,CANONICAL,draft,RESERVED,false,false,,Blasmusik-Edition,Reserviert,,,,,RESERVED,physical,,,,,,Blasmusik Supergroup,,,,PHYSICAL,Reserviert - XW-6409,Reserviert XW-6409,XW-6409,Reserviert - XW-6409 ist eine reservierte Artikelnummer im XW Product Hub.,AUTO_DRAFT,GENERATED,Besetzung: Blasmusik Supergroup,Format: PHYSICAL,,,,,,10.00,,EUR,,,,,,,,,,,,,,,,,,,,,,,false,false,,,,,,,false,,false,,,,XLSX_SOT_RESERVED,Produktpalette(2).xlsx:XeisWorks,16,RESERVED,,false,,,
XW-6410,XW-6410,,,c5476772-eb9d-562d-8337-ebc66d0e35bb,RESERVED|XW-6410,LOW,true,CANONICAL,draft,RESERVED,false,false,,Blasmusik-Edition,Reserviert,,,,,RESERVED,physical,,,,,,Blasmusik Supergroup,,,,PHYSICAL,Reserviert - XW-6410,Reserviert XW-6410,XW-6410,Reserviert - XW-6410 ist eine reservierte Artikelnummer im XW Product Hub.,AUTO_DRAFT,GENERATED,Besetzung: Blasmusik Supergroup,Format: PHYSICAL,,,,,,10.00,,EUR,,,,,,,,,,,,,,,,,,,,,,,false,false,,,,,,,false,,false,,,,XLSX_SOT_RESERVED,Produktpalette(2).xlsx:XeisWorks,17,RESERVED,,false,,,
XW-6411,XW-6411,,,d919f69f-143c-5fa3-aca4-8dd1161788da,RESERVED|XW-6411,LOW,true,CANONICAL,draft,RESERVED,false,false,,Blasmusik-Edition,Reserviert,,,,,RESERVED,physical,,,,,,Blasmusik Supergroup,,,,PHYSICAL,Reserviert - XW-6411,Reserviert XW-6411,XW-6411,Reserviert - XW-6411 ist eine reservierte Artikelnummer im XW Product Hub.,AUTO_DRAFT,GENERATED,Besetzung: Blasmusik Supergroup,Format: PHYSICAL,,,,,,10.00,,EUR,,,,,,,,,,,,,,,,,,,,,,,false,false,,,,,,,false,,false,,,,XLSX_SOT_RESERVED,Produktpalette(2).xlsx:XeisWorks,18,RESERVED,,false,,,
XW-6412,XW-6412,,,b21697db-0b89-593c-b5d4-f2c5108492a4,RESERVED|XW-6412,LOW,true,CANONICAL,draft,RESERVED,false,false,,Blasmusik-Edition,Reserviert,,,,,RESERVED,physical,,,,,,Blasmusik Supergroup,,,,PHYSICAL,Reserviert - XW-6412,Reserviert XW-6412,XW-6412,Reserviert - XW-6412 ist eine reservierte Artikelnummer im XW Product Hub.,AUTO_DRAFT,GENERATED,Besetzung: Blasmusik Supergroup,Format: PHYSICAL,,,,,,10.00,,EUR,,,,,,,,,,,,,,,,,,,,,,,false,false,,,,,,,false,,false,,,,XLSX_SOT_RESERVED,Produktpalette(2).xlsx:XeisWorks,19,RESERVED,,false,,,
XW-6413,XW-6413,,,44984a0b-b17f-5e63-836a-2c787f20c37c,RESERVED|XW-6413,LOW,true,CANONICAL,draft,RESERVED,false,false,,Blasmusik-Edition,Reserviert,,,,,RESERVED,physical,,,,,,Blasmusik Supergroup,,,,PHYSICAL,Reserviert - XW-6413,Reserviert XW-6413,XW-6413,Reserviert - XW-6413 ist eine reservierte Artikelnummer im XW Product Hub.,AUTO_DRAFT,GENERATED,Besetzung: Blasmusik Supergroup,Format: PHYSICAL,,,,,,10.00,,EUR,,,,,,,,,,,,,,,,,,,,,,,false,false,,,,,,,false,,false,,,,XLSX_SOT_RESERVED,Produktpalette(2).xlsx:XeisWorks,20,RESERVED,,false,,,
XW-6414,XW-6414,,,f76eb02d-a98a-5662-9db5-5e15f6704896,RESERVED|XW-6414,LOW,true,CANONICAL,draft,RESERVED,false,false,,Blasmusik-Edition,Reserviert,,,,,RESERVED,physical,,,,,,Blasmusik Supergroup,,,,PHYSICAL,Reserviert - XW-6414,Reserviert XW-6414,XW-6414,Reserviert - XW-6414 ist eine reservierte Artikelnummer im XW Product Hub.,AUTO_DRAFT,GENERATED,Besetzung: Blasmusik Supergroup,Format: PHYSICAL,,,,,,10.00,,EUR,,,,,,,,,,,,,,,,,,,,,,,false,false,,,,,,,false,,false,,,,XLSX_SOT_RESERVED,Produktpalette(2).xlsx:XeisWorks,21,RESERVED,,false,,,
XW-6415,XW-6415,,,b7d74ca3-6a2c-5ea4-98ac-ddfd0fb3ccf1,RESERVED|XW-6415,LOW,true,CANONICAL,draft,RESERVED,false,false,,Blasmusik-Edition,Reserviert,,,,,RESERVED,physical,,,,,,Blasmusik Supergroup,,,,PHYSICAL,Reserviert - XW-6415,Reserviert XW-6415,XW-6415,Reserviert - XW-6415 ist eine reservierte Artikelnummer im XW Product Hub.,AUTO_DRAFT,GENERATED,Besetzung: Blasmusik Supergroup,Format: PHYSICAL,,,,,,10.00,,EUR,,,,,,,,,,,,,,,,,,,,,,,false,false,,,,,,,false,,false,,,,XLSX_SOT_RESERVED,Produktpalette(2).xlsx:XeisWorks,22,RESERVED,,false,,,
XW-6416,XW-6416,,,452f5388-661b-54fc-8aac-9982bcab8ae0,RESERVED|XW-6416,LOW,true,CANONICAL,draft,RESERVED,false,false,,Blasmusik-Edition,Reserviert,,,,,RESERVED,physical,,,,,,Blasmusik Supergroup,,,,PHYSICAL,Reserviert - XW-6416,Reserviert XW-6416,XW-6416,Reserviert - XW-6416 ist eine reservierte Artikelnummer im XW Product Hub.,AUTO_DRAFT,GENERATED,Besetzung: Blasmusik Supergroup,Format: PHYSICAL,,,,,,10.00,,EUR,,,,,,,,,,,,,,,,,,,,,,,false,false,,,,,,,false,,false,,,,XLSX_SOT_RESERVED,Produktpalette(2).xlsx:XeisWorks,23,RESERVED,,false,,,
XW-6417,XW-6417,,,7a485a2d-8439-5028-b746-ca31a67168c8,RESERVED|XW-6417,LOW,true,CANONICAL,draft,RESERVED,false,false,,Blasmusik-Edition,Reserviert,,,,,RESERVED,physical,,,,,,Blasmusik Supergroup,,,,PHYSICAL,Reserviert - XW-6417,Reserviert XW-6417,XW-6417,Reserviert - XW-6417 ist eine reservierte Artikelnummer im XW Product Hub.,AUTO_DRAFT,GENERATED,Besetzung: Blasmusik Supergroup,Format: PHYSICAL,,,,,,10.00,,EUR,,,,,,,,,,,,,,,,,,,,,,,false,false,,,,,,,false,,false,,,,XLSX_SOT_RESERVED,Produktpalette(2).xlsx:XeisWorks,24,RESERVED,,false,,,
XW-6418,XW-6418,,,987e7540-57c1-5e80-8ec5-41ec405ca11a,RESERVED|XW-6418,LOW,true,CANONICAL,draft,RESERVED,false,false,,Blasmusik-Edition,Reserviert,,,,,RESERVED,physical,,,,,,Blasmusik Supergroup,,,,PHYSICAL,Reserviert - XW-6418,Reserviert XW-6418,XW-6418,Reserviert - XW-6418 ist eine reservierte Artikelnummer im XW Product Hub.,AUTO_DRAFT,GENERATED,Besetzung: Blasmusik Supergroup,Format: PHYSICAL,,,,,,10.00,,EUR,,,,,,,,,,,,,,,,,,,,,,,false,false,,,,,,,false,,false,,,,XLSX_SOT_RESERVED,Produktpalette(2).xlsx:XeisWorks,25,RESERVED,,false,,,
XW-6419,XW-6419,,,e8082393-28e4-5746-93d0-a9a6a2e93a8d,RESERVED|XW-6419,LOW,true,CANONICAL,draft,RESERVED,false,false,,Blasmusik-Edition,Reserviert,,,,,RESERVED,physical,,,,,,Blasmusik Supergroup,,,,PHYSICAL,Reserviert - XW-6419,Reserviert XW-6419,XW-6419,Reserviert - XW-6419 ist eine reservierte Artikelnummer im XW Product Hub.,AUTO_DRAFT,GENERATED,Besetzung: Blasmusik Supergroup,Format: PHYSICAL,,,,,,10.00,,EUR,,,,,,,,,,,,,,,,,,,,,,,false,false,,,,,,,false,,false,,,,XLSX_SOT_RESERVED,Produktpalette(2).xlsx:XeisWorks,26,RESERVED,,false,,,
XW-6420,XW-6420,,,73547634-48a6-5682-925b-058a7f484ddc,RESERVED|XW-6420,LOW,true,CANONICAL,draft,RESERVED,false,false,,Blasmusik-Edition,Reserviert,,,,,RESERVED,physical,,,,,,Blasmusik Supergroup,,,,PHYSICAL,Reserviert - XW-6420,Reserviert XW-6420,XW-6420,Reserviert - XW-6420 ist eine reservierte Artikelnummer im XW Product Hub.,AUTO_DRAFT,GENERATED,Besetzung: Blasmusik Supergroup,Format: PHYSICAL,,,,,,10.00,,EUR,,,,,,,,,,,,,,,,,,,,,,,false,false,,,,,,,false,,false,,,,XLSX_SOT_RESERVED,Produktpalette(2).xlsx:XeisWorks,27,RESERVED,,false,,,
XW-6421,XW-6421,,,8ec06be7-b519-58d8-80db-1ed0b62b9301,RESERVED|XW-6421,LOW,true,CANONICAL,draft,RESERVED,false,false,,Blasmusik-Edition,Reserviert,,,,,RESERVED,physical,,,,,,Blasmusik Supergroup,,,,PHYSICAL,Reserviert - XW-6421,Reserviert XW-6421,XW-6421,Reserviert - XW-6421 ist eine reservierte Artikelnummer im XW Product Hub.,AUTO_DRAFT,GENERATED,Besetzung: Blasmusik Supergroup,Format: PHYSICAL,,,,,,10.00,,EUR,,,,,,,,,,,,,,,,,,,,,,,false,false,,,,,,,false,,false,,,,XLSX_SOT_RESERVED,Produktpalette(2).xlsx:XeisWorks,28,RESERVED,,false,,,
XW-6600,XW-6600,,,d350dd40-34bb-56ea-990b-f928695ff2b3,NOTEN|div. noten musikkapelle,HIGH,true,CANONICAL,live,ACTIVE,true,false,,Blasmusik-Edition,Noten,,,,Div. Noten Musikkapelle,SCORE,physical,,,,,,Musikkapelle,,,,PHYSICAL,Div. Noten Musikkapelle [Musikkapelle],Div. Noten Musikkapelle [MK],DIV_NOTEN_MUSIKKAPELLE_MK,Div. Noten Musikkapelle [Musikkapelle] ist eine Notenausgabe im XeisWorks-Produktkatalog.,AUTO_DRAFT,GENERATED,Besetzung: Musikkapelle,Format: PHYSICAL,Kategorie: Noten,,,,,10.00,,EUR,,,,,,,,,,,,,,,,,,,,,,,false,true,,,,,,,false,,false,Div. Noten Musikkapelle,,,XLSX_SOT_NORMALIZED,Produktpalette(2).xlsx:XeisWorks,7,EXACT,,false,,,
XW-6601,XW-6601,,XW-4015,d717b559-93ab-53f8-9810-05d7bd5b0d53,NOTEN|bh polka,HIGH,false,ENSEMBLE_VARIANT,live,ACTIVE,true,false,XeisWorks,Blasmusik-Edition,Noten,,,,BH Polka,SCORE,physical,,,,,,Musikkapelle,,,,PHYSICAL,BH Polka [Musikkapelle],BH Polka [MK],BH_POLKA_MK,"Komp.: Christian Wieder
Arr.: Michael Klostermann",SOURCE,WIX,Arr.: Michael Klostermann,,,,,B2B,59.00,10.00,64.90,EUR,XLSX_SOT_GROSS,0.00,true,350.0,,,,,,,,,,,,,,,,,,,true,true,product_d28e5b94-c0db-c1a7-9f67-d3b923c6421d,product_d28e5b94-c0db-c1a7-9f67-d3b923c6421d,true,Blasmusik Gesamt|B2B|Musikkapelle|Böhmische Besetzung|Kleine Besetzung,4f718e_5f1220b8db634fb492f845ed18afbc3c~mv2.jpg|4f718e_d18df0ede3844342854605f4a47a9e65~mv2.jpg|4f718e_37c53bd42b7a4608b5fbd0bc90c8a289~mv2.jpg|4f718e_120386aa229f48a9bdb5461a11e04bd7~mv2.jpg|4f718e_5523b06f79f648b0b57497cf0b2f914e~mv2.jpg|4f718e_1dfa508ded2948d2b22b000f52bb7b17~mv2.jpg|4f718e_85520e1dab8b4c5796d21ee476b85526,"<p>Komp.: Christian Wieder</p>

<p>Arr.:&nbsp;Michael Klostermann</p>",true,Krickl,false,BH Polka,BH Polka [Musikkapelle],BH Polka,XLSX_SOT_NORMALIZED,Produktpalette(2).xlsx:XeisWorks,8,EXACT,,false,,,
XW-6602,XW-6602,,XW-6007,a264d446-d941-57f1-8b24-ded649d9ee3b,NOTEN|sidonje-polka,HIGH,false,ENSEMBLE_VARIANT,live,ACTIVE,true,false,,Blasmusik-Edition,Noten,,,,Sidonje-Polka,SCORE,physical,,,,,,Musikkapelle,,,,PHYSICAL,Sidonje-Polka [Musikkapelle],Sidonje-Polka [MK],SIDONJE_POLKA_MK,"Volksweise
Arr.: Albert Wieder",SOURCE,WIX,Arr.: Albert Wieder,,,,,B2B,49.00,10.00,53.90,EUR,XLSX_SOT_GROSS,,,350.0,,,,,,,,,,,,,,,,,,,true,true,product_114c0f34-5292-59e8-e52b-64830135147d,product_114c0f34-5292-59e8-e52b-64830135147d,true,Blasmusik Gesamt|B2B|Musikkapelle|Böhmisch|Kleine Besetzung,4f718e_459978f33b384ed59f853de492141335~mv2.jpg|4f718e_4774d4c8036549c09a3f9f95cd8b4560~mv2.jpg|4f718e_1c8ad29ea1164746988a1f133ab69b69~mv2.jpg|4f718e_c92d2a91ce1840f48b41752b34840745,<p>Volksweise</p><p>Arr.: Albert Wieder</p>,false,,false,Sidonje-Polka,Sidonje Polka [Musikkapelle],,XLSX_SOT_NORMALIZED,Produktpalette(2).xlsx:XeisWorks,9,EXACT,,false,,,
XW-6603,XW-6603,,XW-6001,d1fa9964-437a-56ce-a355-bfda45a1a3a9,NOTEN|die waldhütte,HIGH,false,ENSEMBLE_VARIANT,live,ACTIVE,true,false,XeisWorks,Blasmusik-Edition,Noten,,,,Die Waldhütte,SCORE,physical,,,,,,Musikkapelle,,,,PHYSICAL,Die Waldhütte [Musikkapelle],Die Waldhütte [MK],DIE_WALDHUETTE_MK,Komp./Arr.: Albert Wieder,SOURCE,WIX,Komp./Arr.: Albert Wieder,,,,,B2B,49.00,10.00,53.90,EUR,XLSX_SOT_GROSS,0.00,true,350.0,,,,,,,,,,,,,,,,,,,true,true,product_1e927279-20e4-0561-3f17-183e867a3ad4,product_1e927279-20e4-0561-3f17-183e867a3ad4,true,Blasmusik Gesamt|B2B|Musikkapelle|Böhmisch|Kleine Besetzung,4f718e_88194795e17c464c9a7f8a9963911ca4~mv2.jpg|4f718e_784f2e0d3bb741d79f51eaf8dc070936~mv2.jpg|4f718e_fd1498419053413c85c620deda287f00~mv2.jpg|4f718e_7700d956c1b4482b8290921def905786,<p>Komp./Arr.: Albert Wieder</p>,true,Cumulus_Physisch,false,Die Waldhütte,Die Waldhütte [Musikkapelle],Glück auf,XLSX_SOT_NORMALIZED,Produktpalette(2).xlsx:XeisWorks,10,EXACT,,false,,,
XW-6604,XW-6604,,XW-6003,96eba746-0a2e-5cc8-ba67-812511b5e4c2,NOTEN|glück auf,HIGH,false,ENSEMBLE_VARIANT,live,ACTIVE,true,false,XeisWorks,Blasmusik-Edition,Noten,,,,Glück auf,SCORE,physical,,,,,,Musikkapelle,,,,PHYSICAL,Glück auf [Musikkapelle],Glück auf [MK],GLUECK_AUF_MK,"Volksweise
Arr.: Albert Wieder",SOURCE,WIX,Arr.: Albert Wieder,,,,,B2B,49.00,10.00,53.90,EUR,XLSX_SOT_GROSS,,,350.0,,,,,,,,,,,,,,,,,,,true,true,product_49eb7f42-d496-d566-05e2-c014c80c083d,product_49eb7f42-d496-d566-05e2-c014c80c083d,true,Blasmusik Gesamt|B2B|Musikkapelle|Böhmisch|Kleine Besetzung,4f718e_b8b014b6e0894e3da1aec4e96264324c~mv2.jpg|4f718e_76f340c1b1dc4d9ebfb7678b92aae87c~mv2.jpg|4f718e_902c3713401946028a744e13674ec747~mv2.jpg|4f718e_558d35e19c4f43a9b1d82bcf6c150a87,<p>Volksweise</p><p>Arr.: Albert Wieder</p>,false,,false,Glück auf,Glück auf [Musikkapelle],,XLSX_SOT_NORMALIZED,Produktpalette(2).xlsx:XeisWorks,11,EXACT,,false,,,
XW-6605,XW-6605,,XW-6004,3b1e1931-c937-5eba-9269-f7529895f5e7,NOTEN|himmelsthron,HIGH,false,ENSEMBLE_VARIANT,live,ACTIVE,true,false,,Blasmusik-Edition,Noten,,,,Himmelsthron,SCORE,physical,,,,,,Musikkapelle,,,,PHYSICAL,Himmelsthron [Musikkapelle],Himmelsthron [MK],HIMMELSTHRON_MK,Komp./Arr.: Albert Wieder,SOURCE,WIX,Komp./Arr.: Albert Wieder,,,,,B2B,49.00,10.00,53.90,EUR,XLSX_SOT_GROSS,,,350.0,,,,,,,,,,,,,,,,,,,true,true,product_95251897-4a24-11e4-9560-7ba67ae937f7,product_95251897-4a24-11e4-9560-7ba67ae937f7,true,Blasmusik Gesamt|B2B|Musikkapelle|Böhmisch|Kleine Besetzung,4f718e_a99b7e4c88174d12998924d1b5dc8c0d~mv2.jpg|4f718e_32adceacd7944d0bb8e1678db02546ba~mv2.jpg|4f718e_aa95bb14faee4475b6ef6efc3a7f7a87~mv2.jpg|4f718e_7d7dd3b0086c40be8d5a95c81692c910,<p>Komp./Arr.: Albert Wieder</p>,false,,false,Himmelsthron,Himmelsthron [Musikkapelle],,XLSX_SOT_NORMALIZED,Produktpalette(2).xlsx:XeisWorks,12,EXACT,,false,,,
XW-6606,XW-6606,,XW-6005,f4cb9772-d2ff-5e70-a8c8-e32a30e68657,NOTEN|veilchen-polka,HIGH,false,ENSEMBLE_VARIANT,live,ACTIVE,true,false,XeisWorks,Blasmusik-Edition,Noten,,,,Veilchen-Polka,SCORE,physical,,,,,,Musikkapelle,,,,PHYSICAL,Veilchen-Polka [Musikkapelle],Veilchen-Polka [MK],VEILCHEN_POLKA_MK,Komp./Arr.: Albert Wieder,SOURCE,WIX,Komp./Arr.: Albert Wieder,,,,,B2B,49.00,10.00,53.90,EUR,XLSX_SOT_GROSS,,,350.0,,,,,,,,,,,,,,,,,,,true,true,product_ee654c30-b9d9-6a5d-caf8-f62fd893893d,product_ee654c30-b9d9-6a5d-caf8-f62fd893893d,true,Blasmusik Gesamt|B2B|Musikkapelle|Böhmisch|Kleine Besetzung,4f718e_e95006fe98064ec0bb1918d701553745~mv2.jpg|4f718e_3a33809d4b5b428eb3a8c39c0863e0bb~mv2.jpg|4f718e_3276aa0b604143359c2ad5693a0c0a17~mv2.jpg|4f718e_7058cb3098d0471089d99a269aeae2ba,<p>Komp./Arr.: Albert Wieder</p>,false,,false,Veilchen-Polka,Veilchen-Polka [Musikkapelle],,XLSX_SOT_NORMALIZED,Produktpalette(2).xlsx:XeisWorks,13,EXACT,,false,,,
XW-6607,XW-6607,,XW-6006,2da6ec66-45a2-5999-95bd-6dd4b4f4c03a,NOTEN|lorete walzer,HIGH,false,ENSEMBLE_VARIANT,live,ACTIVE,true,false,XeisWorks,Blasmusik-Edition,Noten,,,,Lorete Walzer,SCORE,physical,,,,,,Musikkapelle,,,,PHYSICAL,Lorete Walzer [Musikkapelle],Lorete Walzer [MK],LORETE_WALZER_MK,"Volksweise
Arr.: Albert Wieder",SOURCE,WIX,Arr.: Albert Wieder,,,,,B2B,49.00,10.00,53.90,EUR,XLSX_SOT_GROSS,0.00,true,350.0,,,,,,,,,,,,,,,,,,,true,true,product_9b807c7f-c2e4-4196-f214-6955d2285bfb,product_9b807c7f-c2e4-4196-f214-6955d2285bfb,true,Blasmusik Gesamt|B2B|Musikkapelle|Böhmisch|Kleine Besetzung,4f718e_9c1d9e14a2af4cfb9114a861c1ac9ec0~mv2.jpg|4f718e_2bda8b391c244118ae17028142fd091c~mv2.jpg|4f718e_50f041a320504523b65408f380cb72b1~mv2.jpg|4f718e_15d05dd05f1b422389eb51c8de4d426d,"<p>Volksweise</p>

<p>Arr.: Albert Wieder</p>",true,Cumulus_Physisch,false,Lorete Walzer,Lorete Walzer [Musikkapelle],Sidonje Polka,XLSX_SOT_NORMALIZED,Produktpalette(2).xlsx:XeisWorks,14,EXACT,,false,,,
XW-6608,XW-6608,,XW-6007,a264d446-d941-57f1-8b24-ded649d9ee3b,NOTEN|sidonje-polka,HIGH,false,ENSEMBLE_VARIANT,live,ACTIVE,true,false,,Blasmusik-Edition,Noten,,,,Sidonje-Polka,SCORE,physical,,,,,,Musikkapelle,,,,PHYSICAL,Sidonje-Polka [Musikkapelle],Sidonje-Polka [MK],SIDONJE_POLKA_MK,Sidonje-Polka [Musikkapelle] ist eine Notenausgabe im XeisWorks-Produktkatalog.,AUTO_DRAFT,GENERATED,Besetzung: Musikkapelle,Format: PHYSICAL,Kategorie: Noten,,,,49.00,10.00,53.90,EUR,XLSX_SOT_GROSS,,,,,,,,,,,,,,,,,,,,,,false,true,,,,,,,false,,false,Sidonje-Polka,,,XLSX_SOT_NORMALIZED,Produktpalette(2).xlsx:XeisWorks,15,EXACT,,false,,,
XW-6609,XW-6609,,XW-6010,0668be32-b7bf-5fa9-9a97-45d7d7b02957,NOTEN|bier polka,HIGH,false,ENSEMBLE_VARIANT,live,ACTIVE,true,false,XeisWorks,Blasmusik-Edition,Noten,,,,Bier Polka,SCORE,physical,,,,,,Musikkapelle,,,,PHYSICAL,Bier Polka [Musikkapelle],Bier Polka [MK],BIER_POLKA_MK,Komp./Arr.: Albert Wieder,SOURCE,WIX,Komp./Arr.: Albert Wieder,,,,,B2B,49.00,10.00,53.90,EUR,XLSX_SOT_GROSS,,,350.0,,,,,,,,,,,,,,,,,,,true,true,product_eeb80e5c-672f-9b3c-ad91-9535a81c3cd3,product_eeb80e5c-672f-9b3c-ad91-9535a81c3cd3,true,Blasmusik Gesamt|B2B|Musikkapelle|Böhmisch|Kleine Besetzung,4f718e_bd7f98692a6e45cba01061c54bab7d90~mv2.jpg|4f718e_af52622f47e1455ba0fe148adb439c19~mv2.jpg|4f718e_3fd120c4daa24c20be5de86dc2508591~mv2.jpg,<p>Komp./Arr.: Albert Wieder</p>,false,,false,Bier Polka,Bier-Polka [Musikkapelle],,XLSX_SOT_NORMALIZED,Produktpalette(2).xlsx:XeisWorks,16,EXACT,,false,,,
XW-6610,XW-6610,,XW-6011,ddaf7d2b-c235-5c00-9d7a-519c1fe6f1e9,NOTEN|weinkost,HIGH,false,ENSEMBLE_VARIANT,live,ACTIVE,true,false,XeisWorks,Blasmusik-Edition,Noten,,,,Weinkost,SCORE,physical,,,,,,Musikkapelle,,,,PHYSICAL,Weinkost [Musikkapelle],Weinkost [MK],WEINKOST_MK,Komp./Arr.: Roman Weninger,SOURCE,WIX,Komp./Arr.: Roman Weninger,,,,,B2B,49.00,10.00,53.90,EUR,XLSX_SOT_GROSS,,,350.0,,,,,,,,,,,,,,,,,,,true,true,product_45fbd4fb-b28b-6f55-450e-00eaf801e8ef,product_45fbd4fb-b28b-6f55-450e-00eaf801e8ef,true,Böhmisch|Blasmusik Gesamt|Böhmische Besetzung|B2B,4f718e_3b92d73bbeac4325ba62baaa6d8c6ed6~mv2.jpg|4f718e_c91ffc6b71034b96bd8efc84b781959e,"<p><span style=""background-color: transparent; font-family: var(--wix-font-stack,&quot;HelveticaNeueW01-55Roma&quot;,&quot;HelveticaNeueW02-55Roma&quot;,&quot;HelveticaNeueW10-55Roma&quot;,sans-serif);"">Komp./Arr.: Roman Weninger</span></p>",false,,false,Weinkost,Weinkost [Musikkapelle],,XLSX_SOT_NORMALIZED,Produktpalette(2).xlsx:XeisWorks,17,EXACT,,false,,,
XW-6611,XW-6611,,XW-6013,1e1f4638-cfae-5719-9e4b-d7c1069570b6,NOTEN|morgenrot,HIGH,false,ENSEMBLE_VARIANT,live,ACTIVE,true,false,XeisWorks,Blasmusik-Edition,Noten,,,,Morgenrot,SCORE,physical,,,,,,Musikkapelle,,,,PHYSICAL,Morgenrot [Musikkapelle],Morgenrot [MK],MORGENROT_MK,"Volksweise
Arr.: Albert Wieder",SOURCE,WIX,Arr.: Albert Wieder,,,,,B2B,49.00,10.00,53.90,EUR,XLSX_SOT_GROSS,0.00,false,350.0,,,,,,,,,,,,,,,,,,,true,true,product_412b6c06-8f17-0edb-f3e0-ace625eb9fa3,product_412b6c06-8f17-0edb-f3e0-ace625eb9fa3,true,Blasmusik Gesamt|B2B|Musikkapelle|Böhmische Besetzung|Kleine Besetzung,4f718e_60429d4fa51e4716a95ee732ae966821~mv2.jpg,<p>Volksweise<br>Arr.: Albert Wieder</p>,true,Albert,false,Morgenrot,Morgenrot [Musikkapelle],Morgenrot,XLSX_SOT_NORMALIZED,Produktpalette(2).xlsx:XeisWorks,18,EXACT,,false,,,
XW-6612,XW-6612,,XW-4516,ccb5a456-263f-5dcc-b047-8ecf65844061,NOTEN|mnoschil,HIGH,false,ENSEMBLE_VARIANT,live,ACTIVE,true,false,Blasmusik Supergroup,Blasmusik-Edition,Noten,,,,Mnoschil,SCORE,physical,,,,,,Musikkapelle,,,,PHYSICAL,Mnoschil [Musikkapelle],Mnoschil [MK],MNOSCHIL_MK,"Entdecken Sie eine Bravourpolka vom österreichischen Trompeter und Komponisten Thomas Gansch mit dem Titel ""Mnoschil"". In der ""Supergroup""-Besetzung präsentiert sich dieses Stück effektvoll, kraftvoll und fesselnd. Die perfekte Kombination aus virtuosen musikalischen Fähigkeiten und mitreißender Performance machen diese Polka zu einem absoluten Highlight. Mit ""Mnoschil"" erleben Sie ein unvergessliches Musikerlebnis, das Fans der Blasmusik begeistern wird. Sichern Sie sich noch heute dieses musikalische Meisterwerk und lassen Sie sich von der Ausdruckskraft von Thomas Gansch begeistern.",SOURCE,WIX,"Entdecken Sie eine Bravourpolka vom österreichischen Trompeter und Komponisten Thomas Gansch mit dem Titel ""Mnoschil"". In der ""Supergroup""-Besetzung präsentiert sich dieses Stück effektvoll, kraftvoll und fesselnd. Die perfekte Kombination aus virtuosen musikalischen Fähigkeiten und mitreißender Performance machen diese Polka zu einem absoluten Highlight. Mit ""Mnoschil"" erleben Sie ein unvergessliches Musikerlebnis, das Fans der Blasmusik begeistern wird. Sichern Sie sich noch heute dieses musikalische Meisterwerk und lassen Sie sich von der Ausdruckskraft von Thomas Gansch begeistern.",,,,,B2B,59.00,10.00,64.90,EUR,XLSX_SOT_GROSS,0.00,false,350.0,,,,,,,,,,,,,,,,,,,true,true,product_a0b38165-64e9-fd92-5204-3f7f44e9992c,product_a0b38165-64e9-fd92-5204-3f7f44e9992c,true,Blasmusik Gesamt|B2B|Musikkapelle|Blasmusik Supergroup|Böhmische Besetzung|Kleine Besetzung|Brass_5stimmig,4f718e_546abca9b7094058a0220077a31f97b6~mv2.jpg|4f718e_80bccde17cc748a3a545f6a328ad4b0b~mv2.jpg|4f718e_1201217b3ca045b0a652c1ed277cb7b5~mv2.jpg|4f718e_628c6e6a3f91485f89fcbb25564a7166~mv2.jpg|4f718e_fce29bcb29684d7983643fa38572a8cd~mv2.jpg|4f718e_e019263ae87b414a957532cc33344e93,"<p>Entdecken Sie eine Bravourpolka vom österreichischen Trompeter und Komponisten Thomas Gansch mit dem Titel ""Mnoschil"". In der ""Supergroup""-Besetzung präsentiert sich dieses Stück effektvoll, kraftvoll und fesselnd. Die perfekte Kombination aus virtuosen musikalischen Fähigkeiten und mitreißender Performance machen diese Polka zu einem absoluten Highlight. Mit ""Mnoschil"" erleben Sie ein unvergessliches Musikerlebnis, das Fans der Blasmusik begeistern wird. Sichern Sie sich noch heute dieses musikalische Meisterwerk und lassen Sie sich von der Ausdruckskraft von&nbsp;Thomas Gansch begeistern.</p>",true,Vienna Arts Management,false,Mnoschil,Mnoschil [Musikkapelle],Mnoschil,XLSX_SOT_NORMALIZED,Produktpalette(2).xlsx:XeisWorks,19,EXACT,,false,,,
XW-6613,XW-6613,,,049b38f7-7e5d-5e02-b6e2-95a29436044b,RESERVED|XW-6613,LOW,true,CANONICAL,draft,RESERVED,false,false,,Blasmusik-Edition,Reserviert,,,,,RESERVED,physical,,,,,,Musikkapelle,,,,PHYSICAL,Reserviert - XW-6613,Reserviert XW-6613,XW-6613,Reserviert - XW-6613 ist eine reservierte Artikelnummer im XW Product Hub.,AUTO_DRAFT,GENERATED,Besetzung: Musikkapelle,Format: PHYSICAL,,,,,,10.00,,EUR,,,,,,,,,,,,,,,,,,,,,,,false,false,,,,,,,false,,false,,,,XLSX_SOT_RESERVED,Produktpalette(2).xlsx:XeisWorks,20,RESERVED,,false,,,
XW-6614,XW-6614,,,27d043bd-4f6e-5f71-9aa4-4f0ed960b152,RESERVED|XW-6614,LOW,true,CANONICAL,draft,RESERVED,false,false,,Blasmusik-Edition,Reserviert,,,,,RESERVED,physical,,,,,,Musikkapelle,,,,PHYSICAL,Reserviert - XW-6614,Reserviert XW-6614,XW-6614,Reserviert - XW-6614 ist eine reservierte Artikelnummer im XW Product Hub.,AUTO_DRAFT,GENERATED,Besetzung: Musikkapelle,Format: PHYSICAL,,,,,,10.00,,EUR,,,,,,,,,,,,,,,,,,,,,,,false,false,,,,,,,false,,false,,,,XLSX_SOT_RESERVED,Produktpalette(2).xlsx:XeisWorks,21,RESERVED,,false,,,
XW-6615,XW-6615,,,a75906e8-0930-5586-96c2-e064102daad5,RESERVED|XW-6615,LOW,true,CANONICAL,draft,RESERVED,false,false,,Blasmusik-Edition,Reserviert,,,,,RESERVED,physical,,,,,,Musikkapelle,,,,PHYSICAL,Reserviert - XW-6615,Reserviert XW-6615,XW-6615,Reserviert - XW-6615 ist eine reservierte Artikelnummer im XW Product Hub.,AUTO_DRAFT,GENERATED,Besetzung: Musikkapelle,Format: PHYSICAL,,,,,,10.00,,EUR,,,,,,,,,,,,,,,,,,,,,,,false,false,,,,,,,false,,false,,,,XLSX_SOT_RESERVED,Produktpalette(2).xlsx:XeisWorks,22,RESERVED,,false,,,
XW-6616,XW-6616,,,9deb93ec-1a10-54a3-8795-05ef025647c1,RESERVED|XW-6616,LOW,true,CANONICAL,draft,RESERVED,false,false,,Blasmusik-Edition,Reserviert,,,,,RESERVED,physical,,,,,,Musikkapelle,,,,PHYSICAL,Reserviert - XW-6616,Reserviert XW-6616,XW-6616,Reserviert - XW-6616 ist eine reservierte Artikelnummer im XW Product Hub.,AUTO_DRAFT,GENERATED,Besetzung: Musikkapelle,Format: PHYSICAL,,,,,,10.00,,EUR,,,,,,,,,,,,,,,,,,,,,,,false,false,,,,,,,false,,false,,,,XLSX_SOT_RESERVED,Produktpalette(2).xlsx:XeisWorks,23,RESERVED,,false,,,
XW-6617,XW-6617,,,44145344-1f91-5951-abd4-803b19e2e9ad,RESERVED|XW-6617,LOW,true,CANONICAL,draft,RESERVED,false,false,,Blasmusik-Edition,Reserviert,,,,,RESERVED,physical,,,,,,Musikkapelle,,,,PHYSICAL,Reserviert - XW-6617,Reserviert XW-6617,XW-6617,Reserviert - XW-6617 ist eine reservierte Artikelnummer im XW Product Hub.,AUTO_DRAFT,GENERATED,Besetzung: Musikkapelle,Format: PHYSICAL,,,,,,10.00,,EUR,,,,,,,,,,,,,,,,,,,,,,,false,false,,,,,,,false,,false,,,,XLSX_SOT_RESERVED,Produktpalette(2).xlsx:XeisWorks,24,RESERVED,,false,,,
XW-6618,XW-6618,,,7d0d58c3-576e-59d7-91f6-a6e1ee80ecca,RESERVED|XW-6618,LOW,true,CANONICAL,draft,RESERVED,false,false,,Blasmusik-Edition,Reserviert,,,,,RESERVED,physical,,,,,,Musikkapelle,,,,PHYSICAL,Reserviert - XW-6618,Reserviert XW-6618,XW-6618,Reserviert - XW-6618 ist eine reservierte Artikelnummer im XW Product Hub.,AUTO_DRAFT,GENERATED,Besetzung: Musikkapelle,Format: PHYSICAL,,,,,,10.00,,EUR,,,,,,,,,,,,,,,,,,,,,,,false,false,,,,,,,false,,false,,,,XLSX_SOT_RESERVED,Produktpalette(2).xlsx:XeisWorks,25,RESERVED,,false,,,
XW-6619,XW-6619,,,e96a6e0b-59f5-5618-a8f3-b7b6b85b40af,RESERVED|XW-6619,LOW,true,CANONICAL,draft,RESERVED,false,false,,Blasmusik-Edition,Reserviert,,,,,RESERVED,physical,,,,,,Musikkapelle,,,,PHYSICAL,Reserviert - XW-6619,Reserviert XW-6619,XW-6619,Reserviert - XW-6619 ist eine reservierte Artikelnummer im XW Product Hub.,AUTO_DRAFT,GENERATED,Besetzung: Musikkapelle,Format: PHYSICAL,,,,,,10.00,,EUR,,,,,,,,,,,,,,,,,,,,,,,false,false,,,,,,,false,,false,,,,XLSX_SOT_RESERVED,Produktpalette(2).xlsx:XeisWorks,26,RESERVED,,false,,,
XW-6620,XW-6620,,,8b291e30-534f-5e10-9f3e-477972e2accd,RESERVED|XW-6620,LOW,true,CANONICAL,draft,RESERVED,false,false,,Blasmusik-Edition,Reserviert,,,,,RESERVED,physical,,,,,,Musikkapelle,,,,PHYSICAL,Reserviert - XW-6620,Reserviert XW-6620,XW-6620,Reserviert - XW-6620 ist eine reservierte Artikelnummer im XW Product Hub.,AUTO_DRAFT,GENERATED,Besetzung: Musikkapelle,Format: PHYSICAL,,,,,,10.00,,EUR,,,,,,,,,,,,,,,,,,,,,,,false,false,,,,,,,false,,false,,,,XLSX_SOT_RESERVED,Produktpalette(2).xlsx:XeisWorks,27,RESERVED,,false,,,
XW-6621,XW-6621,,,e10939a6-7a40-560b-a299-315184c992bf,RESERVED|XW-6621,LOW,true,CANONICAL,draft,RESERVED,false,false,,Blasmusik-Edition,Reserviert,,,,,RESERVED,physical,,,,,,Musikkapelle,,,,PHYSICAL,Reserviert - XW-6621,Reserviert XW-6621,XW-6621,Reserviert - XW-6621 ist eine reservierte Artikelnummer im XW Product Hub.,AUTO_DRAFT,GENERATED,Besetzung: Musikkapelle,Format: PHYSICAL,,,,,,10.00,,EUR,,,,,,,,,,,,,,,,,,,,,,,false,false,,,,,,,false,,false,,,,XLSX_SOT_RESERVED,Produktpalette(2).xlsx:XeisWorks,28,RESERVED,,false,,,
XW-6800,XW-6800,,,56a534a9-77e4-5559-be22-c9edb0119d17,NOTEN|div. noten sinf. blasorchester,HIGH,true,CANONICAL,live,ACTIVE,true,false,,Blasmusik-Edition,Noten,,,,Div. Noten Sinf. Blasorchester,SCORE,physical,,,,,,Sinfonisches Blasorchester,,,,PHYSICAL,Div. Noten Sinf. Blasorchester [Sinfonisches Blasorchester],Div. Noten Sinf. Blasorchester [SBO],DIV_NOTEN_SINF_BLASORCHESTER_SBO,Div. Noten Sinf. Blasorchester [Sinfonisches Blasorchester] ist eine Notenausgabe im XeisWorks-Produktkatalog.,AUTO_DRAFT,GENERATED,Besetzung: Sinfonisches Blasorchester,Format: PHYSICAL,Kategorie: Noten,,,,,10.00,,EUR,,,,,,,,,,,,,,,,,,,,,,,false,true,,,,,,,false,,false,Div. Noten Sinf. Blasorchester,,,XLSX_SOT_NORMALIZED,Produktpalette(2).xlsx:XeisWorks,7,EXACT,,false,,,
XW-6801,XW-6801,,XW-6402,915a70e5-502e-560e-a32d-dec9ece91285,NOTEN|astronaut,HIGH,false,ENSEMBLE_VARIANT,live,ACTIVE,true,false,XeisWorks,Blasmusik-Edition,Noten,,,,Astronaut,SCORE,physical,,,,,,Sinfonisches Blasorchester,,,,PHYSICAL,Astronaut [Sinfonisches Blasorchester],Astronaut [SBO],ASTRONAUT_SBO,"Komp.: Jindřich Praveček
Arr.: Jindřich Praveček",SOURCE,WIX,Arr.: Jindřich Praveček,,,,,B2B,77.18,10.00,84.90,EUR,ERP_NET,2.00,true,700.0,,,,,,,,,,,,,,,,,,,true,true,product_076bd209-3cf9-e4ea-2e7d-d6e8eb043827,product_076bd209-3cf9-e4ea-2e7d-d6e8eb043827,true,B2B|Blasmusik Gesamt|Sinfonisches Blasorchester,4f718e_cfae9f5a6680403b8baed6c3ea60919c~mv2.jpg|4f718e_6aa40cfe81c445eb873c5de65dc9e9b2~mv2.jpg|4f718e_e97412c8af8c4bfaa331a798a82a2b85~mv2.jpg|4f718e_8513c6d4e07645da87778f26c916991d~mv2.jpg|4f718e_008c00a9df064df4867d284910c2f33f~mv2.jpg|4f718e_5935545cd0ea44b4ae5706c6238110e7~mv2.jpg|4f718e_b68180b2857545c4800c2608a8e63fa5,<p>Komp.: Jindřich Praveček</p><p>Arr.:&nbsp;Jindřich Praveček</p>,true,Pravecek,false,Astronaut,Astronaut,Astronaut,XLSX_SOT_NORMALIZED,Produktpalette(2).xlsx:XeisWorks,8,EXACT,,false,,,
XW-6802,XW-6802,,,60a71ec0-490c-5e78-a8b2-3349643d615c,RESERVED|XW-6802,LOW,true,CANONICAL,draft,RESERVED,false,false,,Blasmusik-Edition,Reserviert,,,,,RESERVED,physical,,,,,,Sinfonisches Blasorchester,,,,PHYSICAL,Reserviert - XW-6802,Reserviert XW-6802,XW-6802,Reserviert - XW-6802 ist eine reservierte Artikelnummer im XW Product Hub.,AUTO_DRAFT,GENERATED,Besetzung: Sinfonisches Blasorchester,Format: PHYSICAL,,,,,,10.00,,EUR,,,,,,,,,,,,,,,,,,,,,,,false,false,,,,,,,false,,false,,,,XLSX_SOT_RESERVED,Produktpalette(2).xlsx:XeisWorks,9,RESERVED,,false,,,
XW-6803,XW-6803,,,9086f297-77ff-5bf3-a278-e4a04700fa96,RESERVED|XW-6803,LOW,true,CANONICAL,draft,RESERVED,false,false,,Blasmusik-Edition,Reserviert,,,,,RESERVED,physical,,,,,,Sinfonisches Blasorchester,,,,PHYSICAL,Reserviert - XW-6803,Reserviert XW-6803,XW-6803,Reserviert - XW-6803 ist eine reservierte Artikelnummer im XW Product Hub.,AUTO_DRAFT,GENERATED,Besetzung: Sinfonisches Blasorchester,Format: PHYSICAL,,,,,,10.00,,EUR,,,,,,,,,,,,,,,,,,,,,,,false,false,,,,,,,false,,false,,,,XLSX_SOT_RESERVED,Produktpalette(2).xlsx:XeisWorks,10,RESERVED,,false,,,
XW-6804,XW-6804,,,d77bff4b-d095-5742-8fd6-da8a07cfb273,RESERVED|XW-6804,LOW,true,CANONICAL,draft,RESERVED,false,false,,Blasmusik-Edition,Reserviert,,,,,RESERVED,physical,,,,,,Sinfonisches Blasorchester,,,,PHYSICAL,Reserviert - XW-6804,Reserviert XW-6804,XW-6804,Reserviert - XW-6804 ist eine reservierte Artikelnummer im XW Product Hub.,AUTO_DRAFT,GENERATED,Besetzung: Sinfonisches Blasorchester,Format: PHYSICAL,,,,,,10.00,,EUR,,,,,,,,,,,,,,,,,,,,,,,false,false,,,,,,,false,,false,,,,XLSX_SOT_RESERVED,Produktpalette(2).xlsx:XeisWorks,11,RESERVED,,false,,,
XW-6805,XW-6805,,,79098bf4-722d-5bbd-a3b2-42c016172afe,RESERVED|XW-6805,LOW,true,CANONICAL,draft,RESERVED,false,false,,Blasmusik-Edition,Reserviert,,,,,RESERVED,physical,,,,,,Sinfonisches Blasorchester,,,,PHYSICAL,Reserviert - XW-6805,Reserviert XW-6805,XW-6805,Reserviert - XW-6805 ist eine reservierte Artikelnummer im XW Product Hub.,AUTO_DRAFT,GENERATED,Besetzung: Sinfonisches Blasorchester,Format: PHYSICAL,,,,,,10.00,,EUR,,,,,,,,,,,,,,,,,,,,,,,false,false,,,,,,,false,,false,,,,XLSX_SOT_RESERVED,Produktpalette(2).xlsx:XeisWorks,12,RESERVED,,false,,,
XW-6806,XW-6806,,,6d64b6f8-8a3a-50c6-9780-f0c351b4ee5a,RESERVED|XW-6806,LOW,true,CANONICAL,draft,RESERVED,false,false,,Blasmusik-Edition,Reserviert,,,,,RESERVED,physical,,,,,,Sinfonisches Blasorchester,,,,PHYSICAL,Reserviert - XW-6806,Reserviert XW-6806,XW-6806,Reserviert - XW-6806 ist eine reservierte Artikelnummer im XW Product Hub.,AUTO_DRAFT,GENERATED,Besetzung: Sinfonisches Blasorchester,Format: PHYSICAL,,,,,,10.00,,EUR,,,,,,,,,,,,,,,,,,,,,,,false,false,,,,,,,false,,false,,,,XLSX_SOT_RESERVED,Produktpalette(2).xlsx:XeisWorks,13,RESERVED,,false,,,
XW-6807,XW-6807,,,e843f62c-d19b-593b-80d1-446004f3feba,RESERVED|XW-6807,LOW,true,CANONICAL,draft,RESERVED,false,false,,Blasmusik-Edition,Reserviert,,,,,RESERVED,physical,,,,,,Sinfonisches Blasorchester,,,,PHYSICAL,Reserviert - XW-6807,Reserviert XW-6807,XW-6807,Reserviert - XW-6807 ist eine reservierte Artikelnummer im XW Product Hub.,AUTO_DRAFT,GENERATED,Besetzung: Sinfonisches Blasorchester,Format: PHYSICAL,,,,,,10.00,,EUR,,,,,,,,,,,,,,,,,,,,,,,false,false,,,,,,,false,,false,,,,XLSX_SOT_RESERVED,Produktpalette(2).xlsx:XeisWorks,14,RESERVED,,false,,,
XW-6808,XW-6808,,,f5474805-b6fb-5dc2-842c-bb7f3f6df8ff,RESERVED|XW-6808,LOW,true,CANONICAL,draft,RESERVED,false,false,,Blasmusik-Edition,Reserviert,,,,,RESERVED,physical,,,,,,Sinfonisches Blasorchester,,,,PHYSICAL,Reserviert - XW-6808,Reserviert XW-6808,XW-6808,Reserviert - XW-6808 ist eine reservierte Artikelnummer im XW Product Hub.,AUTO_DRAFT,GENERATED,Besetzung: Sinfonisches Blasorchester,Format: PHYSICAL,,,,,,10.00,,EUR,,,,,,,,,,,,,,,,,,,,,,,false,false,,,,,,,false,,false,,,,XLSX_SOT_RESERVED,Produktpalette(2).xlsx:XeisWorks,15,RESERVED,,false,,,
XW-6809,XW-6809,,,38afaa2e-aa3d-5978-bd49-1bdf6fc2d5dc,RESERVED|XW-6809,LOW,true,CANONICAL,draft,RESERVED,false,false,,Blasmusik-Edition,Reserviert,,,,,RESERVED,physical,,,,,,Sinfonisches Blasorchester,,,,PHYSICAL,Reserviert - XW-6809,Reserviert XW-6809,XW-6809,Reserviert - XW-6809 ist eine reservierte Artikelnummer im XW Product Hub.,AUTO_DRAFT,GENERATED,Besetzung: Sinfonisches Blasorchester,Format: PHYSICAL,,,,,,10.00,,EUR,,,,,,,,,,,,,,,,,,,,,,,false,false,,,,,,,false,,false,,,,XLSX_SOT_RESERVED,Produktpalette(2).xlsx:XeisWorks,16,RESERVED,,false,,,
XW-6810,XW-6810,,,3e13d104-4dd1-5d1c-9eab-b5cd78024104,RESERVED|XW-6810,LOW,true,CANONICAL,draft,RESERVED,false,false,,Blasmusik-Edition,Reserviert,,,,,RESERVED,physical,,,,,,Sinfonisches Blasorchester,,,,PHYSICAL,Reserviert - XW-6810,Reserviert XW-6810,XW-6810,Reserviert - XW-6810 ist eine reservierte Artikelnummer im XW Product Hub.,AUTO_DRAFT,GENERATED,Besetzung: Sinfonisches Blasorchester,Format: PHYSICAL,,,,,,10.00,,EUR,,,,,,,,,,,,,,,,,,,,,,,false,false,,,,,,,false,,false,,,,XLSX_SOT_RESERVED,Produktpalette(2).xlsx:XeisWorks,17,RESERVED,,false,,,
XW-6811,XW-6811,,,b3944e37-5975-556d-b880-70df1d72c22f,RESERVED|XW-6811,LOW,true,CANONICAL,draft,RESERVED,false,false,,Blasmusik-Edition,Reserviert,,,,,RESERVED,physical,,,,,,Sinfonisches Blasorchester,,,,PHYSICAL,Reserviert - XW-6811,Reserviert XW-6811,XW-6811,Reserviert - XW-6811 ist eine reservierte Artikelnummer im XW Product Hub.,AUTO_DRAFT,GENERATED,Besetzung: Sinfonisches Blasorchester,Format: PHYSICAL,,,,,,10.00,,EUR,,,,,,,,,,,,,,,,,,,,,,,false,false,,,,,,,false,,false,,,,XLSX_SOT_RESERVED,Produktpalette(2).xlsx:XeisWorks,18,RESERVED,,false,,,
XW-6812,XW-6812,,,acd72ea3-061f-5a37-8b02-869f550ccffd,RESERVED|XW-6812,LOW,true,CANONICAL,draft,RESERVED,false,false,,Blasmusik-Edition,Reserviert,,,,,RESERVED,physical,,,,,,Sinfonisches Blasorchester,,,,PHYSICAL,Reserviert - XW-6812,Reserviert XW-6812,XW-6812,Reserviert - XW-6812 ist eine reservierte Artikelnummer im XW Product Hub.,AUTO_DRAFT,GENERATED,Besetzung: Sinfonisches Blasorchester,Format: PHYSICAL,,,,,,10.00,,EUR,,,,,,,,,,,,,,,,,,,,,,,false,false,,,,,,,false,,false,,,,XLSX_SOT_RESERVED,Produktpalette(2).xlsx:XeisWorks,19,RESERVED,,false,,,
XW-6813,XW-6813,,,9bc95b89-eb0f-5194-97cf-e51de8c9733b,RESERVED|XW-6813,LOW,true,CANONICAL,draft,RESERVED,false,false,,Blasmusik-Edition,Reserviert,,,,,RESERVED,physical,,,,,,Sinfonisches Blasorchester,,,,PHYSICAL,Reserviert - XW-6813,Reserviert XW-6813,XW-6813,Reserviert - XW-6813 ist eine reservierte Artikelnummer im XW Product Hub.,AUTO_DRAFT,GENERATED,Besetzung: Sinfonisches Blasorchester,Format: PHYSICAL,,,,,,10.00,,EUR,,,,,,,,,,,,,,,,,,,,,,,false,false,,,,,,,false,,false,,,,XLSX_SOT_RESERVED,Produktpalette(2).xlsx:XeisWorks,20,RESERVED,,false,,,
XW-6814,XW-6814,,,3ff00c65-75d5-5b4c-9c91-89edf05dcc67,RESERVED|XW-6814,LOW,true,CANONICAL,draft,RESERVED,false,false,,Blasmusik-Edition,Reserviert,,,,,RESERVED,physical,,,,,,Sinfonisches Blasorchester,,,,PHYSICAL,Reserviert - XW-6814,Reserviert XW-6814,XW-6814,Reserviert - XW-6814 ist eine reservierte Artikelnummer im XW Product Hub.,AUTO_DRAFT,GENERATED,Besetzung: Sinfonisches Blasorchester,Format: PHYSICAL,,,,,,10.00,,EUR,,,,,,,,,,,,,,,,,,,,,,,false,false,,,,,,,false,,false,,,,XLSX_SOT_RESERVED,Produktpalette(2).xlsx:XeisWorks,21,RESERVED,,false,,,
XW-6815,XW-6815,,,735ecffd-9b47-5de2-860f-b4c6dd8d5eb6,RESERVED|XW-6815,LOW,true,CANONICAL,draft,RESERVED,false,false,,Blasmusik-Edition,Reserviert,,,,,RESERVED,physical,,,,,,Sinfonisches Blasorchester,,,,PHYSICAL,Reserviert - XW-6815,Reserviert XW-6815,XW-6815,Reserviert - XW-6815 ist eine reservierte Artikelnummer im XW Product Hub.,AUTO_DRAFT,GENERATED,Besetzung: Sinfonisches Blasorchester,Format: PHYSICAL,,,,,,10.00,,EUR,,,,,,,,,,,,,,,,,,,,,,,false,false,,,,,,,false,,false,,,,XLSX_SOT_RESERVED,Produktpalette(2).xlsx:XeisWorks,22,RESERVED,,false,,,
XW-6816,XW-6816,,,3a1a4140-65fb-53ef-8976-eeca61893811,RESERVED|XW-6816,LOW,true,CANONICAL,draft,RESERVED,false,false,,Blasmusik-Edition,Reserviert,,,,,RESERVED,physical,,,,,,Sinfonisches Blasorchester,,,,PHYSICAL,Reserviert - XW-6816,Reserviert XW-6816,XW-6816,Reserviert - XW-6816 ist eine reservierte Artikelnummer im XW Product Hub.,AUTO_DRAFT,GENERATED,Besetzung: Sinfonisches Blasorchester,Format: PHYSICAL,,,,,,10.00,,EUR,,,,,,,,,,,,,,,,,,,,,,,false,false,,,,,,,false,,false,,,,XLSX_SOT_RESERVED,Produktpalette(2).xlsx:XeisWorks,23,RESERVED,,false,,,
XW-6817,XW-6817,,,e8727aaf-0413-553e-a3d3-43fec9ee9482,RESERVED|XW-6817,LOW,true,CANONICAL,draft,RESERVED,false,false,,Blasmusik-Edition,Reserviert,,,,,RESERVED,physical,,,,,,Sinfonisches Blasorchester,,,,PHYSICAL,Reserviert - XW-6817,Reserviert XW-6817,XW-6817,Reserviert - XW-6817 ist eine reservierte Artikelnummer im XW Product Hub.,AUTO_DRAFT,GENERATED,Besetzung: Sinfonisches Blasorchester,Format: PHYSICAL,,,,,,10.00,,EUR,,,,,,,,,,,,,,,,,,,,,,,false,false,,,,,,,false,,false,,,,XLSX_SOT_RESERVED,Produktpalette(2).xlsx:XeisWorks,24,RESERVED,,false,,,
XW-6818,XW-6818,,,44753162-6104-56e2-b56c-1ca2e639bb5b,RESERVED|XW-6818,LOW,true,CANONICAL,draft,RESERVED,false,false,,Blasmusik-Edition,Reserviert,,,,,RESERVED,physical,,,,,,Sinfonisches Blasorchester,,,,PHYSICAL,Reserviert - XW-6818,Reserviert XW-6818,XW-6818,Reserviert - XW-6818 ist eine reservierte Artikelnummer im XW Product Hub.,AUTO_DRAFT,GENERATED,Besetzung: Sinfonisches Blasorchester,Format: PHYSICAL,,,,,,10.00,,EUR,,,,,,,,,,,,,,,,,,,,,,,false,false,,,,,,,false,,false,,,,XLSX_SOT_RESERVED,Produktpalette(2).xlsx:XeisWorks,25,RESERVED,,false,,,
XW-6819,XW-6819,,,13a59775-70c5-5594-92fe-d344b165cd33,RESERVED|XW-6819,LOW,true,CANONICAL,draft,RESERVED,false,false,,Blasmusik-Edition,Reserviert,,,,,RESERVED,physical,,,,,,Sinfonisches Blasorchester,,,,PHYSICAL,Reserviert - XW-6819,Reserviert XW-6819,XW-6819,Reserviert - XW-6819 ist eine reservierte Artikelnummer im XW Product Hub.,AUTO_DRAFT,GENERATED,Besetzung: Sinfonisches Blasorchester,Format: PHYSICAL,,,,,,10.00,,EUR,,,,,,,,,,,,,,,,,,,,,,,false,false,,,,,,,false,,false,,,,XLSX_SOT_RESERVED,Produktpalette(2).xlsx:XeisWorks,26,RESERVED,,false,,,
XW-6820,XW-6820,,,3a5e6798-7ed9-5215-a8d6-d7f583aee067,RESERVED|XW-6820,LOW,true,CANONICAL,draft,RESERVED,false,false,,Blasmusik-Edition,Reserviert,,,,,RESERVED,physical,,,,,,Sinfonisches Blasorchester,,,,PHYSICAL,Reserviert - XW-6820,Reserviert XW-6820,XW-6820,Reserviert - XW-6820 ist eine reservierte Artikelnummer im XW Product Hub.,AUTO_DRAFT,GENERATED,Besetzung: Sinfonisches Blasorchester,Format: PHYSICAL,,,,,,10.00,,EUR,,,,,,,,,,,,,,,,,,,,,,,false,false,,,,,,,false,,false,,,,XLSX_SOT_RESERVED,Produktpalette(2).xlsx:XeisWorks,27,RESERVED,,false,,,
XW-6821,XW-6821,,,97eebd14-1639-5197-9118-6d0982c25f22,RESERVED|XW-6821,LOW,true,CANONICAL,draft,RESERVED,false,false,,Blasmusik-Edition,Reserviert,,,,,RESERVED,physical,,,,,,Sinfonisches Blasorchester,,,,PHYSICAL,Reserviert - XW-6821,Reserviert XW-6821,XW-6821,Reserviert - XW-6821 ist eine reservierte Artikelnummer im XW Product Hub.,AUTO_DRAFT,GENERATED,Besetzung: Sinfonisches Blasorchester,Format: PHYSICAL,,,,,,10.00,,EUR,,,,,,,,,,,,,,,,,,,,,,,false,false,,,,,,,false,,false,,,,XLSX_SOT_RESERVED,Produktpalette(2).xlsx:XeisWorks,28,RESERVED,,false,,,
XW-7001,XW-7001,,,710bd4b8-9a9e-5dd1-96c6-7931cf11906b,NOTEN|flotter dreier,HIGH,true,CANONICAL,live,ACTIVE,true,false,,Diverse Blechbesetzungen,Noten,,,,Flotter Dreier,SCORE,physical,,,,,,,,,,PHYSICAL,Flotter Dreier,Flotter Dreier,FLOTTER_DREIER,Flotter Dreier ist eine Notenausgabe im XeisWorks-Produktkatalog.,AUTO_DRAFT,GENERATED,Format: PHYSICAL,Kategorie: Noten,,,,,,10.00,,EUR,,,,,,,,,,,,,,,,,,,,,,,false,true,,,,,,,false,,false,Flotter Dreier,,,XLSX_SOT_NORMALIZED,Produktpalette(2).xlsx:XeisWorks,6,EXACT,,false,,,
XW-7002,XW-7002,,,a74e14c4-2f74-5f37-853f-723106fec671,NOTEN|niel gow's lament,HIGH,true,CANONICAL,live,ACTIVE,true,false,,Diverse Blechbesetzungen,Noten,,,,Niel Gow's Lament,SCORE,physical,,,,,,,,,,PHYSICAL,Niel Gow's Lament,Niel Gow's Lament,NIEL_GOW_S_LAMENT,Niel Gow's Lament ist eine Notenausgabe im XeisWorks-Produktkatalog.,AUTO_DRAFT,GENERATED,Format: PHYSICAL,Kategorie: Noten,,,,,,10.00,,EUR,,,,,,,,,,,,,,,,,,,,,,,false,true,,,,,,,false,,false,Niel Gow's Lament,,,XLSX_SOT_NORMALIZED,Produktpalette(2).xlsx:XeisWorks,7,EXACT,,false,,,
XW-7003,XW-7003,,,a2e64e97-d0c5-584b-bdc1-cbf55e0d421b,NOTEN|für weihnachten bereit,HIGH,true,CANONICAL,live,ACTIVE,true,false,,Diverse Blechbesetzungen,Noten,,,,Für Weihnachten bereit,SCORE,physical,,,,,,,,,,PHYSICAL,Für Weihnachten bereit,Für Weihnachten bereit,FUER_WEIHNACHTEN_BEREIT,Für Weihnachten bereit ist eine Notenausgabe im XeisWorks-Produktkatalog.,AUTO_DRAFT,GENERATED,Format: PHYSICAL,Kategorie: Noten,,,,,,10.00,,EUR,,,,,,,,,,,,,,,,,,,,,,,false,true,,,,,,,false,,false,Für Weihnachten bereit,,,XLSX_SOT_NORMALIZED,Produktpalette(2).xlsx:XeisWorks,8,EXACT,,false,,,
XW-7004,XW-7004,,,c300cbd7-5b16-5e3a-8bc6-c707b2ef78bc,"NOTEN|nein, ich w.n.l. picc-flöte sp.",HIGH,true,CANONICAL,live,ACTIVE,true,false,,Diverse Blechbesetzungen,Noten,,,,"Nein, ich w.n.l. Picc-Flöte sp.",SCORE,physical,,,,,,,,,,PHYSICAL,"Nein, ich w.n.l. Picc-Flöte sp.","Nein, ich w.n.l. Picc-Flöte sp.",NEIN_ICH_W_N_L_PICC_FLOETE_S,"Nein, ich w.n.l. Picc-Flöte sp. ist eine Notenausgabe im XeisWorks-Produktkatalog.",AUTO_DRAFT,GENERATED,Format: PHYSICAL,Kategorie: Noten,,,,,,10.00,,EUR,,,,,,,,,,,,,,,,,,,,,,,false,true,,,,,,,false,,false,"Nein, ich w.n.l. Picc-Flöte sp.",,,XLSX_SOT_NORMALIZED,Produktpalette(2).xlsx:XeisWorks,9,EXACT,,false,,,
XW-7005,XW-7005,,,fcc311e8-2f00-5893-a838-110db6233a5c,NOTEN|blechalong #1,HIGH,true,CANONICAL,live,ACTIVE,true,false,,Diverse Blechbesetzungen,Noten,,,,BlechAlong #1,SCORE,physical,,,,,,,,,,PHYSICAL,BlechAlong #1,BlechAlong #1,BLECHALONG_1,BlechAlong #1 ist eine Notenausgabe im XeisWorks-Produktkatalog.,AUTO_DRAFT,GENERATED,Format: PHYSICAL,Kategorie: Noten,,,,,,10.00,,EUR,,,,,,,,,,,,,,,,,,,,,,,false,true,,,,,,,false,,false,BlechAlong #1,,,XLSX_SOT_NORMALIZED,Produktpalette(2).xlsx:XeisWorks,10,EXACT,,false,,,
XW-7006,XW-7006,,,e6ce5ca8-b5ac-58cf-8898-8d85bcef674c,NOTEN|auffi muas i,HIGH,true,CANONICAL,live,ACTIVE,true,false,XeisWorks,Diverse Blechbesetzungen,Noten,,,,Auffi muas i,SCORE,digital,,,,,,,,,,PRINT_AT_HOME,Auffi muas i,Auffi muas i,AUFFI_MUAS_I_P,"Ein Ohrwurm für Tanzlmusi, Kleine Böhmische Besetzung und Gesang...",SOURCE,WIX,"Ein Ohrwurm für Tanzlmusi, Kleine Böhmische Besetzung und Gesang...",,,,,B2B,36.27,10.00,39.90,EUR,ERP_NET,0.00,false,350.0,,,,,,,,,,,,,,,,,,,true,true,product_63757a45-d2d4-9cb8-7a73-e5c2f4193b24,product_63757a45-d2d4-9cb8-7a73-e5c2f4193b24,true,Divers_Blech|B2B,4f718e_28e1411894314596920321544f25e7d3~mv2.jpg|4f718e_77600aa1967243f08064a757ffe00a7a~mv2.jpg|4f718e_cd96fee60fd54b3695dfa576fb399c34~mv2.jpg|4f718e_cdb00692168d49e2a1b6b47d15913f3d~mv2.jpg|4f718e_6eacf12119a3445591c2557b82347232~mv2.jpg|4f718e_88a0e5b28c9243f6a71eab34be3eb2ad~mv2.jpg|4f718e_344129529fa64b7f9d4c260ce151c9eb,"<p>Ein Ohrwurm für Tanzlmusi,&nbsp;Kleine Böhmische Besetzung und Gesang...</p>",true,XeisWorks_Print@Home,false,Auffi muas i,Auffi muas i,Auffi muas i,XLSX_SOT_NORMALIZED,Produktpalette(2).xlsx:XeisWorks,11,EXACT,,false,,,
XW-7007,XW-7007,,,fc744046-a12c-5f94-8ad2-7e15a27506cd,NOTEN|freddie's hymn,HIGH,true,CANONICAL,live,ACTIVE,true,false,da Blechhauf'n,Diverse Blechbesetzungen,Noten,,,,Freddie's Hymn,SCORE,physical,,,,,,,,,,PHYSICAL,Freddie's Hymn,Freddie's Hymn,FREDDIE_S_HYMN,"Komp.: Frederic Chopin, Marcus Pristernik, Albert Wieder
Arr.: Albert Wieder",SOURCE,WIX,Arr.: Albert Wieder,,,,,B2B,29.00,10.00,31.90,EUR,ERP_NET,0.00,false,,,,,,,,,,,,,,,,,,,,true,true,product_a74d6d90-3f24-5055-2b28-d30778a4ae82,product_a74d6d90-3f24-5055-2b28-d30778a4ae82,true,BH - XXL|B2B|Divers_Blech|Blechhauf'n,4f718e_772dda8648894fd291fbc7bc2e3b3db2~mv2.jpg|4f718e_e518b6a092474406953854696bd14b91~mv2.jpg|4f718e_173db71be4254fedb78079276c668fa8~mv2.jpg|4f718e_bc12493a6c7a4649b9ae73bdc07f70e2~mv2.jpg|4f718e_e660e937a8204dafb501d313d261b099~mv2.jpg|4f718e_c6d0edfe558f4de1a4852d984157eb71~mv2.jpg|4f718e_36a4ee4e09a04918814f60827d30450f~mv2.jpg|4f718e_0f6dabab936149e1a1d5f8145ffaabd2,"<p>Komp.:&nbsp;Frederic Chopin, Marcus Pristernik, Albert Wieder<br>Arr.: Albert Wieder</p>",true,Albert,false,Freddie's Hymn,Freddie's Hymn,Freddie's Hymn,XLSX_SOT_NORMALIZED,Produktpalette(2).xlsx:XeisWorks,12,EXACT,,false,,,
XW-7008,XW-7008,,,fa7c2622-e49b-5ae4-95c3-8aec43ba9ea2,RESERVED|XW-7008,LOW,true,CANONICAL,draft,RESERVED,false,false,,Diverse Blechbesetzungen,Reserviert,,,,,RESERVED,physical,,,,,,,,,,PHYSICAL,Reserviert - XW-7008,Reserviert XW-7008,XW-7008,Reserviert - XW-7008 ist eine reservierte Artikelnummer im XW Product Hub.,AUTO_DRAFT,GENERATED,Format: PHYSICAL,,,,,,,10.00,,EUR,,,,,,,,,,,,,,,,,,,,,,,false,false,,,,,,,false,,false,,,,XLSX_SOT_RESERVED,Produktpalette(2).xlsx:XeisWorks,13,RESERVED,,false,,,
XW-7009,XW-7009,,,bfc21078-4307-594c-a786-be176bf3f8e9,RESERVED|XW-7009,LOW,true,CANONICAL,draft,RESERVED,false,false,,Diverse Blechbesetzungen,Reserviert,,,,,RESERVED,physical,,,,,,,,,,PHYSICAL,Reserviert - XW-7009,Reserviert XW-7009,XW-7009,Reserviert - XW-7009 ist eine reservierte Artikelnummer im XW Product Hub.,AUTO_DRAFT,GENERATED,Format: PHYSICAL,,,,,,,10.00,,EUR,,,,,,,,,,,,,,,,,,,,,,,false,false,,,,,,,false,,false,,,,XLSX_SOT_RESERVED,Produktpalette(2).xlsx:XeisWorks,14,RESERVED,,false,,,
XW-7010,XW-7010,,,52669cf9-2a89-5823-805b-28a17a5d411c,RESERVED|XW-7010,LOW,true,CANONICAL,draft,RESERVED,false,false,,Diverse Blechbesetzungen,Reserviert,,,,,RESERVED,physical,,,,,,,,,,PHYSICAL,Reserviert - XW-7010,Reserviert XW-7010,XW-7010,Reserviert - XW-7010 ist eine reservierte Artikelnummer im XW Product Hub.,AUTO_DRAFT,GENERATED,Format: PHYSICAL,,,,,,,10.00,,EUR,,,,,,,,,,,,,,,,,,,,,,,false,false,,,,,,,false,,false,,,,XLSX_SOT_RESERVED,Produktpalette(2).xlsx:XeisWorks,15,RESERVED,,false,,,
